,0
TCHH,0.2539460667786269
AHNAK,0.24772503940714524
APC,0.21811371933650314
CACNA1A,0.15158072596303487
CPEB2,0.1399835036616373
MAGEE1,0.13590540410265026
TP53,0.1273665664497009
KDM6B,0.12547465610353753
KMT2D,0.12051409998615382
TUBGCP6,0.11968991647066021
HLA-A,0.11131405331704727
UBC,0.10668388001681811
HLA-B,0.08852530310533246
MUC1,0.08450357638132765
PABPC1,0.07952021776889494
MTCH2,0.07852096176363618
CACNA1B,0.07536693331651016
NLGN2,0.07366225679080471
SYNE1,0.07085951344796147
RUNX1,0.06712560488368638
HLA-C,0.06654287445465616
TCF7L2,0.06454537588836304
MFHAS1,0.0642149297309445
RXRA,0.06210265860623802
NRXN2,0.06196812388544888
ALMS1,0.06019225290297931
NCOR2,0.0600408696719595
FBXW7,0.05812647353206721
RAPGEFL1,0.055880617790531974
PLEC,0.0555888091941687
PKD1,0.055525468930143665
SVIL,0.05538992076513012
CEL,0.05509013129549969
SPEG,0.05445400502389638
MAP4K1,0.052684024685981136
CACNA1H,0.052317981300180526
RYR1,0.05176597089920244
SFPQ,0.051750072492932175
AGRN,0.051128767843110726
ESRRA,0.04991877877944071
MAST4,0.04990395715765886
SOX9,0.04944290337582072
CAMKK2,0.04837638001016738
GRINA,0.04827744251776029
CES1,0.048251726370566135
HELZ2,0.04713377071052448
MAST2,0.046014801606258426
STAB1,0.0450660277914276
IRS2,0.04500268752740258
ATXN1,0.04498488891321155
CREBBP,0.04472570055282116
AR,0.04469105342839946
EFS,0.04421714157296425
COL6A3,0.04380561987759367
CFTR,0.04358595584195489
EGFR,0.0434771372683599
MADCAM1,0.043171393813911114
KRT15,0.042976495821506124
F5,0.042844938093126145
CELSR1,0.04282416248652594
GNAS,0.04280040988751656
UNC13B,0.04265694418949988
ZBTB10,0.042575805311283826
WIZ,0.042269111752874663
PCLO,0.042233577864756636
WNK4,0.04170221638985071
USH1C,0.041293608346625287
MYO15A,0.040483359689217194
CDC42EP1,0.04016969870176528
COL6A2,0.03977496217636134
DST,0.039529645333792426
SBNO2,0.03944153902653362
ZMIZ1,0.039428680952936536
TRIO,0.03911210631333948
OGFR,0.039048766049314454
PRDM2,0.03892708940212238
ABCA2,0.0388489275163155
NOTCH3,0.038508600277709054
VEGFA,0.03849966930048153
MKI67,0.038498719196521154
RYR2,0.03809809202656288
CROCC,0.037699301724261336
PAX6,0.03768840719884903
IFITM3,0.037602327780039024
COL8A2,0.03751922535363819
GREB1,0.03746285251865593
TNIP1,0.037308492295226946
KCNH2,0.03679898321140966
TNS1,0.036739633384018214
AUTS2,0.03642204530019675
POLR2A,0.036281556594589245
PRKDC,0.03627465250581052
MAPKAPK2,0.036241968929573605
KDM4B,0.03621625278237945
KCNMA1,0.03616976102858509
NOP2,0.036067846543768815
RNF213,0.03591849020119782
KLF2,0.03572156532034402
LRP1,0.03553363475698177
FLT4,0.03551184570615717
CEBPA,0.03549797418833569
INHBB,0.035485116114738605
MARCKS,0.035357485482728185
MAP6,0.03535254494213423
SH2B1,0.03507948506392236
WAS,0.03500132317811548
MXRA5,0.034925188180757405
COL5A1,0.03481535616293801
ACLY,0.034665936480102987
VCAN,0.03428507147252052
SIRPA,0.03398426855866569
MAML2,0.03396646994447466
TCOF1,0.033909083665267986
ACVR2A,0.033880390525664654
COL5A3,0.03378740701807592
NOTCH4,0.033745855804875505
TPSAB1,0.033653822401247147
MMP9,0.032983049005222156
SLC23A2,0.03270207159400715
CASP8AP2,0.03260015710919089
TGFBR2,0.032598193561006114
PLXNB2,0.032328110675203414
CELSR2,0.03229447699500612
PREX1,0.0321460707563955
IL32,0.03213219923857402
NEFH,0.032044156271579236
ADGRA2,0.03181461115475255
TNC,0.03178990845178279
HIPK2,0.03146142584254903
IDUA,0.03139612203033923
NSD2,0.031029065200314218
MYO9B,0.030832203659724448
LTBP2,0.03074910123332362
SPTBN2,0.0307075500201232
PALLD,0.030283106910891523
WDR90,0.030059515778883193
FASN,0.03005457523828924
SPTB,0.030016001017497997
MYH11,0.02985473670529029
DTX2,0.02985372326106589
MAP3K11,0.029754785768658806
KCNQ2,0.029372907316851948
VPS37B,0.02926307529903255
TIAM1,0.02924331313665675
ADAMTS5,0.029219560537647366
MAGI2,0.0290533556848457
SHOX2,0.028969239814220473
AEBP1,0.028964299273626516
VASP,0.02882083357560984
ATAD2,0.028727850068021112
FLNC,0.028700170372642178
SHROOM2,0.028686298854820692
TARP,0.028672427336999214
LATS2,0.028641770649211102
CASP5,0.028542833156804014
ATP4A,0.028537892616210068
BRCA2,0.028507235928421956
COL7A1,0.028494377854824872
MAPK8IP2,0.02847752934459422
LAMA1,0.028463721167036764
RREB1,0.028392463370008614
NOTCH1,0.02832025546902009
CFH,0.028275727263410495
TAF1C,0.028261855745589017
GP1BA,0.02823316260598568
ADRA1B,0.028204469466382342
ADRA2C,0.028084756367375053
ITGB4,0.02804124160598986
COL6A1,0.02794724465417673
DOP1A,0.02788688138256088
CRYBG1,0.02788688138256088
ADAMTS1,0.02780675594856923
PCNT,0.027786993786193426
RPL22,0.027679125316558806
POM121,0.027575247283557765
SNAPC4,0.027554471676957563
PIK3CD,0.027546554143954433
ABCA4,0.027518874448575495
KNL1,0.02749410840534171
MST1,0.02749410840534171
MALL,0.027481250331744634
SH2B2,0.027481250331744634
FZD2,0.027476309791150677
MAP3K1,0.027354633143958612
CCNK,0.027299210412936713
SYCP1,0.02721908497894506
MAPT,0.02711222995353485
DENND2B,0.027101335428122545
PBX2,0.027096394887528595
LCT,0.027042999044955496
HRC,0.027029127527134017
ABCA3,0.02702418698654007
SORBS2,0.026896556354529644
CIITA,0.026896556354529644
CEP131,0.026781783796116305
FBN2,0.026780833692155934
MAP1B,0.02675410410073737
JAG2,0.026740232582915892
ADGRL2,0.02670856245090338
AXIN2,0.026698681369715472
PML,0.026690763836712345
TSC2,0.026672965222521314
LAMA2,0.026590876240344882
INSM1,0.026555215671698797
BMPR2,0.026537417057507763
ABCC5,0.026503783377310478
LMO2,0.026464195712294837
AKAP12,0.02630096785190236
PGR,0.02627227471229902
POLE,0.026142680532103824
LAMC1,0.026090234793491103
MAP3K6,0.02604570658788151
ABL1,0.026012072907684227
PKHD1,0.025998264730126765
NFASC,0.025924029940689448
DLC1,0.025890396260492155
HAS1,0.025814197922870055
COL15A1,0.02581223437468528
IGF2R,0.025770683161484866
MTOR,0.025633171448286543
RELN,0.025613409285910736
SYNJ2,0.02558566625026777
IRS4,0.025580725709673822
DOCK10,0.025468930143669653
ABCC8,0.025468930143669653
RANBP9,0.02545505862584817
NOS1,0.025380887176674874
INPPL1,0.025367015658853395
RET,0.025362075118259438
CDK13,0.025255220092849223
RETSAT,0.025210691887239633
DYNC1H1,0.025165213577669668
CDH4,0.025096932773050695
ZNF292,0.025034605953250074
SMC6,0.025028651968431723
FBLN2,0.02497424268163423
CYFIP1,0.024903998328830477
POLD1,0.024805060836423393
THBD,0.024781308237414007
ATP2A1,0.0247714271562261
COL4A2,0.024717017869428603
MEFV,0.024688324729825274
MAST3,0.02464379652421568
ANK1,0.024553790009036118
TAP2,0.024529023965802338
ARAP3,0.02451914288461443
ARFGEF2,0.024485509204417145
GUCY1B1,0.024351924587588374
TOGARAM1,0.024351924587588374
VPS50,0.024351924587588374
TENM2,0.024309423270427587
BMP1,0.02429257476019693
VHL,-0.024292511419932904
PLEKHG2,0.024258941079999645
ACTN4,0.02415208605458943
SCUBE1,0.02413922798099235
PIK3CA,0.02409381301168642
KIF13B,0.024076901161191724
FN1,0.02407493761300695
NUMA1,0.024056125554591516
COL11A1,0.024002729712018424
DLG5,0.023973023128190683
MYL1,0.02395421106977525
PFKP,0.023842415503771086
PHLDB1,0.02381669935657693
NKX6-1,0.02378502922456442
ZNRF4,0.02378008868397047
PPRC1,0.0237335969301761
PPP2R5B,0.023709844331166716
CDH2,0.023692045716975686
NIPBL,0.02363269588958424
ABCC4,0.02361388383116881
CDH15,0.023598048765162548
ADCY1,0.023588167683974644
PER1,0.02358519069156547
BCL11B,0.02358519069156547
DIAPH3,0.0234526195189611
CDH8,0.02345065597077632
NRAP,0.02343976144536402
SLIT3,0.02342196283117299
SMTN,0.023345764493550886
ABCA9,0.02332796587935985
FBN1,0.023242899904774246
DOCK2,0.023242899904774246
MYLK,0.023239922912365072
BCR,0.02323396892754672
AGO4,0.02322605139454359
ADGRE1,0.023173605655930872
SRPRA,0.023173605655930872
PLOD3,0.023135031435139633
CAMK2B,0.023127113902136506
IL16,0.023109315287945475
MYOM2,0.023078658600157363
CRMP1,0.0230519290087388
SPTBN1,0.022971803574747148
ITSN1,0.022955968508740893
CACNA1F,0.022943110435143813
DMD,0.022900609117983015
DNMBP,0.02280756227013027
ELOA,0.022780832678711706
ELP1,0.022780832678711706
FTCD,0.022775892138117752
PTCH1,0.0227610705163359
CDK5RAP2,0.022745235450329637
SYNPO,0.022742258457920467
CSF2RA,0.02270862477772318
TBCD,0.022679931638119842
IL9R,0.02264332096551338
NR4A3,0.02264332096551338
CDKN1C,0.02259879275990379
NLRC5,0.022579030597527982
PDS5B,0.0225552779985186
TRIP10,0.022552301006109422
PTPN21,0.022518667325912137
COL3A1,0.02251670377772736
CKAP4,0.02250283225990588
ATP1A1,0.02246919857970859
SLC19A1,0.022453363513702338
NID2,0.02245139996551756
DOCK4,0.022438541891920485
LIPE,0.022427647366508176
IDH1,-0.022413712508422674
PCDH7,0.022401931219314018
NIBAN1,0.022388059701492536
COL4A1,0.02237621507211986
IGSF3,0.022373238079710683
ATP6V0A4,0.022357403013704428
NIN,0.02235246247311047
SCN10A,0.022332700310734664
ABI3BP,0.022295076193903807
BAX,0.0222841816684915
PLXNB1,0.022261442513706514
GAA,0.022208996775093796
RRP12,0.022105118742092762
TUBGCP3,0.022026956856285883
PPP1R2,0.022023979863876705
ACTN3,0.02199528672427337
FYB1,0.02199528672427337
ATF5,0.021982428650676292
NFAT5,0.02192307882328484
SHROOM1,0.02189932622427546
KALRN,0.021890458587311958
CD209,0.02188646815067838
KIFC3,0.021849857478071916
POR,0.021849857478071916
FAM120A,0.021774672584674214
KHSRP,0.02170936877246442
HDAC5,0.021696510698867334
MYH10,0.021673771544082353
THBS2,0.021645078404479018
ITPR2,0.021627279790287987
ADGRL4,0.021602513747054203
LAMA4,0.021533282838474856
ZFPM2,0.02148679108468049
SCN9A,0.02148185054408653
IRS1,0.021447203419664843
GSPT1,0.021407615754649206
MYO1C,0.021373982074451917
KAZN,0.021353206467851712
SORBS1,0.02134826592725776
C3,0.021325526772472778
HDLBP,0.021306714714057345
IKZF1,0.021298797181054218
ABCA6,0.02129385664046026
NEDD4,0.02129087964805109
TRIM33,0.02126218650844775
LMAN1,0.021254268975444628
ATXN2,0.021249328434850678
KIF20B,0.021223612287656513
FUS,0.021064311523633583
TMEM8B,0.021064311523633583
RICTOR,0.021054430442445676
CAD,0.02100793868865131
LAMC2,0.0209762685566388
LAMA3,0.020927813254659658
PPFIA4,0.020926799810435263
CNTRL,0.020921859269841307
PLCG1,0.02088524859723484
ARHGEF11,0.020872390523637766
CIT,0.0208466743764436
SEC31A,0.0208357798510313
TARS1,0.020816967792615867
NCOA3,0.020760594957633598
BMP2K,0.020736842358624216
SCAF4,0.02061218871902297
ODF1,0.020609211726613792
PTPRG,0.02059141311242276
CNTN1,0.020586472571828808
BAIAP2,0.020538967373810044
NOD1,0.020443006873812133
PARP14,0.020409373193614844
ERBB2,0.02038859758701464
DGKH,0.020385620594605462
HMMR,0.02035692745500213
TRIM28,0.02033615184840192
COL12A1,0.02031936667843528
IGF1R,0.020297577627610683
KCNK15,0.020242154896588784
NTRK3,0.02012345524180589
A2M,0.02012345524180589
XPOT,0.020112560716393585
COL16A1,0.0200789270361963
COG2,0.020075950043787122
FLNA,0.020056187881411315
SEPTIN4,0.020031421838177535
GRK2,0.020031421838177535
KRT1,0.02002154075698963
NCAM1,0.02000868268339255
GNAO1,0.01997701255138004
PCSK4,0.01995623694477983
SPTA1,0.019922666604846567
NPHP1,0.01992260326458254
RAP1GAP,0.01989391012497921
NAV2,0.01984545482300007
WEE1,0.019815748239172332
TG,0.019773246922011545
VWF,0.01975741185600529
BRAF,0.01970401601343219
SEMA3B,0.019638648860958365
EPRS1,0.019638648860958365
PRKN,0.019638648860958365
SYMPK,0.019566440959969837
AGXT,0.019542688360960455
TNRC6B,0.019512031673172343
REV3L,0.019507091132578393
CANX,0.019493219614756915
TFAP2B,0.019488279074162958
ABCA5,0.01948333853356901
SRM,0.01946452647515358
PTK2B,0.019446727860962548
GCNT2,0.019402199655352954
ABCA8,0.019387378033571098
LSP1,0.01937350651574962
DOCK9,0.019371542967564843
PHF3,0.019350767360964635
LCP2,0.019339872835552333
C1R,0.019339872835552333
CDC7,0.019311179695948998
UTP20,0.01929635807416714
ATP2B4,0.019293381081757967
MED13L,0.019288440541164013
MATN2,0.01928546354875484
DPYSL3,0.019248852876148373
MAP3K20,0.0192458758837392
SPON1,0.0192458758837392
GUCY1A1,0.0192458758837392
MARCHF6,0.0192458758837392
GABBR1,0.01924391233555442
ACTN2,0.01921819618836026
EPHB4,0.01919444358935088
RPS6KA2,0.019186526056347755
ADCY6,0.019186526056347755
PDLIM5,0.019178608523344624
FOXO1,0.01914991538374129
XYLT2,0.019137057310144208
PFKL,0.019129139777141084
MADD,0.019119258695953177
COL17A1,0.019119258695953177
COL2A1,0.019098483089352972
FLII,0.01909550609694379
MON2,0.019082648023346714
SLC22A18,0.0190509778913342
CCDC88A,0.019049014343149425
ITGA6,0.019004486137539835
HGFAC,0.018996568604536707
FZD8,0.01898865107153358
CLIP2,0.018983710530939626
DENND5A,0.018934241784736086
XPC,0.01891840671872983
RNF123,0.018913466178135878
PCM1,0.018892690571535673
ADCY9,0.01888775003094172
CR1,0.01886995141675069
COQ8A,0.018853102906520033
NOP14,0.018814528685728794
SLC12A2,0.018793753079128582
AMPH,0.018788812538534632
EIF3A,0.018772977472528377
SLC25A28,0.018749224873518995
AP3B1,0.018723508726324833
FGFR3,0.018702733119724625
FBLN1,0.018681957513124417
SAMD9L,0.018679993964939644
RAPGEF3,0.018674039980121293
SLC12A3,0.01864832383292713
CEP192,0.01863546575933005
CASP8,0.01857016194712026
COMP,0.018554326881113997
PAPOLB,0.018533551274513792
ARFGEF1,0.01852367019332589
LRPPRC,0.0184999175943165
CDSN,0.018460329929300863
SKI,0.01845538938870691
ABCA1,0.018440567766925056
FOXC1,0.018426696249103577
LHX2,0.01833567628969962
POSTN,0.018325795208511717
ITGB2,0.01831787767550859
KIF5A,0.01831787767550859
PIF1,0.018314900683099412
ZBTB17,0.018314900683099412
NOD2,0.018305019601911506
PAXIP1,0.018302042609502328
SOX10,0.018273349469898996
AXL,0.018255550855707965
TRO,0.018221917175510676
SIPA1L1,0.018216976634916726
DAAM1,0.018198164576501294
LSS,0.01818232951049504
RAPGEF5,0.01818232951049504
MLH1,0.018140778297294623
PKP1,0.018140778297294623
HR,0.018127920223697545
PDE4DIP,0.018103217520727785
ITGA3,0.01809922708409421
SLIT2,0.01805868931511819
MYH7,0.018017138101917782
JAK2,0.017995349051093172
SLC3A2,0.017942903312480454
GLI1,0.01791224662469234
FZD1,0.017909269632283162
ADAM12,0.017904329091689215
SLC4A1,0.017904329091689215
NCAPD2,0.017875635952085876
ITGAE,0.017854860345485668
PKD2,0.017818249672879205
UNC5C,0.01780045105868817
SOX3,0.017789556533275873
NEXN,0.017748005320075456
CDH13,0.017743064779481503
FGF2,0.017724252721066074
MAP1S,0.017714371639878167
JAK1,0.017714371639878167
PLCB2,0.017693596033277956
TOPBP1,0.017693596033277956
TENT4A,0.01767478397486253
NECTIN3,0.01767478397486253
IARS1,0.01767478397486253
CNOT2,0.017669843434268577
GFPT2,0.017615434147471083
EIF3B,0.017607516614467952
ABCB4,0.01760555306628318
FGD6,0.017602576073874006
COIL,0.017599599081464825
CHPF2,0.017586741007867748
AKAP13,0.01757983691908902
SIRT1,0.01757882347486462
KIF1B,0.01757685992667984
ICAM5,0.017558047868264412
GOLGA4,0.017519473647473173
TAOK2,0.01751155611447005
STAG3,0.01748286297486671
ADAM8,0.017459110375857328
OSMR,0.017449229294669424
HTRA1,0.017305763596652746
YBX2,0.01729784606364962
DMPK,0.01729784606364962
P3H1,0.01728201099764336
GUCY2D,0.017272129916455457
LOXL1,0.017269152924046283
COL1A2,0.017257308294673604
ESR1,0.017243436776852125
ABCC2,0.017238496236258168
PRDM1,0.01723057870325504
SLC12A4,0.017222661170251917
GEMIN4,0.017214743637248786
CLSTN3,0.017209803096654833
FETUB,0.017144499284445038
B2M,0.017095030538241494
ITIH3,0.017082172464644416
RPTOR,0.017056456317450258
ANKZF1,0.01704556179203795
ARRB2,0.017037644259034826
RPL14,0.017008951119431487
CDON,0.016999070038243587
SLC2A6,0.0169753174392342
COL5A2,0.016968413350455472
ARHGAP27,0.016954541832633993
TEX15,0.016942697203261317
KIF3B,0.016920908152436707
IPO4,0.01689221501283337
NECTIN1,0.016889238020424194
CLCA2,0.01687935693923629
TGFBRAP1,0.01687935693923629
SLC24A3,0.016817030119435666
FLNB,0.01681506657125089
IFRD1,0.01676458438082295
CBX3,0.016735891241219613
TLE1,0.016730950700625663
EIF2AK3,0.016718092627028586
ITGA5,0.016718092627028586
MARK4,0.016710175094025455
IFNGR2,0.016694340028019197
CENPJ,0.01667654141382817
NUP205,0.016671600873234212
SDAD1,0.016652788814818784
EPHB2,0.01665082526663401
TOP2A,0.016647848274224834
RAB34,0.016624095675215448
HLA-DRB1,0.01661123760161837
AGO2,0.01660629706102442
SYTL2,0.01658552145442421
FOXC2,0.01658254446201503
TMPRSS6,0.016556828314820873
CENPE,0.01654694723363297
MYH3,0.016534089160035893
EPS8L2,0.01652021764221441
KCNN1,0.01652021764221441
ANO1,0.016515277101620457
CEP250,0.016510336561026503
CHST2,0.016499442035614202
MARK2,0.016499442035614202
PEG3,0.016498491931653834
MDGA1,0.01649450149502025
ACE,0.016489560954426302
ABR,0.016486583962017125
IL17RA,0.016478666429013994
GART,0.016478666429013994
PIK3CG,0.01643515166762881
CTTN,0.016429197682810454
E2F3,0.016421280149807323
PTPN14,0.01636193032241588
DVL2,0.0163589533300067
RALGDS,0.0163589533300067
E2F4,0.016343118264000447
ATP8B1,0.01632531964980942
INPP5F,0.01629662651020608
BCAM,0.01629662651020608
MYH2,0.016287758873242568
P2RX7,0.016280791444199826
ITIH5,0.016265969822417972
EXO1,0.016255075297005664
THSD4,0.016242217223408583
MTA1,0.01623924023099941
MYBBP1A,0.016234299690405456
PTPRJ,0.01620066601020817
SULF2,0.01617197287060483
ADAM19,0.0161432797310015
ALDH1L1,0.01613042165740442
ABCB9,0.016098751525391905
KHNYN,0.016098751525391905
PLCL1,0.01608392990361005
EGF,0.016080952911200874
MAP4K2,0.0160779759187917
CDH11,0.016063154297009843
JAG1,0.01606017730460067
MYBPC3,0.016052259771597542
KCNA3,0.016052259771597542
NRP1,0.016052259771597542
NPC1,0.016031484164997334
BAG3,0.016028507172588156
ACACA,0.01602160308380943
WIPF1,0.01601564909899108
PYGL,0.01599487349239087
EPHA2,0.01598993295179692
LOXL2,0.01598201541879379
ADCY2,0.015980051870609017
GBF1,0.01597707487819984
OGDH,0.015969157345196713
POLD3,0.015958262819784408
NUP153,0.015940464205593377
ERBB3,0.015935523664999427
ARHGAP4,0.015875160393383575
VEZF1,0.01586724286038045
TJP3,0.015862302319786498
ALDH3A1,0.015846467253780243
TCF7L1,0.015846467253780243
SPTAN1,0.015839563165001513
ZNF365,0.015812833573582957
ADD2,0.015779199893385665
PRKCG,0.01576634181978859
CDC5L,0.01576336482737941
BMP6,0.01571389608117587
TKFC,0.015710919088766692
SEC22B,0.015710919088766692
AARS1,0.015710919088766692
ADAR,0.015680262400978584
IQGAP2,0.01567532186038463
F13A1,0.015667404327381503
SMURF2,0.015664427334972326
EOMES,0.015664427334972326
SSTR4,0.015659486794378376
IFIH1,0.015651569261375245
DPYSL2,0.01563573419536899
ALOX12B,0.015622876121771913
PCSK1N,0.015619899129362734
ABCG2,0.015602100515171703
HK2,0.015518998088770875
CYP4F2,0.015518998088770875
POMC,0.01549524548976149
MOCOS,0.015490304949167538
TTK,0.015490304949167538
ASCL1,0.015466552350158156
RABGAP1,0.015448753735967121
RBL1,0.01542006059636379
VAV2,0.01542006059636379
FARP1,0.015415120055769838
D2HGDH,0.015383449923757325
SCN8A,0.015360710768972344
ETV5,0.015341898710556908
PLK2,0.015341898710556908
CYP2E1,0.015341898710556908
PDK2,0.015326063644550653
LARGE1,0.015318146111547526
RAD9A,0.015305288037950447
EZR,0.015292429964353364
TMPO,0.015263736824750032
TLE3,0.015250878751152953
PEX6,0.015230103144552743
LONP1,0.015222185611549616
ESPL1,0.015220222063364836
KDM7A,0.015209327537952537
PFKM,0.01520141000494941
DLAT,0.015193492471946282
MYOM1,0.015178670850164423
LDB3,0.01516777632475212
NCAN,0.015149977710561088
ARHGEF12,0.015134142644554833
POLQ,0.01513217909637006
FGFR1,0.015118307578548578
PURA,0.015115330586139402
HK1,0.015097531971948372
ANLN,0.015055980758747955
SERPINB6,0.01505300376633878
B3GALT6,0.015045086233335652
KAT2A,0.015040145692741702
CYP4A11,0.01503520515214775
ARPP21,0.015030264611553799
SLC4A4,0.01500157147195046
TMCC2,0.014998594479541286
ADRA2B,0.014998594479541286
SMC1A,0.014985736405944207
CTNNB1,0.014970914784162348
RBM14,0.014949125733337742
NOS2,0.014931327119146711
KMT5A,0.014925373134328358
SEPTIN9,0.014925373134328358
PECAM1,0.014925373134328358
FURIN,0.014899656987134198
NRCAM,0.014881858372943164
LTBP1,0.014871977291755264
WFS1,0.01486602330693691
AFF1,0.014853165233339832
AMFR,0.014850188240930654
USP11,0.014845247700336704
PPARGC1A,0.014832389626739627
PCSK1,0.014824472093736498
IL17RB,0.014821495101327322
ITGA10,0.014819531553142543
PLK1,0.01480863702773024
SUN2,0.01480863702773024
SLC34A3,0.014779943888126906
SASS6,0.014759168281526697
RTN3,0.014754227740932746
CACNA2D2,0.014754227740932746
SCUBE2,0.014754227740932746
DPYSL4,0.014725534601329412
ALS2,0.014720594060735455
GSN,0.014717617068326284
LATS1,0.014712676527732333
BCL3,0.014709699535323157
RNF31,0.014683983388128995
PKP3,0.01466814832212274
SLC2A3,0.014655290248525661
SLC6A3,0.014650349707931706
TCIRG1,0.014647372715522532
STAT5A,0.014639455182519405
TBK1,0.014618679575919197
SIRT6,0.01461076204291607
ILF3,0.01458504589572191
HUWE1,0.014576178258758406
EPHB3,0.01457218782212483
SMAD7,0.014569210829715655
SLIT1,0.014567247281530877
FES,0.014556352756118576
PDE6B,0.014551412215524624
SHH,0.014548435223115448
KATNB1,0.014548435223115448
MRE11,0.014532600157109192
MTREX,0.014532600157109192
MMP12,0.014532600157109192
SMAD6,0.01451974208351211
AGPAT4,0.014506884009915032
WNT16,0.014506884009915032
NPHS1,0.014504920461730252
SLAMF1,0.014486108403314824
ALOX15B,0.014465332796714617
CCP110,0.014465332796714617
BARD1,0.01444455719011441
VAV3,0.014431699116517328
NCOA6,0.014429735568332557
TIMP1,0.014420804591105025
NUP98,0.014405982969323168
ZC3H14,0.014395088443910867
PHLDA1,0.014358477771304404
DTX1,0.014340679157113373
PSMD8,0.014329784631701066
DCBLD2,0.014324844091107115
ANTXR2,0.014316926558103987
APOE,0.01430900902510086
SMAD3,0.014304068484506908
COL9A1,0.014294187403319007
PARD6G,0.014288233418500653
DLL1,0.014283292877906702
ARID4A,0.01425757673071254
SMARCC1,0.01421304852510295
TIMELESS,0.014208107984508996
PROC,0.014205130992099822
PIK3R5,0.01420019045150587
DDX10,0.014184355385499616
RFC1,0.014179414844905664
AMH,0.014168520319493358
MMP3,0.014163579778899406
COLGALT1,0.014155662245896278
PCDH1,0.014145781164708372
TOMM70,0.014139827179890024
RGS11,0.014126969106292945
PC,0.01411708802510504
WASL,0.014114111032695862
PLG,0.01408345434490775
TYK2,0.014075536811904623
ILVBL,0.01407255981949545
FPR1,0.01407255981949545
TLR6,0.01407255981949545
ARHGAP29,0.014067619278901499
SPAG4,0.014064642286492322
FOXN3,0.014064642286492322
HNRNPU,0.014023091073291907
L1CAM,0.01402112752510713
VCL,0.014010232999694828
RXRB,0.01399439793368857
EIF4G1,0.013992434385503797
TUBA3C,0.013992434385503797
TMEM158,0.013978562867682315
CBX8,0.013973622327088365
CYFIP2,0.013963741245900461
RABGAP1L,0.013960764253491286
NDST3,0.01395582371289733
MMS22L,0.013947906179894203
MTRR,0.013939988646891076
TGIF1,0.013924153580884821
CDC25B,0.013903377974284615
NUB1,0.013903377974284615
TBC1D30,0.013887542908278358
TFAP2C,0.013882602367684405
GLDC,0.013877661827090453
TNFRSF8,0.013869744294087325
IFNAR2,0.013853909228081072
CD3G,0.01384599169507794
NADSYN1,0.013841051154483988
EXOSC10,0.013841051154483988
EGR3,0.01383313362148086
HDAC9,0.013826229532702135
SNAP91,0.01381533500728983
RAD50,0.013786641867686494
MLLT10,0.013778724334683367
MPP2,0.01377080680168024
RHOT2,0.013762889268677112
MAPK11,0.013754971735673985
FBXO34,0.013750031195080033
SSH2,0.013724315047885873
MET,0.01371937450729192
PRPF4B,0.013708479981879618
ST14,0.013708479981879618
PEX11G,0.013705502989470441
TRIM58,0.013703539441285665
MAML1,0.013687704375279412
PYGB,0.013687704375279412
CFB,0.013679786842276281
SEMA4D,0.01367484630168233
CTSF,0.013671869309273152
TLR3,0.013666928768679202
ANKRD2,0.01364317616966982
F8,0.013639249073300268
SWAP70,0.01362240056306961
COL1A1,0.013620437014884836
INCENP,0.013617460022475658
CHFR,0.01360954248947253
MCM7,0.013588766882872324
DGKG,0.013583826342278374
FGD4,0.01354721566967191
CTNNA1,0.01354721566967191
SAMD9,0.013532394047890056
PIDD1,0.013531380603665655
SYNJ1,0.01350072391587754
IL27RA,0.013497746923468366
TSC22D1,0.013497746923468366
DDX60,0.013479948309277335
RAPGEF6,0.013472030776274204
TULP2,0.01346905378386503
HSP90B1,0.01346905378386503
TNFAIP2,0.013461136250861903
PACRG,0.013461136250861903
MAP2K3,0.013456195710267951
WNT1,0.013432443111258567
ROCK1,0.013430479563073788
PIK3CB,0.013414644497067535
GAL3ST1,0.013406726964064407
DTX4,0.01339880943106128
FOXO3,0.013370116291457946
PLAU,0.01335428122545169
RARS1,0.01335428122545169
CAVIN2,0.01335428122545169
RBSN,0.01335428122545169
RETREG1,0.01335428122545169
NECTIN4,0.01335428122545169
KARS1,0.01335428122545169
PDHX,0.013349340684857736
DEF6,0.013349340684857736
PMS2,0.01332362453766358
EVL,0.013299871938654194
AKR1B10,0.013279096332053986
NELFB,0.013279096332053986
AMOT,0.013261297717862958
GRK5,0.013258320725453781
FAH,0.013258320725453781
NNT,0.013253380184859826
CEBPB,0.013242485659447524
SMOX,0.013195993905653155
MPHOSPH10,0.013195993905653155
ADCYAP1,0.013180158839646901
ABCC1,0.013178195291462122
MMP15,0.01316730076604982
LRIG1,0.013157419684861917
CANT1,0.013138607626446485
OPA1,0.013125749552849406
PYGM,0.013120809012255454
HLA-DQA1,0.013109914486843151
EIF4G3,0.013107950938658373
ACTN1,0.0131049739462492
ITGBL1,0.0131049739462492
CBFA2T3,0.0131049739462492
CDKN2AIP,0.013089138880242941
ETV1,0.01308419833964899
ACADVL,0.013068363273642736
KYNU,0.013063422733048785
XPO7,0.013063422733048785
RHBDF2,0.013055505200045656
CLTC,0.013050564659451706
PRKAR2B,0.013047587667042528
DNMT1,0.013045624118857749
OPRK1,0.013042647126448578
IGFBP2,0.013039670134039397
TDRD7,0.013034729593445447
RTN1,0.013029789052851494
SERPINE1,0.01302681206044232
EHHADH,0.013013953986845241
APBB1,0.013013953986845241
AK2,0.012998118920838986
ROS1,0.012994191824469432
NRIP1,0.012980320306647952
AMIGO2,0.012961508248232521
NECTIN2,0.012961508248232521
USP1,0.01295656770763857
IL13RA1,0.01295656770763857
HYOU1,0.012951627167044618
C5,0.01293876909344754
ITGA2,0.01293085156044441
ERN1,0.012922934027441282
NFX1,0.012922934027441282
SLC22A12,0.012922934027441282
ITGB7,0.012915016494438155
AP4B1,0.012894240887837949
CFD,0.012870488288828565
ZYX,0.012865547748234611
TUBB2B,0.012857630215231484
MSH5,0.012852689674637532
MMP2,0.012839831601040453
IL6ST,0.012831914068037326
SLC30A10,0.012816079002031067
FSCN1,0.012816079002031067
ARID5B,0.012806197920843164
PCSK9,0.012803220928433988
CCSER2,0.012803220928433988
ARHGAP5,0.012793339847246083
AXIN1,0.012790362854836911
CALD1,0.012790362854836911
ZAP70,0.012790362854836911
MAK,0.012774527788830654
CDC42BPA,0.01275672917463962
DEPDC1,0.012753752182230446
BEST1,0.012745834649227319
IFIT2,0.012704283436026902
PAK4,0.012704283436026902
IL4R,0.01269934289543295
ITGAV,0.01269934289543295
TRIM5,0.012683507829426698
TBRG4,0.01267559029642357
KIF22,0.012654814689823358
SHE,0.012654814689823358
EXT1,0.012649874149229409
CLASP1,0.012637016075632328
EPB41L3,0.012627134994444428
IGSF1,0.012627134994444428
ITGA7,0.012624158002035247
BCAR1,0.012600405403025865
FJX1,0.01259742841061669
ARHGDIA,0.01259742841061669
MAPK12,0.012576652804016483
H1-2,0.012568735271013355
GSDME,0.012568735271013355
HDAC6,0.012566771722828579
USO1,0.012563794730419403
TUBGCP2,0.012558854189825452
PTGIR,0.012543019123819193
MMP8,0.012522243517218989
SHC1,0.012522243517218989
ATRN,0.012517302976625037
OSBP2,0.01250938544362191
SELP,0.012504444903027954
CLIP1,0.012504444903027954
DLG4,0.012501467910618779
INPP4B,0.012496527370024827
GRM8,0.012494563821840055
NCBP1,0.01249355037761565
DDX4,0.012480692304018572
DSC3,0.012475751763424622
SCARB1,0.012472774771015445
RASA2,0.012459916697418366
KIF23,0.012451999164415238
ADD3,0.012451999164415238
CYP4B1,0.012447058623821283
HKDC1,0.012447058623821283
ITGA4,0.012442118083227337
HERC6,0.012439141090818156
EIF2AK1,0.012431223557815028
PAOX,0.012423306024811901
CHGA,0.012423306024811901
SLC1A5,0.012423306024811901
CYP7B1,0.01241836548421795
IL15RA,0.012415388491808774
CAST,0.012402530418211696
BCL6,0.012397589877617745
SLC2A8,0.012394612885208565
LFNG,0.012394612885208565
EPHA5,0.01238276825583589
RABEP1,0.012381754811611485
OPTN,0.012381754811611485
CYP4A22,0.012368896738014407
PIGQ,0.01236097920501128
TCF7,0.012353061672008152
DES,0.012353061672008152
GATA3,0.012351098123823376
TGFB1,0.012345144139005023
MSR1,0.012335263057817118
CLCN2,0.01232734552481399
AKAP7,0.012303592925804609
ITGAM,0.01230162937761983
PAM,0.012298652385210657
MID1,0.012290734852207531
C8A,0.012285794311613576
SAMM50,0.0122828173192044
RHD,0.0122828173192044
PEX14,0.0122828173192044
WRN,0.012272936238016497
CTNND1,0.01226501870501337
ARHGEF7,0.012257101172010242
LPAR6,0.012254124179601065
MLYCD,0.012233348573000857
HDAC2,0.012233348573000857
NLRP3,0.012221503943628177
BRDT,0.012215549958809826
SPOCK2,0.01221257296640065
NBN,0.012199714892803571
SUCLG2,0.012191797359800444
CYP26B1,0.012178939286203361
CAPN9,0.012178939286203361
MIGA2,0.012175962293794187
NUP58,0.012175962293794187
NR1D2,0.012171021753200234
DHX58,0.012171021753200234
KIF5C,0.012166081212606282
XPO1,0.012158163679603155
HMGCR,0.012150246146600027
GAD1,0.01213738807300295
CENPF,0.01213048398422422
PMEPA1,0.012129470539999822
ATP1A3,0.012119589458811919
MVP,0.01211661246640274
MTF2,0.012100777400396483
CASQ2,0.012100777400396483
FUT4,0.012092859867393358
SYK,0.012087919326799406
MEF2A,0.012080001793796279
MSC,0.012072084260793148
SLC16A6,0.012059226187196069
MYOF,0.012057262639011298
CRLF1,0.012051308654192941
F7,0.012038450580595862
SGCE,0.012030533047592735
PKM,0.012030533047592735
NTM,0.012025592506998783
SFRP4,0.012017674973995652
PGM1,0.012009757440992527
PAN2,0.012004816900398575
ALDH3B1,0.0120018399079894
STIL,0.011984041293798368
MEP1A,0.011984041293798368
CLCN3,0.011976123760795241
ACSL1,0.011968206227792114
PNN,0.011968206227792114
TLE4,0.011963265687198158
AKAP10,0.011960288694788983
MMP16,0.01195040761360108
NELFCD,0.011939513088188776
ACOX1,0.01191873748158857
ABCB11,0.011908856400400663
XBP1,0.011902902415582313
TH,0.011897961874988362
PPM1D,0.011897961874988362
ECM1,0.011897961874988362
FOSB,0.011890044341985234
MYBL2,0.011885103801391282
HSP90AB1,0.011885103801391282
PLPPR4,0.01188016326079733
HTR5A,0.011872245727794203
AKT3,0.011848493128784818
ZNFX1,0.011846529580600042
CKAP5,0.011838612047596914
HSPA2,0.011835635055187739
LSR,0.011827717522184611
RRM1,0.011819799989181484
SYBU,0.011814859448587532
AGGF1,0.011806941915584405
GAPVD1,0.01180200137499045
DDX21,0.011799024382581274
CTCF,0.01178914330139337
ADH1C,0.01178318931657502
MARCHF8,0.01178318931657502
MACROH2A2,0.01178318931657502
TRIM26,0.011778248775981067
LIG1,0.011773308235387116
DRC1,0.011765390702383988
XDH,0.011763427154199209
KLK10,0.01174955563637773
PCBP1,0.01174955563637773
ACVR1B,0.01174461509578378
DPYD,0.011742651547599008
IDS,0.011736697562780653
ARHGEF3,0.011736697562780653
NOL8,0.011703063882583367
THEG,0.011695146349580236
ACTL7B,0.011695146349580236
PDIA5,0.011687228816577109
OAS3,0.011682288275983157
RRP8,0.011658535676973775
EXOC2,0.011653595136379823
EEF2,0.011653595136379823
BAZ2A,0.011648654595785873
CSF2RB,0.011648654595785873
B3GAT1,0.011645677603376696
CUL4A,0.011645677603376696
CEP57,0.011637760070373565
BCAR3,0.011624901996776486
SCARF1,0.011624901996776486
OXTR,0.01161698446377336
LDLR,0.011612043923179409
AGL,0.011607103382585457
CHRM4,0.011596208857173152
IL4I1,0.011596208857173152
LMNA,0.011596208857173152
POLA1,0.011591268316579202
TRIB1,0.011588291324170021
MAPRE3,0.011588291324170021
PRKCA,0.011583350783576071
ABLIM1,0.011583350783576071
HSPA1L,0.011570492709978992
RPA1,0.011567515717569817
IMMT,0.011554657643972737
CRTAM,0.01154674011096961
CCNF,0.011533882037372527
ESR2,0.011533882037372527
OLFM1,0.011533882037372527
WWC1,0.011528941496778577
THNSL2,0.0115259645043694
MAP3K7,0.0115259645043694
LRRC8C,0.011513106430772321
CBR3,0.011510129438363145
AKT1,0.011505188897769195
WIPI1,0.011497271364766068
TLR1,0.011492330824172116
APLP2,0.011484413291168987
ONECUT1,0.011484413291168987
EWSR1,0.011484413291168987
CTSC,0.011476495758165856
INHA,0.011476495758165856
MAF,0.011468578225162732
AIFM3,0.011463637684568779
ENPP2,0.011458697143974825
PTGER3,0.011455720151565651
SLC35B2,0.011455720151565651
SEC14L1,0.011442862077968572
IRAK1,0.011434944544965445
GALC,0.011434944544965445
SULT2B1,0.011427027011962314
TNFAIP3,0.011422086471368362
PCSK2,0.011409228397771283
NUFIP1,0.011406251405362108
RAB3GAP1,0.011401310864768156
HGF,0.011396370324174204
WLS,0.011393393331765029
GC,0.011393393331765029
MARCHF1,0.011390416339355853
PRSS2,0.011390416339355853
TUBGCP5,0.01138053525816795
GRID2,0.01137857170998317
ANPEP,0.011375594717573996
APOC1,0.011348865126155436
CBLB,0.01134690157797066
MTMR10,0.011343924585561486
LAMB3,0.01133404350437358
GYS1,0.011331066511964407
EXT2,0.01132314897896128
GCK,0.01132314897896128
TLK1,0.01132314897896128
ADAM9,0.01132314897896128
PXN,0.011294455839357943
CCT6B,0.011294455839357943
APOA4,0.011294455839357943
HEY2,0.011294455839357943
PDCD1,0.011286538306354815
RFC3,0.011286538306354815
CNOT4,0.011281597765760864
GINS1,0.011278620773351688
GFRA1,0.011260822159160654
PLAT,0.011252904626157526
CAPN2,0.011252904626157526
TNIP2,0.011244987093154399
DMTN,0.011244987093154399
SLC6A12,0.01123212901955732
TROAP,0.01123212901955732
RSL1D1,0.011224211486554194
SORBS3,0.011224211486554194
OSGIN1,0.011224211486554194
KIF15,0.011219270945960242
PTPRC,0.011217307397775465
SIDT2,0.011190577806356905
RPS6KA1,0.011190577806356905
EXOC4,0.011177719732759826
SLC25A6,0.01117474274035065
PTGIS,0.011161884666753571
PRKCD,0.011161884666753571
ICA1,0.011161884666753571
PHEX,0.011149026593156489
CXXC1,0.011141109060153361
SUPT5H,0.011136168519559411
BASP1,0.011125273994147106
CHST12,0.011112415920550029
MYCN,0.011112415920550029
CPT2,0.011104498387546898
SAP30,0.01109658085454377
KIF18B,0.011091640313949817
IFI44L,0.011091640313949817
CYP11B2,0.011086699773355867
NFIB,0.01108372278094669
LAP3,0.01108372278094669
PRKCH,0.011070864707349613
PODXL,0.011070864707349613
TFB2M,0.011055029641343356
BCAN,0.011053066093158578
GPRC5B,0.011050089100749403
PTPRE,0.011050089100749403
IL7R,0.011045148560155451
FOXA2,0.011042171567746275
EHD1,0.011042171567746275
TGFBR3,0.011037231027152324
ANXA13,0.011034254034743148
ITPK1,0.011034254034743148
NFKB2,0.011029313494149196
NRP2,0.011024372953555246
CYP2J2,0.011013478428142941
CPB2,0.011013478428142941
STAT1,0.01100853788754899
GM2A,0.011005560895139812
MFSD6,0.011000620354545862
SP110,0.011000620354545862
CNTROB,0.011000620354545862
EFHC1,0.011000620354545862
IRAG2,0.010997643362136685
TYR,0.010995679813951907
SRC,0.010992702821542731
CASP7,0.010984785288539606
SPHK1,0.010984785288539606
MYH1,0.010983835184579231
SLC22A4,0.010971927214942525
PFKFB3,0.010971927214942525
MYBPH,0.010971927214942525
LTF,0.010966986674348575
ECD,0.010964009681939398
PRMT2,0.010964009681939398
DMP1,0.01095115160834232
PLA2G7,0.01095115160834232
EPB41,0.01093037600174211
NR3C2,0.010925435461148159
HPN,0.010922458468738981
OAS2,0.010917517928145031
CYLD,0.010917517928145031
CCT4,0.010914540935735855
NFE2L1,0.010909600395141904
EGR2,0.010909600395141904
SRP14,0.010906623402732728
SHMT2,0.010901682862138776
KRT5,0.010896742321544825
PEX1,0.010896742321544825
NPTX2,0.010888824788541694
GLRX2,0.01088584779613252
CXCL12,0.01088584779613252
ENO3,0.010872989722535439
SCG2,0.010868049181941487
EPHX1,0.01086013164893836
WNT5A,0.010852214115935233
PROP1,0.010852214115935233
SQSTM1,0.010852214115935233
ENPP1,0.01084727357534128
KAT2B,0.01084727357534128
SLC2A5,0.010831438509335024
HADHA,0.010831438509335024
SMC3,0.010826497968741073
ITGB3,0.010826497968741073
CD82,0.010823520976331897
B4GALNT2,0.010818580435737945
SLC27A5,0.010818580435737945
DNAJC1,0.010810662902734816
MTHFD1,0.010797804829137739
PCK1,0.01078494675554066
MAP3K8,0.01078196976313148
EIF3J,0.010774052230128355
ARHGAP10,0.010769111689534401
VPS37D,0.010724583483924811
C2,0.01071964294333086
NT5E,0.01071964294333086
ST3GAL6,0.010711725410327732
TDO2,0.010711725410327732
RORA,0.010711725410327732
IFT88,0.010698867336730651
CRAT,0.010698867336730651
CUL1,0.010693926796136701
ATP6V0A1,0.010678091730130446
NPTXR,0.010670174197127315
FUCA1,0.01066225666412419
EGLN2,0.01066225666412419
BRF2,0.01065433913112106
CHRNG,0.010649398590527109
WWTR1,0.010641481057523982
STX5,0.010641481057523982
ITGB1,0.01063654051693003
SLC6A9,0.01063654051693003
PAX4,0.01063654051693003
CFI,0.01063654051693003
GCDH,0.010620705450923772
TFPI2,0.010599929844323565
SLCO2A1,0.010594989303729613
CELF2,0.010579154237723359
ALDH2,0.010579154237723359
SIDT1,0.010574213697129409
FBXO5,0.010571236704720231
PSPH,0.010571236704720231
TNFRSF18,0.010563319171717102
IL10RA,0.01055837863112315
SPARC,0.010550461098120023
SPDEF,0.010550461098120023
HIRA,0.010545520557526071
ETFB,0.010542543565116896
ACHE,0.010537603024522944
HIF1A,0.010537603024522944
HTRA2,0.010529685491519815
STK25,0.010521767958516687
PDX1,0.010521767958516687
FMO3,0.010503969344325655
CTSB,0.010500992351916481
NPY4R,0.010496051811322528
ETS2,0.0104881342783194
EPB42,0.0104881342783194
GPI,0.0104881342783194
ACO2,0.0104881342783194
TYRO3,0.010475276204722321
FGF13,0.010467358671719194
NMT1,0.010459441138716063
HDAC11,0.010459441138716063
AP3S1,0.010451523605712937
PAX3,0.010425807458518779
AVPR1A,0.010425807458518779
BIRC3,0.01041788992551565
SF3B3,0.0104129493849217
NTF3,0.010397114318915442
SF3A1,0.010397114318915442
ARFGAP3,0.010389196785912314
CPEB3,0.010389196785912314
MGAT1,0.010389196785912314
MATN3,0.010389196785912314
HHEX,0.010381279252909187
VEGFB,0.010381279252909187
SLC25A10,0.010381279252909187
ERAP2,0.010376338712315235
CHPF,0.010376338712315235
ADAM23,0.010371398171721283
CHST3,0.010368421179312108
CGRRF1,0.010360503646308979
TATDN2,0.010355563105715029
VTN,0.010347645572711898
CHAF1A,0.010342705032117946
HDAC1,0.010339728039708772
SPRY4,0.010339728039708772
NUP93,0.010334787499114819
TGFBI,0.010334787499114819
ELL,0.010326869966111693
B3GNT3,0.010326869966111693
PPP1R15B,0.010326869966111693
ALDH8A1,0.010306094359511485
HSD17B4,0.010306094359511485
VLDLR,0.010306094359511485
ABCD1,0.010306094359511485
RTN4RL1,0.010298176826508354
HOXD11,0.01029025929350523
APBB2,0.010285318752911277
TRIB2,0.01027740121990815
ZNF185,0.01027740121990815
HAX1,0.010269483686905022
IL12RB2,0.01026454314631107
CSF1,0.010256625613307943
TRIM25,0.010256625613307943
TTC39B,0.010256625613307943
SLC16A3,0.010248708080304814
RPN1,0.010248708080304814
PDLIM7,0.010248708080304814
SOD3,0.010240790547301686
DAPK2,0.010227932473704605
EFEMP1,0.010215074400107526
SLC38A3,0.01021209740769835
ADGRG1,0.01021209740769835
GLCE,0.010207156867104399
SMC2,0.010202216326510447
LTA,0.01019923933410127
CYP51A1,0.01019923933410127
SMAD2,0.01019429879350732
AMBN,0.01019429879350732
MVK,0.010178463727501065
WWP1,0.010173523186907112
DCP1A,0.010157688120900857
STX16,0.010157688120900857
ITGAL,0.01015572457271608
JUP,0.010152747580306905
FEN1,0.01014977058789773
ECH1,0.01014977058789773
IL2RB,0.010144830047303778
SDC3,0.010136912514300645
SERPINH1,0.010136912514300645
LIFR,0.010134948966115873
CTBP1,0.010128994981297521
DCTN1,0.010119113900109618
DPEP3,0.01011613690770044
CSTF3,0.01011613690770044
AVL9,0.01011613690770044
MRPS30,0.01011613690770044
JUN,0.010108219374697313
P2RX4,0.010108219374697313
SH2B3,0.010108219374697313
C1QA,0.010108219374697313
PRKCB,0.010106255826512537
PRSS36,0.010103278834103361
IRF2,0.010095361301100234
ABCG8,0.010090420760506282
TNFRSF1B,0.010087443768097105
GPR19,0.010087443768097105
TSSK2,0.010087443768097105
CD276,0.010087443768097105
TACC3,0.010082503227503151
TFCP2L1,0.010074585694500024
SDHA,0.010061727620902945
RBM38,0.01005875062849377
NCL,0.010053810087899817
GYS2,0.010048869547305867
KIF4A,0.010028093940705658
CALCR,0.01002017640770253
SLC1A4,0.010017199415293356
USP14,0.010017199415293356
IL1RL2,0.010012258874699403
DHX16,0.010012258874699403
TAF6,0.010004341341696275
APOBEC3G,0.009996423808693148
CD1D,0.009983565735096069
CLPB,0.009983565735096069
ITGB8,0.009970707661498986
GPC3,0.009962790128495859
PHTF2,0.009962790128495859
RELA,0.009954872595492732
MSH2,0.009942014521895652
POU2F1,0.009934096988892527
CHUK,0.009934096988892527
GCKR,0.009934096988892527
MCCC2,0.009926179455889396
NOTCH2,0.00992225235951985
SYT12,0.009913321382292315
KIF2C,0.009913321382292315
PGS1,0.009905403849289188
NOC4L,0.009905403849289188
TGM2,0.009900463308695238
GUK1,0.00989748631628606
CERCAM,0.00989254577569211
MEIS1,0.009884628242688983
TGM1,0.009879687702095031
EPSTI1,0.009876710709685854
LDLRAP1,0.009876710709685854
PTK2,0.009858912095494821
EDC4,0.009858912095494821
GPER1,0.00983515949648544
PRCP,0.00983515949648544
ECM2,0.00982230142288836
KLHL24,0.00982230142288836
ABCB8,0.00982230142288836
CCN5,0.009819324430479183
TENT5C,0.009819324430479183
TENT5A,0.009819324430479183
PPOX,0.00981438388988523
DLGAP5,0.00980152581628815
HLA-F,0.009785690750281895
F10,0.009780750209687945
CENPM,0.009777773217278768
FERMT2,0.009772832676684818
BRPF3,0.009767892136090866
ALDH6A1,0.009764915143681687
ABCC3,0.009762951595496911
YTHDC1,0.009759974603087735
VAPA,0.00975699761067856
COPZ2,0.00975699761067856
TSC1,0.009747116529490656
FADS2,0.009744139537081479
PPP2R1B,0.009744139537081479
ELF1,0.009731281463484402
CHRNA1,0.009731281463484402
CEBPD,0.009728304471075226
MERTK,0.009726340922890452
SMURF1,0.009723363930481274
PPM1G,0.009715446397478145
ARAF,0.009702588323881064
CMPK2,0.009702588323881064
GPC1,0.009694670790877939
MREG,0.00968675325787481
GAS1,0.00968675325787481
CPB1,0.009681812717280858
SLC27A1,0.009681812717280858
SCNN1A,0.009681812717280858
MFN2,0.009681812717280858
MCM5,0.009681812717280858
CP,0.009676872176686906
GSR,0.00967389518427773
HSD17B14,0.009665977651274603
PRIM1,0.009665977651274603
RASGRP1,0.009661037110680651
CDKAL1,0.009661037110680651
RXRG,0.009640261504080443
ARTN,0.009637284511671266
PTPRR,0.009627403430483364
AKR1C3,0.009624426438074186
ACAT1,0.009624426438074186
SLC16A7,0.009619485897480236
NEDD4L,0.009619485897480236
SNX14,0.009611568364477109
LGMN,0.00960365083147398
CHKA,0.00960365083147398
NR4A2,0.009598710290880027
ESYT1,0.009598710290880027
FCN1,0.0095907927578769
ACTA1,0.0095907927578769
NUP50,0.009574957691870644
NCK2,0.009562099618273565
PTH1R,0.009562099618273565
ICAM1,0.009562099618273565
RIPK1,0.009562099618273565
SCG3,0.009562099618273565
GSG1,0.009554182085270436
DGCR8,0.009549241544676486
ESRP2,0.009541324011673357
VCPIP1,0.009536383471079405
RUVBL2,0.00953340647867023
WRAP73,0.00953340647867023
KPTN,0.00953340647867023
ADD1,0.009520548405073149
BRCA1,0.009510667323885245
ITIH4,0.009507690331476071
DCC,0.009503763235106516
FGF6,0.009491855265469813
ENG,0.009491855265469813
MLPH,0.009471079658869607
ALAS1,0.009471079658869607
PLAG1,0.0094503040522694
FGGY,0.0094503040522694
UGDH,0.009442386519266271
TLX1,0.009434468986263144
OCEL1,0.009434468986263144
DHCR7,0.00942952844566919
LPL,0.00942952844566919
MTARC2,0.009426551453260016
FCMR,0.009426551453260016
UPF1,0.009424587905075239
SLC37A1,0.009421610912666063
FCGR2B,0.009413693379662936
MXD3,0.009405775846659808
ITIH1,0.009403812298475034
RBPJ,0.009400835306065856
ZNF112,0.009395894765471906
NDUFS2,0.009392917773062729
NEK2,0.009392917773062729
CD8A,0.009392917773062729
SDC2,0.009392917773062729
CRIP2,0.0093850002400596
SYNGR2,0.009364224633459393
STS,0.009359284092865442
GLS,0.009351366559862313
ITGA9,0.009346426019268363
CAMK4,0.009346426019268363
KIF3C,0.009338508486265235
ELF3,0.009338508486265235
FOXO4,0.009330590953262104
CSF3R,0.009325650412668153
TPBG,0.009322673420258979
IKBKB,0.009317732879665025
CHST8,0.009317732879665025
SURF1,0.00931475588725585
ARFGAP1,0.00930189781365877
ATP6V1B1,0.009296957273064819
PSMB9,0.009293980280655643
RBM5,0.009289039740061691
LBR,0.009289039740061691
PTPN1,0.009281122207058564
SLC1A1,0.009281122207058564
ACOX3,0.009276181666464609
USP15,0.009276181666464609
GBP6,0.009268264133461481
CDH3,0.009268264133461481
PTBP2,0.009260346600458356
APAF1,0.009255406059864404
C1S,0.009255406059864404
CNP,0.009252429067455228
SYT11,0.009239570993858148
ACSS2,0.009239570993858148
DTNB,0.009239570993858148
SLC30A5,0.009239570993858148
JAM3,0.00923165346085502
LONP2,0.00922671292026107
CLDN5,0.009223735927851893
NF2,0.00921879538725794
NASP,0.00921879538725794
BANK1,0.009213854846663988
NKX2-5,0.009210877854254814
CRLF2,0.009210877854254814
NELFE,0.009210877854254814
ADM,0.009202960321251685
CPN1,0.009198019780657733
MAPK10,0.009198019780657733
NCAPH,0.009198019780657733
TF,0.009193079240063781
ACADSB,0.009190102247654605
TLR2,0.009185161707060654
EI24,0.009182184714651478
CLGN,0.009177244174057526
MTHFR,0.009177244174057526
NCAPH2,0.009169326641054396
SULT1A1,0.009169326641054396
LEFTY2,0.00916140910805127
SPSB1,0.00916140910805127
PHKG1,0.00916140910805127
DCAF10,0.00916140910805127
EFHD1,0.00916140910805127
RASA1,0.009151528026863365
PHKA2,0.009151528026863365
SLC26A2,0.00914855103445419
FOXJ2,0.00914855103445419
SERPINA1,0.00914855103445419
SRD5A1,0.009140633501451063
RAD23A,0.009140633501451063
ATF6,0.009135692960857112
PTPN11,0.009135692960857112
DYRK1A,0.009135692960857112
SLC25A1,0.009132715968447934
PXMP2,0.009132715968447934
TSPAN13,0.009132715968447934
AREG,0.009132715968447934
SLC29A3,0.009127775427853983
CMTR1,0.009127775427853983
SLC11A2,0.009119857894850855
SRSF6,0.009119857894850855
VIPR1,0.009119857894850855
TRAFD1,0.009119857894850855
CYP17A1,0.009119857894850855
CD80,0.009111940361847728
MYH9,0.009100095732475052
KEL,0.009097118740065871
E2F8,0.009094141747656695
ST6GALNAC2,0.00909116475524752
GDNF,0.00909116475524752
NOP56,0.00907830668165044
NCOA4,0.00907830668165044
AMPD3,0.009073366141056489
MTHFD2L,0.009070389148647311
CMPK1,0.009062471615644184
TLR8,0.009060508067459408
LAMP3,0.00905753107505023
EPHX2,0.00905753107505023
AMIGO1,0.009049613542047105
PDE4B,0.009044673001453151
MAP7,0.009044673001453151
EIF2S2,0.009041696009043976
TOMM40,0.009041696009043976
PDGFRB,0.0090397324608592
COPB2,0.009036755468450024
LCP1,0.009036755468450024
GYPA,0.009033778476040848
WASF2,0.009028837935446897
ATP2A2,0.009023897394852945
SPOCK1,0.009015979861849818
MTIF2,0.009015979861849818
CDADC1,0.009000144795843563
BYSL,0.009000144795843563
MOV10,0.00899520425524961
NDC80,0.008987286722246482
SPARCL1,0.008966511115646275
GP2,0.008961570575052324
EPB41L2,0.008961570575052324
ERCC4,0.008953653042049193
IGFBP5,0.008950676049640019
CDKN1A,0.008937817976042938
NR4A1,0.008937817976042938
SH3BP5,0.00892990044303981
LOX,0.00892990044303981
P2RX6,0.00892990044303981
MAFB,0.00892990044303981
MVD,0.00892990044303981
HLA-DOB,0.00892990044303981
THBS1,0.008927936894855035
SSR3,0.008921982910036683
XRCC5,0.008917042369442732
PRIM2,0.008917042369442732
HLA-G,0.008917042369442732
SCAF8,0.00891210182884878
PARN,0.008909124836439603
SHMT1,0.008909124836439603
IMPA2,0.008909124836439603
KLF1,0.008901207303436475
IL1R2,0.008896266762842522
EIF4A2,0.008896266762842522
ASNS,0.008896266762842522
PLOD1,0.008896266762842522
KLHDC8A,0.008888349229839398
NCF4,0.008888349229839398
HSPH1,0.008875491156242315
TRAK2,0.008875491156242315
DNTTIP2,0.008875491156242315
CYP39A1,0.00886757362323919
AOC3,0.008862633082645238
TRIM14,0.008859656090236062
PECR,0.008859656090236062
ABHD4,0.008859656090236062
DLG1,0.00885471554964211
AP1G1,0.00885471554964211
MMP11,0.008846798016638978
SLC16A1,0.008846798016638978
TEKT2,0.008838880483635854
ACOT2,0.008838880483635854
UBAC1,0.008838880483635854
CYP7A1,0.0088339399430419
GPHN,0.0088339399430419
SUPV3L1,0.008826022410038773
KPNB1,0.008826022410038773
USP16,0.008826022410038773
FLT3LG,0.008810187344032518
OLR1,0.008810187344032518
PPP2R2C,0.008805246803438567
ELL2,0.008805246803438567
NET1,0.008797329270435437
AMACR,0.008797329270435437
BIN1,0.008797329270435437
KLKB1,0.008792388729841484
B4GALT4,0.00878941173743231
FGF22,0.008781494204429183
SLC22A1,0.00877655366383523
CHEK2,0.008771613123241278
NDST1,0.008771613123241278
TNNT1,0.008768636130832102
BCL10,0.008768636130832102
PTEN,0.008765722478686948
DNTT,0.008755778057235025
SGMS1,0.008755778057235025
UBA2,0.008755778057235025
PLA2G4A,0.008750837516641073
RIPK2,0.008747860524231894
PAK3,0.008742919983637945
CD4,0.008735002450634813
DYRK3,0.008735002450634813
TRIB3,0.008727084917631689
TAL1,0.008727084917631689
SPRR3,0.008727084917631689
WNT5B,0.008727084917631689
RPL3L,0.008727084917631689
PTPRD,0.008726134813671314
MPG,0.008719167384628558
GPR83,0.008714226844034608
CUL5,0.008714226844034608
TPX2,0.008714226844034608
INHBA,0.008709286303440655
GTF2F1,0.00870630931103148
UPK3B,0.008698391778028353
SRF,0.008698391778028353
NCS1,0.008690474245025224
SERPINB8,0.00868553370443127
PEX5,0.00868553370443127
PDGFA,0.008669698638425016
SPHK2,0.008664758097831064
OAS1,0.008664758097831064
DDX18,0.008664758097831064
CD34,0.008656840564827937
MKNK2,0.008656840564827937
CDC25A,0.008656840564827937
EGR1,0.008643982491230858
FUT8,0.008643982491230858
PTPRM,0.008642018943046084
NOCT,0.00864100549882168
H1-6,0.00864100549882168
COPA,0.008639041950636906
TMPRSS2,0.008636064958227729
KLF4,0.008636064958227729
RAD17,0.008636064958227729
HIBCH,0.008628147425224601
TSPAN7,0.008628147425224601
WDR1,0.00861528935162752
SELL,0.00861528935162752
USP8,0.00861034881103357
PREB,0.008607371818624393
DHCR24,0.008607371818624393
BMPR1A,0.008607371818624393
CD96,0.008602431278030443
HAS2,0.008602431278030443
PIAS3,0.008594513745027316
SOAT2,0.008594513745027316
ECI2,0.008586596212024185
HEXA,0.008586596212024185
GOT1,0.008586596212024185
NEDD9,0.008581655671430237
MSRB2,0.008578678679021057
POLR1D,0.008578678679021057
STAG1,0.008576715130836281
MAPKAP1,0.00856582060542398
KLF10,0.00856582060542398
GZMA,0.00856582060542398
ATL2,0.00856582060542398
DEPTOR,0.00856582060542398
AMMECR1,0.008557903072420851
GNE,0.008545044998823772
KNTC1,0.008543081450638996
DCTN4,0.008537127465820644
CNN2,0.008537127465820644
ADAM15,0.008532186925226693
NDUFV3,0.008529209932817515
SLC23A1,0.008524269392223562
PINK1,0.008524269392223562
ALDH7A1,0.008516351859220436
PRKCE,0.008511411318626483
HTR1B,0.008503493785623355
HSPA4,0.008503493785623355
PPAT,0.008495576252620228
G6PC2,0.008495576252620228
SEC24D,0.008490635712026276
CA6,0.00847480064602002
POLH,0.00847480064602002
KIF2A,0.00847480064602002
TPST2,0.00847480064602002
HNF1A,0.008469860105426068
MCM2,0.008469860105426068
ACAT2,0.008466883113016892
HDGF,0.008466883113016892
BUB1B,0.00846194257242294
ALAS2,0.00846194257242294
NME4,0.008458965580013765
MYBL1,0.008454025039419812
SOWAHC,0.008454025039419812
TMPRSS3,0.008454025039419812
ODF2,0.008449084498825862
PGAM2,0.008446107506416684
DNAJC3,0.008446107506416684
SOS1,0.00843622642522878
ETS1,0.008433249432819607
P2RY2,0.008433249432819607
LLGL2,0.008428308892225655
GPR132,0.008425331899816478
PDHA2,0.008415450818628573
TCP11,0.008412473826219397
NOLC1,0.008412473826219397
RARA,0.008404556293216271
SLC10A3,0.008404556293216271
KIT,0.008402592745031495
SESN1,0.008396638760213142
FDFT1,0.008396638760213142
NTHL1,0.008388721227210015
NPR2,0.008378840146022111
NEK7,0.008375863153612936
TGFB3,0.008375863153612936
RNH1,0.008375863153612936
ARHGDIG,0.008367945620609806
REEP6,0.008367945620609806
KIF20A,0.008363005080015855
MIOX,0.008355087547012727
CTPS1,0.008355087547012727
HELLS,0.008342229473415647
KCNH1,0.008340265925230867
CSK,0.00833431194041252
MKRN1,0.00833431194041252
STK39,0.00833431194041252
LRRC15,0.00832937139981857
RCL1,0.008326394407409392
RPS5,0.008326394407409392
ZPBP,0.008321453866815442
HSPA4L,0.008321453866815442
CDH1,0.008319490318630666
IGFBP4,0.008305618800809185
RRAGD,0.008305618800809185
ENO2,0.008305618800809185
SPINT2,0.008305618800809185
TCP1,0.008305618800809185
MPI,0.008305618800809185
DCXR,0.008297701267806058
SMC4,0.00829573771962128
PAPSS2,0.008292760727212104
ITK,0.008287820186618153
UBA7,0.008271985120611898
TEAD4,0.008271985120611898
TIMP3,0.008264067587608769
LIG3,0.008259127047014819
COX4I1,0.008256150054605641
BNIP3,0.008256150054605641
GMPS,0.008251209514011688
TARBP2,0.008248232521602514
PLPP3,0.008248232521602514
DARS1,0.008248232521602514
ERO1A,0.008248232521602514
LPIN1,0.008246268973417736
CCT2,0.008243291981008562
CD36,0.008243291981008562
ERCC2,0.008238351440414609
SORD,0.008235374448005433
AKAP1,0.008230433907411482
CD44,0.008222516374408354
MEF2D,0.008222516374408354
MMP14,0.008222516374408354
DNAJA4,0.008214598841405227
GNB4,0.008214598841405227
WDR33,0.00821263529322045
F2,0.008209658300811277
RBBP8,0.008209658300811277
HS6ST2,0.008201740767808146
SGK1,0.008201740767808146
TACR1,0.008201740767808146
ALOX15,0.008201740767808146
PPP1R15A,0.008201740767808146
PCDHB1,0.00819977721962337
CDKN1B,0.008193823234805019
ALG1,0.008193823234805019
ZEB1,0.008191859686620243
TIMP2,0.008185905701801891
CD81,0.008185905701801891
CHST6,0.00818096516120794
CLDN6,0.00817304762820481
PRKAA2,0.00816810708761086
IFI44,0.008152272021604604
TARDBP,0.008144354488601476
NFYC,0.008144354488601476
PARP12,0.008139413948007523
ADAM10,0.008131496415004396
AFG3L2,0.008131496415004396
TAP1,0.008131496415004396
CYP4F11,0.008126555874410444
PLOD2,0.008118638341407317
NCOA7,0.008118638341407317
ARHGEF2,0.008105780267810237
ZWINT,0.008102803275401062
CCT7,0.008102803275401062
FANCC,0.008102803275401062
SEMA3C,0.00809786273480711
SLC7A2,0.00809786273480711
MCCC1,0.00808994520180398
NKD1,0.00808994520180398
PMPCA,0.008082027668800854
NFIL3,0.008082027668800854
PHYH,0.008082027668800854
DGAT1,0.008074110135797726
PGM3,0.008074110135797726
AIMP2,0.008074110135797726
OPHN1,0.008069169595203774
SNTB1,0.008061252062200645
GTF3C5,0.008061252062200645
ASS1,0.008061252062200645
PREP,0.008040476455600437
KLF3,0.008040476455600437
ELN,0.008035535915006485
MDM2,0.008032558922597311
BDKRB1,0.008032558922597311
RMDN3,0.008032558922597311
ATP6AP1,0.008032558922597311
HPGD,0.008024641389594182
MCM6,0.00801970084900023
PTPN6,0.008011783315997103
KDM3A,0.008006842775403152
PARVA,0.008003865782993976
DSC1,0.008001902234809202
ALDH1A2,0.007998925242400024
CD207,0.007991007709396895
NGLY1,0.007991007709396895
NMUR1,0.007991007709396895
ORM1,0.007983090176393768
CD48,0.007983090176393768
MAGIX,0.007983090176393768
CALCRL,0.007978149635799814
FOSL1,0.00797517264339064
BCL2L10,0.00797517264339064
ABAT,0.007970232102796689
PLK3,0.007970232102796689
TFRC,0.007970232102796689
SREBF2,0.007965291562202737
PUS1,0.007962314569793561
METTL3,0.007962314569793561
PDCD1LG2,0.007954397036790432
SNX10,0.007954397036790432
HMOX2,0.007954397036790432
C3AR1,0.00794945649619648
CPE,0.00794945649619648
LAD1,0.00794945649619648
MEIS2,0.00794945649619648
DEK,0.007941538963193353
ACADS,0.007941538963193353
VPS45,0.007941538963193353
CUL3,0.007936598422599403
IDE,0.007936598422599403
ACRBP,0.007920763356593145
GLS2,0.007920763356593145
RHCG,0.007920763356593145
DCT,0.007915822815999193
TSKU,0.007912845823590017
ATG4B,0.007912845823590017
PSMB8,0.007912845823590017
CTH,0.007912845823590017
ACKR1,0.007907905282996066
RPL34,0.00790492829058689
THRB,0.007899987749992938
SLC20A1,0.007899987749992938
SLC2A4,0.007899987749992938
PLCB1,0.007893083661214207
MLF1,0.00789207021698981
IL1RL1,0.007887129676395859
MSRA,0.007884152683986682
KLK11,0.007871294610389603
BCKDHA,0.007871294610389603
NDUFV1,0.007871294610389603
TMEM97,0.007863377077386473
ATP7A,0.007861413529201697
ACTC1,0.007858436536792522
GPAT4,0.007855459544383346
SAC3D1,0.007855459544383346
CAVIN3,0.007855459544383346
ACVR1,0.007850519003789394
SERPINE2,0.007850519003789394
TMEM176B,0.007850519003789394
CBL,0.007845578463195443
PEX16,0.007842601470786267
CIR1,0.007842601470786267
CACNG1,0.007842601470786267
AHR,0.007837660930192315
GPNMB,0.007837660930192315
NRTN,0.007834683937783138
DAP3,0.00782182586418606
CSNK1D,0.00782182586418606
OPN3,0.00782182586418606
CD46,0.00782182586418606
GFI1,0.00782182586418606
SLC25A13,0.007816885323592107
BTBD3,0.00780896779058898
WDR37,0.007801050257585851
KATNA1,0.007801050257585851
REEP1,0.007793132724582724
ARHGEF9,0.007788192183988773
IL13RA2,0.007780274650985643
VEGFC,0.007775334110391694
SNX2,0.007772357117982517
HOXB9,0.007772357117982517
GAB2,0.007767416577388563
LEF1,0.007759499044385438
TUBB2A,0.0077515815113823085
ORC5,0.0077515815113823085
PSMD1,0.007746640970788357
FSTL3,0.007743663978379181
GNPAT,0.007738723437785229
DBF4,0.007738723437785229
TSPYL2,0.007738723437785229
CCNT1,0.007717947831185019
CDC42EP4,0.007710030298181895
STARD7,0.007702112765178765
TCF19,0.007702112765178765
CTLA4,0.007702112765178765
RNPS1,0.007702112765178765
MX1,0.007697172224584813
SPRED2,0.007697172224584813
STRBP,0.007689254691581686
MYC,0.007689254691581686
UQCRC1,0.007681337158578559
HSP90AA1,0.007676396617984608
ARID4B,0.0076714560773906565
ENTPD7,0.007668479084981478
NFKBIB,0.007660561551978351
CXCR3,0.007660561551978351
TOB1,0.007660561551978351
CLN5,0.007660561551978351
PIKFYVE,0.007653657463199622
DCAF11,0.007647703478381271
AGPAT3,0.0076397859453781435
RAB40C,0.0076397859453781435
ST6GAL1,0.0076397859453781435
SLC7A11,0.0076397859453781435
RSU1,0.007631868412375016
ALDH18A1,0.007626927871781064
RNF19A,0.007626927871781064
STXBP1,0.007626927871781064
MIOS,0.007626927871781064
MASP2,0.007626927871781064
KPNA2,0.007619010338777935
CORO1A,0.007619010338777935
MICB,0.007619010338777935
FGA,0.007617046790593163
AOX1,0.007617046790593163
TNFRSF4,0.007611092805774808
LAT2,0.007611092805774808
RNF19B,0.007598234732177729
CDC45,0.007598234732177729
GEM,0.007598234732177729
GNA15,0.007598234732177729
PES1,0.007598234732177729
SPATA6,0.007598234732177729
TNFRSF1A,0.007598234732177729
PGLS,0.0075903171991746
POLD2,0.0075903171991746
NAMPT,0.0075903171991746
CENPN,0.0075903171991746
CYB5R1,0.0075903171991746
TNPO2,0.007585376658580648
CLTA,0.007582399666171472
LY6E,0.007582399666171472
CASP10,0.007577459125577521
PSMD3,0.007577459125577521
CYP2S1,0.007577459125577521
STARD3,0.007569541592574394
CD86,0.007556683518977311
PTX3,0.007540848452971057
ECHS1,0.007540848452971057
SLC39A6,0.007535907912377106
ELF4,0.007535907912377106
PRPF31,0.007527990379373978
BMP2,0.007527990379373978
SLC2A1,0.007527990379373978
IL12RB1,0.007523049838780027
PLK4,0.007515132305776899
TOP1,0.007515132305776899
FGL2,0.00750721477277377
SATB1,0.007502274232179817
FH,0.007499297239770643
BLVRA,0.007499297239770643
PTGS2,0.007494356699176689
CCNA1,0.007494356699176689
PARP9,0.007494356699176689
MX2,0.007494356699176689
RNF144B,0.0074913797067675154
DTYMK,0.0074913797067675154
CHST1,0.00748149862557961
CCNE1,0.007478521633170435
APOBEC3F,0.007470604100167307
RCAN1,0.007470604100167307
AGER,0.007470604100167307
MEF2C,0.0074656635595733555
IRF8,0.0074656635595733555
GFUS,0.007462686567164179
WARS1,0.007462686567164179
ATP5PB,0.007462686567164179
SLC66A2,0.007462686567164179
MARCHF2,0.007462686567164179
ATP2B1,0.007460723018979404
SLC29A1,0.007457746026570226
RHOT1,0.007457746026570226
ABHD2,0.007457746026570226
CADM1,0.007452805485976276
NFS1,0.007449828493567099
RAD21,0.007444887952973146
NXF1,0.007444887952973146
HTR7,0.007444887952973146
ARPC5L,0.007441910960563972
FARSA,0.007436970419970021
KRT4,0.007432029879376068
PPM1A,0.007429052886966892
EIF4A1,0.007429052886966892
ST3GAL4,0.007429052886966892
CTNS,0.007429052886966892
ITGB5,0.007424112346372941
CBR1,0.007421135353963764
BAG1,0.007421135353963764
ERMAP,0.007408277280366685
ARRB1,0.007408277280366685
TNNT3,0.007408277280366685
SLC39A8,0.007408277280366685
OCRL,0.007403336739772734
RASAL2,0.007398396199178783
DHX15,0.0073954192067696035
DNAJB8,0.007387501673766477
EDEM1,0.007387501673766477
NAB2,0.007374643600169397
NR3C1,0.007374643600169397
PIAS2,0.00736672606716627
PIAS1,0.00736672606716627
ABCG4,0.007361785526572318
DCUN1D1,0.007358808534163142
KCNIP3,0.007358808534163142
INHBE,0.007338032927562934
MSX1,0.007338032927562934
SPP1,0.007338032927562934
EXOSC8,0.007330115394559807
FGF16,0.007330115394559807
IL3RA,0.007325174853965853
GJB3,0.007317257320962727
PDHA1,0.007317257320962727
TNFAIP6,0.007317257320962727
E2F1,0.007317257320962727
TJP1,0.00731529377277795
STAT4,0.007312316780368774
MRAS,0.007309339787959598
HOOK3,0.007304399247365647
ABCB7,0.007304399247365647
CCR5,0.007296481714362518
C9,0.007291541173768569
FOS,0.007288564181359391
CD2AP,0.007275706107762312
MBL2,0.007275706107762312
CTSH,0.007267788574759183
IGFBP3,0.007267788574759183
GNL3,0.007267788574759183
ATP2C1,0.007262848034165232
STOM,0.007259871041756055
AK4,0.007259871041756055
ENDOD1,0.007247012968158977
RHCE,0.007247012968158977
CCT6A,0.007247012968158977
IFIT3,0.007247012968158977
CHRNB1,0.007247012968158977
GRWD1,0.007247012968158977
BUB1,0.0072420724275650255
PMM2,0.007239095435155848
TPM4,0.007239095435155848
KCNIP2,0.007239095435155848
NFKB1,0.007234154894561895
GBE1,0.007234154894561895
LLGL1,0.007234154894561895
CCNL1,0.007226237361558769
P2RY4,0.007226237361558769
B4GALT5,0.007226237361558769
ACP1,0.00721831982855564
SNRPA,0.00721831982855564
HSPB8,0.00721831982855564
FDX1,0.0072104022955525125
TGFBR1,0.007205461754958561
CYP26A1,0.007205461754958561
DNM1L,0.007205461754958561
ADIPOQ,0.007197544221955433
BATF3,0.007189626688952304
CXCR4,0.007184686148358353
CDCP1,0.007179745607764401
NUSAP1,0.007176768615355226
RBCK1,0.007176768615355226
LTA4H,0.007176768615355226
SLC5A5,0.0071718280747612734
PSMD9,0.007168851082352098
P4HA2,0.007163910541758144
IL12B,0.007155993008755018
BGN,0.007155993008755018
YIF1A,0.00714807547575189
HMGCS2,0.00714313493515794
SLC25A12,0.00714313493515794
GPAM,0.00712235932855773
FBLN5,0.007114441795554604
ADH7,0.007114441795554604
RAD54L,0.007114441795554604
HSD17B2,0.007106524262551475
SIGMAR1,0.0070986067295483474
CLIC3,0.0070986067295483474
APOH,0.007093666188954396
SNAP25,0.007085748655951268
MYOT,0.007085748655951268
CA2,0.007085748655951268
IP6K2,0.007085748655951268
POP4,0.007077831122948139
FBXO6,0.007077831122948139
TNFAIP8,0.007077831122948139
CDKN2A,-0.007073840686314566
NDUFS1,0.007072890582354186
ATP5F1A,0.007069913589945012
CNOT9,0.007069913589945012
CXCL16,0.007069913589945012
PTPA,0.007069913589945012
HOXC10,0.00706497304935106
PPT1,0.007057055516347931
NPFFR2,0.007039256902156902
MBP,0.007036279909747725
E2F2,0.007036279909747725
HS2ST1,0.007036279909747725
DLST,0.007036279909747725
CRYZ,0.007036279909747725
EDIL3,0.0070313393691537746
ABCD3,0.007023421836150645
SLC22A5,0.007015504303147517
TNFSF11,0.007015504303147517
APP,0.007010563762553565
HRG,0.007010563762553565
CSF3,0.00700758677014439
IL11,0.00700758677014439
RAF1,0.007002646229550437
CDH6,0.007000682681365663
VDR,0.006994728696547309
ACP2,0.006986811163544182
ANKH,0.006981870622950231
ZC3H12A,0.006981870622950231
TTC39A,0.006973953089947102
AFAP1L2,0.006961095016350021
ACSS1,0.006961095016350021
STC2,0.006953177483346895
GPD2,0.006953177483346895
SQLE,0.006945259950343766
HCLS1,0.006940319409749814
ERCC5,-0.006939305965525415
COX11,0.006937342417340639
HSPA1A,0.006937342417340639
UBE2E1,0.006937342417340639
SLC46A3,0.006932401876746687
CCND2,0.00692448434374356
RABEPK,0.00692448434374356
PDZK1,0.00691656681074043
PLSCR1,0.00691656681074043
SSB,0.00691656681074043
CAPN5,0.006911626270146477
CFP,0.006903708737143352
PDK4,0.006903708737143352
MEST,0.006895791204140223
NKX3-1,0.006895791204140223
NCSTN,0.006890850663546272
LDHA,0.0068750155975400165
ACAA1,0.0068750155975400165
PCYT2,0.0068750155975400165
STAT3,0.006870075056946066
TRIM29,0.006870075056946066
NKX2-2,0.006862157523942937
BMPR1B,0.006862157523942937
CPM,0.006854239990939809
SF3A3,0.006854239990939809
AGFG1,0.006854239990939809
DUSP1,0.006846322457936682
BRMS1L,0.006846322457936682
ATOH8,0.006846322457936682
ARCN1,0.006833464384339601
KLF7,0.006825546851336474
HNRNPA3,0.006825546851336474
SLC27A2,0.006820606310742522
WNT7A,0.006820606310742522
DGKA,0.006820606310742522
CD2,0.006812688777739393
CTSD,0.006812688777739393
GMCL1,0.006804771244736265
PROZ,0.006804771244736265
IPO7,0.006799830704142312
ALDH1A3,0.006791913171139187
TM7SF3,0.006791913171139187
PTCD3,0.006791913171139187
IL10RB,0.006783995638136058
ALYREF,0.00677607810513293
GAMT,0.00677607810513293
DNAJC15,0.00677607810513293
DDX25,0.0067632200315358515
DMRT1,0.0067632200315358515
RPS2,0.006755302498532722
GP9,0.006755302498532722
GMPR2,0.006755302498532722
KIFAP3,0.00675036195793877
GRB7,0.00675036195793877
IMPDH2,0.006747384965529595
CSAD,0.006742444424935643
MRPL9,0.006734526891932515
GPR87,0.006721668818335436
MCM3,0.006721668818335436
NTNG1,0.006716728277741484
ADAD1,0.006716728277741484
MGMT,0.006713751285332309
PSMD12,0.006713751285332309
LIPA,0.006713751285332309
AURKB,0.006713751285332309
ATF3,0.0067058337523291794
IGFBP6,0.0067058337523291794
CPQ,0.006700893211735228
XPNPEP1,0.006700893211735228
NEUROG3,0.0066929756787321
EIF5,0.0066929756787321
GNAI2,0.0066929756787321
IRF9,0.0066929756787321
DNAJC12,0.006685058145728973
PEX7,0.006685058145728973
YWHAB,0.006685058145728973
BID,0.006685058145728973
TPI1,0.006685058145728973
RACK1,0.006677140612725845
MINDY1,0.006677140612725845
CAVIN1,0.006677140612725845
ATP5F1C,0.006677140612725845
CCN1,0.006677140612725845
RRAD,0.006672200072131892
NUP107,0.00666725953153794
SLCO1A2,0.00666725953153794
ZC2HC1C,0.006664282539128765
CD14,0.006664282539128765
HMBS,0.006664282539128765
ECT2,0.006659341998534813
EXOSC9,0.006651424465531685
MAPK9,0.006651424465531685
NT5C,0.00663558939952543
PIN1,0.00663558939952543
PKP2,0.006633625851340651
PPP1R3C,0.006622731325928349
BSG,0.006622731325928349
RRM2,0.006622731325928349
HDAC3,0.006601955719328143
HMGCS1,0.006601955719328143
CKMT2,0.006601955719328143
PPP1CA,0.006594038186325014
PPARG,0.006589097645731061
MEP1B,0.006589097645731061
BCAT1,0.006581180112727935
LY75,-0.006580166668503534
SUCLA2,0.006573262579724806
UBR7,0.006573262579724806
TUBB,0.006573262579724806
GRHPR,0.006573262579724806
CAPG,0.006573262579724806
RAD52,0.0065524869731246
APLNR,0.006547546432530648
ATG10,0.006544569440121471
CD99,0.006544569440121471
RHOF,0.006544569440121471
GBP2,0.006539628899527519
MYB,0.006539628899527519
TP63,0.006537665351342741
ECSIT,0.006531711366524392
RAB2A,0.006523793833521264
TMEM45A,0.006523793833521264
BCL2A1,0.006523793833521264
EPCAM,0.006523793833521264
HES1,0.006503018226921057
RIBC2,0.006503018226921057
NFKBIA,0.006503018226921057
UGCG,0.006503018226921057
INSIG1,0.006503018226921057
HSPB1,0.0064951006939179285
G6PD,0.006490160153323976
FYN,0.006490160153323976
WSB1,0.0064822426203208485
SERPINB5,0.0064822426203208485
SFRP1,0.006461467013720641
CALR,0.006461467013720641
PWP1,0.006461467013720641
SRPRB,0.006453549480717514
SECTM1,0.006453549480717514
TMEM140,0.006453549480717514
IRAK2,0.006448608940123562
SLC6A6,0.006448608940123562
DONSON,0.006440691407120435
LEPR,0.0064387278589356604
RND3,0.006432773874117306
HES6,0.006424856341114178
FZD4,0.0064199158005202265
IRF7,0.006411998267517097
EFNA3,0.00640408073451397
SRPX,0.006399140193920019
BPHL,0.006391222660916892
IGFBP1,0.006391222660916892
LAMP2,0.006391222660916892
MAP4K3,0.006386282120322941
UBE2S,0.006383305127913762
CCR2,0.00637836458731981
SSRP1,0.00637836458731981
FEZ1,0.0063704470543166835
GLUD1,0.0063704470543166835
TRAF1,0.0063704470543166835
FAS,0.0063704470543166835
TFDP2,0.0063704470543166835
CD38,0.0063704470543166835
CPA2,0.0063704470543166835
CDC14B,0.0063704470543166835
CR2,0.0063556254325348276
FDXR,0.006349671447716475
IFNAR1,0.006349671447716475
POLA2,0.006349671447716475
ABCE1,0.006349671447716475
IL18RAP,0.0063447309071225245
CALU,0.006341753914713349
HLA-DMA,0.006341753914713349
SEC14L2,0.006341753914713349
MOCS2,0.006341753914713349
MRPS31,0.006341753914713349
ACKR3,0.006336813374119397
PHGDH,0.006328895841116268
NUDT19,0.006320978308113141
SKP2,0.006320978308113141
CA4,0.006320978308113141
APRT,0.006313060775110013
NOP16,0.006313060775110013
PEMT,0.006313060775110013
LRP10,0.0063081202345160615
APLP1,0.006303179693922108
PIM1,0.006300202701512932
GTF2H1,0.006300202701512932
CASP4,0.006300202701512932
DNAJA1,0.006292285168509805
NAT1,0.006292285168509805
UNG,0.006292285168509805
RPS6,0.006292285168509805
CD37,0.006292285168509805
DMAC2L,0.006284367635506678
CCN2,0.006284367635506678
ATP5F1B,0.006284367635506678
GLMN,0.006279427094912726
TNFSF9,0.006271509561909597
B4GALT7,0.006271509561909597
APOA1,0.006271509561909597
MAP2K5,0.006271509561909597
SPRY2,0.006271509561909597
BTRC,0.006266569021315643
NDST2,0.006266569021315643
VCAM1,0.006261628480721693
WASF1,0.0062586514883125185
ANXA1,0.006250733955309389
SERBP1,0.006250733955309389
PRM2,0.006242816422306262
ADAM17,0.006237875881712311
PRDM4,0.006237875881712311
SELE,0.0062329353411183595
ADIPOR1,0.006229958348709183
TMEM176A,0.006229958348709183
RAD51AP1,0.006229958348709183
HERC3,0.006225017808115232
PLVAP,0.006225017808115232
DCK,0.006222040815706054
SLC2A2,0.006217100275112103
RPS6KA5,0.006217100275112103
KIF11,0.006217100275112103
HS3ST1,0.006217100275112103
TGFB2,0.006217100275112103
DKK1,0.006209182742108975
POLL,0.006209182742108975
PSEN2,0.006209182742108975
TSPAN8,0.006209182742108975
SP1,0.006196324668511895
SYNCRIP,0.006196324668511895
ZW10,0.006196324668511895
MPO,0.006191384127917945
VWA5A,0.006183466594914816
PLCB4,0.006181503046730038
CHPT1,0.00618048960250564
PROS1,0.0061706085213177365
NCK1,0.006159713995905432
IFIT1,0.006159713995905432
CNTFR,0.006159713995905432
EBP,0.006151796462902304
EBI3,0.006151796462902304
PERP,0.006151796462902304
CHMP1A,0.006151796462902304
GGA2,0.006146855922308353
ACSM1,0.006141915381714399
TANK,0.006138938389305224
ZNF277,0.006138938389305224
NDRG2,0.006138938389305224
DSCC1,0.006131020856302096
VNN1,0.006126080315708144
PRKACA,0.006118162782705018
MAOB,0.006118162782705018
ACADL,0.006118162782705018
PDK1,0.006110245249701889
SPI1,0.006110245249701889
VPREB1,0.006110245249701889
PEX13,0.006110245249701889
FZD7,0.006105304709107936
CROT,0.006105304709107936
HAO1,0.006105304709107936
SLC31A2,0.006102327716698761
DUT,0.006102327716698761
SGCG,0.00609738717610481
MED24,0.006092446635510857
DCPS,0.0060894696431016805
ACOT8,0.0060894696431016805
NAPA,0.0060894696431016805
FAP,0.006071671028910651
ADA,0.006068694036501475
RRAS,0.006060776503498346
DUSP2,0.006060776503498346
ECI1,0.006060776503498346
GMPPB,0.006060776503498346
GSTZ1,0.006060776503498346
STAU1,0.006055835962904394
FBXO4,0.006047918429901267
FBP2,0.006047918429901267
CDC6,0.006047918429901267
ENO1,0.006047918429901267
ELOVL5,0.006040000896898139
PMM1,0.006040000896898139
SIAH1,0.006040000896898139
NFE2,0.0060271428233010585
TCN2,0.0060271428233010585
ACSL3,0.0060271428233010585
APOL6,0.006019225290297931
PTGR1,0.006019225290297931
ALAD,0.006019225290297931
IMP4,0.006019225290297931
OAT,0.006019225290297931
SLC38A1,0.006014284749703979
SNX9,0.006006367216700851
ODC1,0.005998449683697724
F2RL2,0.005998449683697724
AP2M1,0.005998449683697724
ATP6V0B,0.0059905321506945955
SSPN,0.0059905321506945955
CYP8B1,0.005985591610100644
IL1R1,0.005985591610100644
RHOBTB3,0.0059776740770975155
CHRNA5,0.0059776740770975155
XIAP,0.0059776740770975155
CYP1A2,0.005972733536503565
RPE,0.005969756544094388
VDAC1,0.005969756544094388
SERPINA5,0.005964816003500437
SLC6A8,0.005956898470497309
GNB2,0.005948980937494181
CHST4,0.005944040396900227
SLC5A6,0.005944040396900227
ISG15,0.0059410634044910525
DSC2,0.005939099856306276
NGF,0.005936122863897102
FLOT2,0.005928205330893973
AP2B1,0.005923264790300021
NOL3,0.005920287797890845
NUDT15,0.005920287797890845
NNMT,0.005907429724293766
RGS4,0.005907429724293766
DUSP5,0.005907429724293766
SLC25A37,0.005907429724293766
SCAMP3,0.005907429724293766
HLA-DOA,0.005907429724293766
HSPB2,0.005899512191290637
MINPP1,0.005899512191290637
NDUFS7,0.005899512191290637
SQOR,0.00589159465828751
BBOX1,0.005886654117693558
DGUOK,0.0058787365846904305
CPOX,0.0058787365846904305
ERCC3,0.005873796044096477
NR1H4,0.005873796044096477
LUM,0.005873796044096477
PFN1,0.005870819051687302
SLC30A3,0.0058658785110933505
HEXIM1,0.005857960978090223
ELK4,0.005857960978090223
ICAM4,0.005857960978090223
CRYAB,0.005850043445087095
TK1,0.005850043445087095
YRDC,0.005850043445087095
MRPL40,0.005850043445087095
AKT1S1,0.005850043445087095
CASQ1,0.005845102904493143
PRLR,0.005840162363899193
NAGK,0.005837185371490015
ALDH9A1,0.005837185371490015
ANGPTL4,0.005837185371490015
CD55,0.005837185371490015
PBK,0.0058292678384868875
SDC1,0.005816409764889807
BCL2,0.00580849223188668
GALM,0.00580849223188668
L3MBTL4,0.005790693617695649
SLC25A38,0.005787716625286472
EIF2S3,0.005787716625286472
RETN,0.0057797990922833446
TM7SF2,0.005774858551689393
PGD,0.005774858551689393
PICK1,0.005766941018686264
RAB5A,0.005759023485683136
ADORA2B,0.005759023485683136
SST,0.005759023485683136
TAF10,0.005759023485683136
AGR2,0.005759023485683136
CTSV,0.005746165412086058
GNAI1,0.005746165412086058
POLR3C,0.005746165412086058
TOR1B,0.005738247879082928
CISH,0.005738247879082928
PMAIP1,0.005730330346079801
HSPD1,0.00572538980548585
GALNT3,0.00572538980548585
ATF4,0.00572538980548585
MYOG,0.0057174722724827225
GPD1L,0.0057174722724827225
HPCAL4,0.0057174722724827225
HYAL2,0.0057174722724827225
EZH1,0.00571253173188877
KCND1,0.00571253173188877
IRF4,0.00571253173188877
F2RL1,0.005704614198885642
TTPA,0.005696696665882514
TNFRSF21,0.0056917561252885635
MXD4,0.005688779132879386
RAB14,0.005688779132879386
NQO2,0.005688779132879386
SLC37A4,0.005688779132879386
PFN2,0.005688779132879386
SS18,0.005675921059282307
TUBD1,0.005675921059282307
THBS3,0.0056709805186883535
CAPZB,0.0056680035262791795
FMOD,0.005663062985685228
PLEK,0.005663062985685228
SCRN1,0.005655145452682099
RFC4,0.005655145452682099
PTGER2,0.005655145452682099
HSD17B7,0.005647227919678971
XAF1,0.005647227919678971
ACOX2,0.00564228737908502
FKBP1A,0.005639310386675844
MDH1,0.005626452313078763
NRIP2,0.005626452313078763
PRG2,0.005626452313078763
IL6,0.005626452313078763
CCNA2,0.005626452313078763
PITPNC1,0.005626452313078763
UAP1,0.005626452313078763
AIFM1,0.005613594239481685
PNPT1,0.005613594239481685
CADM2,0.005608653698887732
ANXA4,0.005605676706478556
CLDN8,0.005605676706478556
SUV39H1,0.005605676706478556
SCAMP1,0.0055977591734754275
NOG,0.0055977591734754275
PAICS,0.0055977591734754275
GYPC,0.0055977591734754275
EFEMP2,0.005592818632881476
ISG20L2,0.005584901099878349
PPARA,0.005584901099878349
HSD3B7,0.005584901099878349
CASP2,0.005584901099878349
ALDH1A1,0.005572043026281269
CTF1,0.005569066033872093
FDPS,0.005564125493278141
IFNGR1,0.005564125493278141
POLR1C,0.0055562079602750145
JUNB,0.0055562079602750145
CMKLR1,0.005551267419681061
BACH1,0.005551267419681061
GLIPR2,0.005548290427271885
LAMTOR5,0.005548290427271885
FXN,0.005548290427271885
PFKFB1,0.005543349886677934
ASL,0.005543349886677934
SNAI2,0.005543349886677934
USP18,0.005535432353674806
TGFA,0.005527514820671678
TFDP1,0.0055225742800777255
LMNB1,0.005514656747074598
ATP6V1H,0.005514656747074598
MXI1,0.005506739214071471
GCA,0.005506739214071471
SERTAD1,0.005506739214071471
ATP5MC2,0.0054988216810683424
ETFBKMT,0.0054988216810683424
ALB,0.0054968581328835656
DAB2,0.0054968581328835656
PICALM,0.00549388114047439
PCOLCE,0.00549388114047439
F12,0.00549388114047439
TUBG1,0.00549388114047439
NAP1L1,0.0054859636074712625
HAGH,0.0054859636074712625
ABCB6,0.005481023066877311
TUFM,0.005478046074468135
NAA11,0.005473105533874184
SGCB,0.005465188000871055
FZD5,0.005465188000871055
ZFP36,0.005465188000871055
USP12,0.005465188000871055
ANGPT1,0.0054602474602771026
ETHE1,0.005457270467867928
EGLN3,0.005457270467867928
COX6B1,0.005457270467867928
XRCC6,0.005452329927273977
DPP4,0.005439471853676896
CLCF1,0.0054364948612677195
MNAT1,0.0054364948612677195
EDAR,0.005431554320673769
CEP72,0.005431554320673769
ST8SIA4,0.005431554320673769
LGALS3BP,0.00542363678767064
TRAF2,0.00542363678767064
IDH3B,0.005415719254667512
EMP2,0.005415719254667512
CD79B,0.005415719254667512
GAPDH,0.005415719254667512
RTP4,0.005415719254667512
PNP,0.005415719254667512
GUSB,0.0054107787140735605
STEAP4,0.0054107787140735605
HERPUD1,0.005394943648067306
CKB,0.005394943648067306
AADAT,0.005394943648067306
LGALS3,0.005387026115064177
SKIL,0.005382085574470225
MMP1,0.005382085574470225
RANBP10,0.005382085574470225
PDP1,0.005382085574470225
DECR1,0.0053741680414670975
PRSS23,0.0053741680414670975
UQCRC2,0.0053741680414670975
M6PR,0.005366250508463969
MYH8,0.005365300404503594
SLC1A2,0.005361309967870017
HLA-DMB,0.00535339243486689
PLIN2,0.00535339243486689
PDLIM4,0.00535339243486689
GAPDHS,0.00535339243486689
MCEE,0.005345474901863762
CDKN2C,0.005345474901863762
CNN3,0.005345474901863762
IGF2,0.005345474901863762
VIM,0.00534053436126981
ISL1,0.00534053436126981
CCR4,0.005332616828266682
PDIA6,0.005332616828266682
SCP2,0.005332616828266682
FABP1,0.0053246992952635545
LDHB,0.0053246992952635545
TRIM10,0.005319758754669604
DYNLT3,0.005316781762260427
LYSMD2,0.005316781762260427
CHCHD10,0.005316781762260427
RALBP1,0.005311841221666475
C1QC,0.005311841221666475
KLF5,0.005311841221666475
FGF18,0.005303923688663346
GNAI3,0.005303923688663346
STAT2,0.005298983148069394
POLR2F,0.005296006155660219
PLA2G2A,0.005296006155660219
ME2,0.005291065615066268
LCK,0.005291065615066268
IPCEF1,0.005283148082063139
LUC7L3,0.005283148082063139
KCNMB2,0.005283148082063139
CFLAR,0.005283148082063139
SLC19A2,0.005283148082063139
HSPA8,0.005278207541469187
LIMA1,0.005278207541469187
IL2,0.0052752305490600115
ATP6V1D,0.0052752305490600115
P4HA1,0.0052623724754629325
GTF2H3,0.005254454942459803
DDIT3,0.005254454942459803
CYP46A1,0.005249514401865852
REL,0.005241596868862724
PGM2,0.005241596868862724
SGMS2,0.005233679335859597
MKNK1,0.005233679335859597
AURKA,0.005233679335859597
IKZF2,0.005228738795265643
MSN,0.005228738795265643
ME1,0.005228738795265643
HOPX,0.005225761802856469
SGCA,0.005220821262262517
SLC28A2,0.005220821262262517
PTPN2,0.0052129037292593895
LCAT,0.0052129037292593895
GCG,0.0052129037292593895
LPIN2,0.005207963188665439
GLO1,0.005204986196256261
CFL1,0.005204986196256261
SDCBP,0.005204986196256261
KLHDC3,0.005192128122659181
SLC7A5,0.005192128122659181
HACL1,0.005192128122659181
SERPINA10,0.005187187582065229
SLC25A4,0.005184210589656054
CAB39,0.005184210589656054
APH1A,0.005184210589656054
ATRX,-0.005176229716388904
P2RY14,0.005171352516058973
CAPN3,0.005166411975465022
CCRL2,0.0051634349830558465
HADH,0.0051634349830558465
MDH2,0.0051634349830558465
HUS1,0.0051634349830558465
SC5D,0.0051634349830558465
ELMOD3,0.0051634349830558465
ERGIC3,0.0051634349830558465
NDUFB8,0.005155517450052718
CNDP2,0.0051505769094587674
FBXW11,0.0051505769094587674
MELK,0.0051505769094587674
NUMB,0.0051505769094587674
HAO2,0.0051505769094587674
CKM,0.005142659376455638
MARCO,0.005140695828270866
CSE1L,0.005137718835861685
LTB,0.005134741843452511
PRDX4,0.005134741843452511
ENPEP,0.0051278377546737815
GNA14,0.00512188376985543
HNRNPA1,0.00512188376985543
IGFBP7,0.005113966236852303
NAA38,0.005113966236852303
PLPP1,0.005106048703849175
GAD2,0.005104085155664399
CDK8,0.005101108163255224
DLK2,0.0050931906302520945
SLC25A23,0.005080332556655016
STAM,0.005080332556655016
SGCD,0.005080332556655016
DHRS3,0.005072415023651889
ASB7,0.005072415023651889
SLC30A1,0.005072415023651889
ZNF707,0.005072415023651889
CDK5R1,0.005072415023651889
UBE2T,0.005064497490648761
FBXO7,0.005059556950054809
HSPA5,0.005059556950054809
ACSL5,0.005059556950054809
JMJD6,0.005051639417051681
CYC1,0.005051639417051681
GOT2,0.005051639417051681
ZNF639,0.005051639417051681
AZGP1,0.005051639417051681
DDB2,0.005051639417051681
IL1B,0.005051639417051681
PIM3,0.005043721884048552
MAPK8,0.005030863810451472
TNNT2,0.005030863810451472
PNRC1,0.005022946277448346
COQ9,0.005022946277448346
FADS1,0.005022946277448346
SOCS3,0.005022946277448346
WDR74,0.005022946277448346
LHX9,0.004997230130254186
DAP,0.00499425313784501
AKR1D1,0.004989312597251059
BCL2L13,0.0049813950642479295
TOM1L1,0.0049813950642479295
MTRF1,0.0049813950642479295
LYAR,0.0049813950642479295
AHSP,0.004973477531244802
ETV4,0.004960619457647722
TMX1,0.004952701924644594
IFI30,0.004952701924644594
CDCA3,0.004952701924644594
GOSR2,0.004952701924644594
DDB1,0.004942820843456692
KLK8,0.004939843851047516
RFC5,0.0049319263180443865
CD40,0.0049319263180443865
MYH4,-0.004921981896592459
B3GAT3,0.00491115071144418
IGF1,0.00491115071144418
ING3,0.00491115071144418
COX15,0.00491115071144418
ZBP1,0.0049062101708502275
PHLDA2,0.004903233178441052
CRABP1,0.004903233178441052
TSPAN4,0.004903233178441052
TACR3,0.004901269630256274
PSMC4,0.0048982926378471
SMS,0.004890375104843973
MAPKAPK3,0.004890375104843973
CLDN9,0.004890375104843973
MCM4,0.004885434564250021
RFC2,0.0048824575718408435
MRPS11,0.0048824575718408435
PSMD13,0.0048824575718408435
SAR1B,0.0048824575718408435
NUDT21,0.0048824575718408435
KRT8,0.004877517031246892
COCH,0.004877517031246892
PTAFR,0.0048695994982437645
OLFML3,0.0048695994982437645
RIOK3,0.0048695994982437645
POLR2C,0.004861681965240637
MAPRE1,0.004861681965240637
DDAH1,0.004861681965240637
GPC4,0.004856741424646685
CYP27A1,0.004848823891643556
PDGFB,0.004840906358640429
ATP6V1C1,0.004840906358640429
CA12,0.004840906358640429
IRF1,0.004840906358640429
SCN1B,0.004840906358640429
STEAP3,0.004835965818046477
DIABLO,0.0048329888256373014
TMBIM6,0.0048329888256373014
COX10,0.004828048285043351
NLGN3,0.0048231077444494
LTBR,0.0048201307520402215
KLK7,0.0048201307520402215
PENK,0.004815190211446269
PSMG1,0.004812213219037093
MTX2,0.004812213219037093
DBP,0.004812213219037093
NAPG,0.004812213219037093
UROD,0.004812213219037093
TNF,0.004812213219037093
WNT2,0.0048072726784431415
PIGR,0.00480233213784919
SLA,0.004799355145440013
FBL,0.004799355145440013
CCNG2,0.004791437612436886
SDC4,0.004791437612436886
C4BPB,0.004791437612436886
CTHRC1,0.004791437612436886
DHRS7B,0.004791437612436886
PTP4A3,0.004791437612436886
POLE4,0.0047835200794337585
IRF5,0.004778579538839807
ELP4,0.004778579538839807
FMO1,0.004773638998245856
STX4,0.0047706620058366785
PPP4C,0.0047706620058366785
LAPTM5,0.0047706620058366785
CYP1A1,0.004765721465242727
SLC7A1,0.004765721465242727
CXCL3,0.00476274447283355
PDGFC,0.0047578039322395994
RHAG,0.0047578039322395994
SMPDL3A,0.004749886399236472
EPOR,0.004749886399236472
MBOAT2,0.004749886399236472
IL18R1,0.004744945858642519
CLDN7,0.004741968866233344
GRPEL1,0.004741968866233344
CCNO,0.004741968866233344
EIF2AK2,0.004737028325639391
ELOVL2,0.004729110792636264
PSMC3,0.004729110792636264
COPB1,0.004724170252042312
HNRNPD,0.004721193259633136
FABP2,0.004721193259633136
XRCC3,0.004721193259633136
DHRS1,0.004721193259633136
SELENOS,0.004713275726630008
LAYN,0.004708335186036056
PVR,0.004708335186036056
PSAT1,0.004708335186036056
RNMT,0.004708335186036056
EVI5,0.004703394645442102
UCK1,0.004700417653032928
DFFA,0.004700417653032928
ILF2,0.004700417653032928
DIO1,0.004700417653032928
TMEM9B,0.0046925001200298
ABCF2,-0.004689523127620624
AAAS,0.004687559579435848
CLEC4A,0.004679642046432721
NFKBIE,0.004679642046432721
DNAJB1,0.004679642046432721
TPST1,0.004679642046432721
PSMB2,0.0046717245134295935
C5AR1,0.004666783972835643
LRPAP1,0.004658866439832513
ETFDH,0.004658866439832513
GPR183,0.004658866439832513
MYF6,0.00465392589923856
STX7,0.004650948906829385
RPA2,0.004650948906829385
MAOA,0.004638090833232304
TNFSF10,0.004638090833232304
GGH,0.004630173300229178
CAP1,0.004630173300229178
PSMB10,0.004630173300229178
APEX1,0.004630173300229178
WDR43,0.004617315226632099
PAIP1,0.004617315226632099
CAT,0.004617315226632099
DDC,0.004612374686038147
NUDT9,0.00460939769362897
CCND1,0.00460939769362897
DDX39A,0.00460939769362897
GYPE,0.004580704554025635
CDC20,0.004567846480428556
AHCY,0.004567846480428556
MAP2K6,0.004567846480428556
PSEN1,0.004567846480428556
HEY1,0.004559928947425428
BAK1,0.004559928947425428
CD274,0.004559928947425428
HSD11B2,0.004559928947425428
LYN,0.004554988406831474
HOMER2,0.004547070873828348
TKT,0.004547070873828348
PPM1B,0.004547070873828348
NR6A1,0.004547070873828348
AUH,0.00453915334082522
CLDN14,0.00453915334082522
SMAD5,0.00453915334082522
COPE,0.00453915334082522
F11,0.004534212800231269
SNN,0.004531235807822092
ALDOC,0.004518377734225012
TPM2,0.004518377734225012
TNFRSF9,0.004518377734225012
QSOX1,0.004513437193631061
SRPK1,0.004505519660627934
DNAJB4,0.004497602127624805
EIF3D,0.004497602127624805
SLC29A2,0.004497602127624805
ELANE,0.004497602127624805
IP6K1,0.004497602127624805
TMED2,0.004489684594621677
HDDC2,0.004489684594621677
TAGLN,0.004489684594621677
GSTM3,0.004489684594621677
UMPS,0.0044768265210245965
HNRNPC,0.004468908988021469
SCD,0.004468908988021469
CYBB,0.004463968447427517
AP2S1,0.004460991455018342
GALE,0.004460991455018342
NDRG1,0.00445605091442439
NARF,0.00445605091442439
KCNMB1,0.004448133381421261
FBXO9,0.004448133381421261
SLC25A5,0.004448133381421261
KRT13,0.004443192840827309
MMP13,0.004443192840827309
POLR2D,0.0044402158484181335
SERINC1,0.004427357774821055
PLAGL1,0.004427357774821055
MRPS22,0.004427357774821055
HSD17B10,0.004419440241817927
EIF2S1,0.004419440241817927
NDUFAF4,0.004419440241817927
NKIRAS1,0.004419440241817927
CARTPT,0.004419440241817927
UPF3B,0.0044144997012239735
CIDEA,0.004406582168220847
CTSL,0.004406582168220847
TES,0.004406582168220847
EIF4H,0.004398664635217719
PITPNB,0.004398664635217719
FRAT1,0.004390747102214591
TXNIP,0.004385806561620639
RAP1GDS1,0.004385806561620639
ACRV1,0.004377889028617512
PYCR1,0.004377889028617512
AEN,0.004377889028617512
KLRK1,-0.004374912036208335
KRT31,0.0043729484880235606
MPPED2,0.0043650309550204314
HEYL,0.004357113422017304
MCL1,0.004357113422017304
OSM,0.004357113422017304
SDCCAG8,0.004352172881423352
RPS9,0.004349195889014177
LXN,0.004349195889014177
SRXN1,0.004349195889014177
GCH1,0.004349195889014177
CCL24,0.004349195889014177
POLR2H,0.004349195889014177
ERCC1,0.004336337815417096
TSG101,0.004336337815417096
CASP9,0.004336337815417096
GNPDA1,0.0043284202824139684
MYL7,0.0043284202824139684
PPP2CB,0.0043284202824139684
CLN6,0.0043284202824139684
ALCAM,0.004323479741820017
CAMK1D,0.004323479741820017
H4C3,0.00432050274941084
H1-0,0.00432050274941084
MRAP,0.00430764467581376
TCEA1,0.00430764467581376
FN3K,0.00430764467581376
PRMT5,0.004294786602216682
GCNT1,0.004294786602216682
SLC35B1,0.004286869069213553
ATP6V0D1,0.004286869069213553
POLR3GL,0.0042789515362104255
CCL25,0.0042789515362104255
CAV2,0.0042789515362104255
RPS3A,0.0042789515362104255
GPR65,0.004274010995616475
ALDOA,0.004266093462613346
BHLHE40,0.004266093462613346
PTCD2,0.004266093462613346
COQ5,0.004266093462613346
IDH3G,0.004266093462613346
VDAC2,0.004258175929610218
CDK2,0.004258175929610218
CSRP3,0.004258175929610218
HOXB1,0.004253235389016266
PHKG2,0.004245317856013138
KLC1,0.004245317856013138
PARP2,0.004245317856013138
PTGFR,0.004240377315419187
NEUROD1,0.004240377315419187
DDAH2,0.00423740032301001
MMD,0.00423740032301001
DNAJB9,0.00423740032301001
ANXA5,0.00423740032301001
PDHB,0.00423740032301001
XK,0.004224542249412931
ACTA2,0.004224542249412931
GFPT1,0.004224542249412931
RRM2B,0.004216624716409803
TST,0.004216624716409803
BCKDHB,0.004216624716409803
NMI,0.004216624716409803
ORC6,0.004208707183406675
TAF13,0.004208707183406675
ACTG1,0.004203766642812723
TAPBP,0.004195849109809595
GMPR,0.004195849109809595
CALB2,0.004195849109809595
COPS5,0.004195849109809595
UNC119,0.004187931576806468
S100A9,0.004187931576806468
SRP19,0.004187931576806468
SOCS5,0.004182991036212516
DBT,0.004175073503209388
ACSL6,0.0041701329626154336
IER5,0.00416715597020626
BPGM,0.00416715597020626
BATF2,0.00416715597020626
PSMD7,0.00416715597020626
PCOLCE2,0.004162215429612308
MT1E,0.004159238437203131
SRSF10,0.004159238437203131
F2R,0.00415429789660918
GSK3B,0.00415429789660918
PROCR,0.00415429789660918
ACADM,0.00415429789660918
HNRNPR,0.00415429789660918
MGLL,0.004146380363606052
MAN1A1,0.004141439823012101
SERPING1,0.004141439823012101
AKT2,0.004141439823012101
IDH2,0.004141439823012101
SPCS1,0.004138462830602925
SDF2L1,0.004138462830602925
TXNRD2,0.004133522290008973
IDO1,0.004133522290008973
GALK1,0.004125604757005844
RAB17,0.004117687224002717
PABPC4,0.004112746683408766
SERPINA6,0.004112746683408766
P2RY1,0.004112746683408766
CPT1A,0.004107806142814812
B4GALT2,0.004104829150405638
DUSP4,0.004104829150405638
IL2RG,0.004104829150405638
ITPA,0.004096911617402509
CHAC1,0.004096911617402509
SDHB,0.004096911617402509
MYD88,0.004096911617402509
STIP1,0.00408405354380543
ART3,0.00408405354380543
MPP1,0.00408405354380543
RNASEL,0.0040791130032114785
CD83,0.004076136010802302
ANP32E,0.004076136010802302
TPD52,0.004076136010802302
TIPIN,0.004076136010802302
PRKAR2A,0.004076136010802302
FRK,0.004071195470208349
SNRPG,0.0040682184777991745
NME3,0.0040682184777991745
PRRX1,0.004063277937205222
ACTG2,0.004063277937205222
GALNT1,0.004063277937205222
CLVS1,0.0040583373966112685
SLC25A17,0.004055360404202095
DHRS7,0.004055360404202095
GBP4,0.004050419863608143
PTGES,0.004047442871198966
IMP3,0.004047442871198966
TPRKB,0.004047442871198966
NDUFA7,0.004047442871198966
RNF4,0.004047442871198966
MMP10,0.004042502330605015
ABHD6,0.004034584797601887
ARFIP1,0.004034584797601887
SRSF1,0.004034584797601887
ANXA9,0.004034584797601887
PRF1,0.004029644257007936
CDK1,0.004026667264598759
SSR1,0.004026667264598759
TSPAN1,0.004026667264598759
MYO1E,0.0040088686504077264
MYL3,0.004005891657998552
ETFA,0.004005891657998552
UCHL5,0.004005891657998552
RCE1,0.004005891657998552
GMPPA,0.003993033584401471
HBZ,0.003977198518395216
HBQ1,0.003977198518395216
KRT17,0.003972257977801265
FKBP5,0.003972257977801265
ERRFI1,0.003964340444798136
ST3GAL5,0.003964340444798136
GPX7,0.003956422911795009
MAL2,0.003956422911795009
PPP3R1,0.003956422911795009
LHPP,0.003935647305194801
MRTO4,0.003935647305194801
PIK3R3,-0.003932670312785625
PLAAT3,0.003927729772191673
SLC66A3,0.003927729772191673
H2AX,0.003927729772191673
STBD1,0.003927729772191673
LDB1,0.003922789231597721
GLUL,0.003922789231597721
ADH4,0.003922789231597721
TFPI,0.003922789231597721
HLA-DRA,0.003922789231597721
GCLC,0.003922789231597721
EZH2,0.00391784869100377
OVOL2,0.003914871698594594
CD3E,0.003914871698594594
PNMT,0.003914871698594594
BDH2,0.003914871698594594
PRKAG1,0.003914871698594594
CD70,0.003914871698594594
ISOC1,0.003914871698594594
MRPL15,0.003914871698594594
ACSM3,0.0039099311580006405
CAP2,0.0039099311580006405
MAFF,0.003906954165591466
NDUFAB1,0.003906954165591466
BCL2L11,0.0038940960919943866
IFNB1,0.0038940960919943866
CCNB2,0.0038940960919943866
RPS14,0.0038861785589912583
EXOSC1,0.0038861785589912583
PEA15,0.0038861785589912583
MYL12B,0.0038861785589912583
PRDX5,0.0038861785589912583
INMT,0.0038812380183973066
MMP7,0.0038733204853941784
TIAL1,0.0038733204853941784
E2F5,0.0038733204853941784
TSPO2,0.003865402952391051
CITED2,0.003865402952391051
CDC34,0.003865402952391051
GREM1,0.003865402952391051
GSTO1,0.003865402952391051
DTNA,0.0038555218712031485
WNT6,0.003844627345790843
CASP6,0.003844627345790843
PNPLA8,0.003839686805196892
TKTL1,0.003839686805196892
MARK3,0.003839686805196892
UBQLN1,0.003831769272193763
IKZF4,0.003831769272193763
PRSS3,0.003831769272193763
CLIC2,0.0038238517391906354
UBE2J1,0.0038238517391906354
TPM1,0.0038238517391906354
COQ3,0.0038238517391906354
POLE3,0.003815934206187508
GABARAPL1,0.003815934206187508
BNIP3L,0.003815934206187508
SOCS1,0.003815934206187508
CDC27,-0.0038149207619631066
KLK3,0.0038109936655935563
TIMM50,0.003803076132590427
DLD,0.003803076132590427
SNRPB,0.003803076132590427
PRPS2,0.003803076132590427
CA1,0.003803076132590427
PKLR,0.0037981355919964755
TIMM17A,0.0037951585995873
PLA2G12A,0.0037951585995873
GSTM4,0.0037951585995873
TP53INP2,0.0037951585995873
SNAP23,0.0037951585995873
TSHB,0.003774382992987093
ASB13,0.003774382992987093
ANXA2,0.003774382992987093
CAV3,0.003774382992987093
PRC1,0.00376944245239314
POLG2,0.0037615249193900134
GSS,0.0037615249193900134
UPB1,0.0037615249193900134
ADRM1,0.003753607386386885
BPNT1,0.003753607386386885
GTF2B,0.003753607386386885
HSD17B11,0.003753607386386885
EED,0.003740749312789805
SRD5A3,0.0037328317797866778
DUSP3,0.0037249142467835495
IL13,0.0037249142467835495
GNGT2,0.0037249142467835495
SRGN,0.0037249142467835495
NANP,0.0037249142467835495
CTSS,0.0037120561731864704
HMGB3,0.0037120561731864704
NAP1L2,0.0037071156325925187
SOD2,0.0037041386401833426
CLTB,0.0037041386401833426
VDAC3,0.0037041386401833426
GPX8,0.0037041386401833426
MAL,0.0037041386401833426
FHL2,0.0037041386401833426
NSDHL,0.003691280566586262
HSPA13,0.003691280566586262
ANXA10,0.003691280566586262
KCNN4,0.003691280566586262
SET,0.003683363033583135
ACTR3,0.003683363033583135
COX6A2,0.0036754455005800065
CCR7,0.003670504959986054
PRNP,0.0036625874269829266
CHEK1,0.0036625874269829266
TPM3,0.0036625874269829266
SLC25A19,0.0036625874269829266
ELOVL3,0.0036625874269829266
PPAN,-0.003659610434573751
COX7A2L,0.003654669893979799
CDKN2B,0.003654669893979799
CCT5,0.0036497293533858484
PDCD2L,0.0036418118203827192
PDLIM3,0.0036418118203827192
MYOZ1,0.0036418118203827192
SPPL2A,0.0036418118203827192
ANGPTL3,0.0036418118203827192
PAK1,0.0036418118203827192
CYB5B,0.0036338942873795914
CENPA,0.0036338942873795914
TYMS,0.0036338942873795914
TPH1,0.0036289537467856393
PEX2,0.0036210362137825127
FKBP4,0.0036210362137825127
PPP4R2,0.0036131186807793845
TK2,0.0036131186807793845
FTL,0.0036131186807793845
BTG3,0.0036131186807793845
CCND3,0.0036131186807793845
PSMA7,0.0036131186807793845
GABRA3,0.0035953200665883537
MFAP5,0.0035923430741791767
CD28,0.0035923430741791767
IDH3A,0.0035923430741791767
KCNJ2,0.0035874025335852246
MPC2,0.003584425541176049
COX6C,0.003584425541176049
CASP1,0.003579485000582097
ADAMDEC1,0.0035745444599881437
OMD,0.00357156746757897
SLC6A14,0.003566626926985018
IL23A,0.0035636499345758415
ICOS,0.0035636499345758415
RELB,-0.003560672942166665
PTGER4,0.003558709393981889
NUDT12,0.0035507918609787616
NQO1,0.003542874327975634
DYRK2,0.0035379337873816825
GPX1,0.003534956794972506
H2BC12,0.003534956794972506
ATP5F1D,0.003534956794972506
H2AZ2,0.003534956794972506
TIPARP,0.0035300162543785533
TRIP13,0.0035300162543785533
FFAR2,0.0035300162543785533
SLC35A3,0.0035220987213754264
AKR1C2,0.0035220987213754264
COMT,0.0035220987213754264
YWHAG,0.0035220987213754264
NDUFA5,0.003514181188372298
IKBKG,0.003514181188372298
DCLRE1B,0.003509240647778346
TRAF4,0.0035013231147752186
EDN1,0.0035013231147752186
TALDO1,0.0035013231147752186
CSRP1,0.003493405581772091
ISCU,0.003472629975171883
NDUFS8,0.003472629975171883
RAD1,0.003472629975171883
SNX24,0.003472629975171883
ATP6V1E1,0.003472629975171883
GHRL,0.003472629975171883
SLAMF7,0.003459771901574804
PIPOX,0.003459771901574804
EXOSC5,0.003451854368571676
HSD17B6,0.003451854368571676
VAMP8,0.003443936835568548
PELI1,0.0034310787619714683
LAS1L,0.0034261382213775157
PSME1,0.003423161228968341
POLR2J,0.003423161228968341
NDUFB4,0.003423161228968341
ADSL,0.0034182206883743883
EIF4A3,0.003410303155371261
PDLIM1,0.003410303155371261
CCDC106,0.003410303155371261
CYB5A,0.0034023856223681327
ZFP36L1,0.00339744508177418
CADM3,0.0033925045411802284
TAS2R4,0.0033895275487710536
CD40LG,0.0033895275487710536
GPR182,0.0033895275487710536
FGF17,0.0033816100157679258
CAV1,0.0033816100157679258
CSNK2A2,0.0033816100157679258
IFI35,0.0033816100157679258
CD47,0.0033816100157679258
CYP2C18,0.003363811401576893
RBP1,0.003360834409167718
UCP2,0.003360834409167718
CDO1,0.003360834409167718
CLDN19,0.003360834409167718
CRB3,0.0033529168761645897
PPIA,0.0033529168761645897
ATG4A,0.0033400588025675098
KIF5B,0.003335118261973559
PSMB3,0.0033321412695643824
STMN1,0.0033321412695643824
SRI,0.0033321412695643824
PRDX3,0.0033321412695643824
FASLG,0.0033272007289704315
SSBP1,0.0033113656629641746
STX12,0.0033113656629641746
SPR,0.0033113656629641746
VBP1,0.0033113656629641746
LDHC,0.003298507589367096
SIAH2,0.003298507589367096
PSME2,0.0032905900563639677
TSPO,0.0032826725233608394
GNG11,0.0032826725233608394
OXT,0.0032826725233608394
RACGAP1,0.0032777319827668877
HADHB,0.0032777319827668877
ABCD2,0.003272791442172936
MAPK14,0.0032698144497637594
ADIPOR2,0.0032698144497637594
CD247,0.0032698144497637594
NINJ1,0.003261896916760632
IFITM2,0.003261896916760632
GADD45B,0.003261896916760632
CBS,-0.0032589199243514564
STAM2,0.003249038843163553
KLF6,0.003249038843163553
TNNI3,-0.003246061850754376
NDUFA8,0.0032411213101604243
DBI,0.0032411213101604243
JAGN1,0.0032411213101604243
GPRC5C,0.0032361807695664713
VPS4B,0.0032282632365633447
CS,0.0032282632365633447
MRPS18B,0.0032203457035602174
GYPB,0.0032203457035602174
CTSZ,0.0032203457035602174
SFMBT1,0.0032154051629662665
OASL,0.0032154051629662665
ZMAT3,0.0031995700969600096
SAMHD1,0.0031946295563660583
S100A4,0.003191652563956881
TCAP,0.003191652563956881
SPC24,0.003191652563956881
CDH16,0.003189689015772105
TRIM21,0.003186712023362929
AQP7,0.003186712023362929
EFNA1,0.0031708769573566744
NUDT11,0.0031708769573566744
CXCL6,0.0031708769573566744
IL18,0.0031708769573566744
LPCAT3,0.0031580188837595936
PSMC6,0.0031580188837595936
PEX19,0.0031580188837595936
CDC42EP2,0.003150101350756466
RAN,0.003150101350756466
PSME3,0.003150101350756466
KLRD1,0.003150101350756466
RPS3,0.003150101350756466
LIF,0.003150101350756466
PGAM1,0.003150101350756466
CDCA8,0.003150101350756466
ATP5PF,0.003142183817753339
EEF1AKMT1,0.003142183817753339
PRELID3B,0.003142183817753339
H2AJ,0.003142183817753339
ATP5PO,0.003142183817753339
PA2G4,0.003137243277159387
AKAP4,-0.0031362298329349874
HRAS,-0.0031312892923410357
PEF1,0.0031293257441562593
AMD1,0.0031293257441562593
B4GALT1,0.0031293257441562593
TXNRD1,-0.003118431218743955
PRMT3,0.0031164676705591797
DUSP6,0.0031085501375560515
EFNA5,0.0031085501375560515
RBPMS,0.003100632604552924
SLBP,0.003100632604552924
CCL20,0.003100632604552924
IER2,0.003100632604552924
SERPINC1,0.0030956920639589724
KLK1,0.003087774530955844
ICOSLG,-0.0030847975385466676
IGSF6,0.003079856997952716
ZBTB16,0.0030699759167648125
PDPN,0.003066998924355636
DCP2,0.003066998924355636
NT5C3A,0.003066998924355636
LCLAT1,0.003066998924355636
CAB39L,0.003066998924355636
GDE1,0.003059081391352509
UQCRB,0.003059081391352509
GJA5,0.0030541408507585577
TLR7,0.0030492003101646077
SERPINA3,0.003041282777161475
TNNI2,0.003038305784752301
TSPAN5,0.003038305784752301
CSNK1E,-0.0030353287923431246
HBEGF,0.003030388251749173
CLNS1A,0.003030388251749173
FNTA,0.003017530178152093
RAD51C,0.003017530178152093
PCGF5,0.003017530178152093
STX3,0.003017530178152093
SPOP,0.0030125896375581412
DUSP14,0.0030096126451489656
CCL2,0.0030096126451489656
MGP,0.0030096126451489656
SNRPD3,0.0030096126451489656
CLEC5A,0.0029967545715518856
EIF4E,0.0029888370385487578
SPCS3,0.0029888370385487578
BIRC2,0.002975978964951679
PSMC2,0.002975978964951679
RAC1,0.002975978964951679
KRT19,0.002975978964951679
PDCD4,0.002975978964951679
F9,0.0029710384243577265
ERCC8,0.002968061431948551
TP53INP1,0.002968061431948551
ARG1,0.002968061431948551
CDK4,0.002968061431948551
PEX11B,0.002968061431948551
TIMM13,0.0029601438989454226
CNOT6,0.002955203358351471
FOSL2,0.002955203358351471
SH3GL2,0.002955203358351471
MRPL3,0.0029472858253483426
NMU,0.0029472858253483426
F13B,0.0029453222771635666
KCNK5,0.002942345284754391
BLVRB,0.0029393682923452152
PSIP1,0.0029344277517512635
ENTPD5,0.002926510218748136
ANKRA2,0.0029185926857450075
YWHAQ,0.0029185926857450075
RALA,0.0029185926857450075
GNG12,0.0029185926857450075
KCNE2,0.0029185926857450075
RBM4,-0.0029156156933358313
AQP9,0.002905734612147928
CX3CL1,0.002905734612147928
SPAG5,0.0029007940715539762
TCL1A,0.0028978170791448005
PSMA6,0.0028978170791448005
CD9,0.0028978170791448005
UROS,0.0028978170791448005
GADD45A,0.0028898995461416723
PPARD,0.0028849590055477197
TOR1AIP2,0.0028849590055477197
OXSR1,0.0028849590055477197
MYL2,0.0028770414725445923
OXA1L,0.0028770414725445923
LY96,0.0028770414725445923
PRODH,-0.0028740644801354166
TNFRSF11B,0.0028721009319506406
RPA3,0.002869123939541464
UBE2L3,0.002869123939541464
PRPF3,0.0028641833989475124
SMAD1,0.002856265865944385
EXOSC4,0.002848348332941257
SRSF3,0.002848348332941257
PDAP1,0.002848348332941257
RHOG,0.002848348332941257
SUCLG1,0.0028354902593441767
ETF1,0.0028354902593441767
HNRNPA2B1,0.0028354902593441767
ORC2,0.0028354902593441767
CBX5,0.0028275727263410494
RGN,0.0028275727263410494
AQP3,0.0028275727263410494
LGALS7,0.002819655193337922
RSAD2,0.0028147146527439703
FABP6,0.0028067971197408424
CLDN4,0.0028067971197408424
CD74,0.0028067971197408424
SERPINB2,0.0028018565791468903
COX7A2,0.0027988795867377137
MSRB1,0.0027988795867377137
IFNG,0.0027860215131406347
LGALS1,0.0027781039801375073
RPL9,0.0027781039801375073
MAPK13,0.0027652459065404273
RAE1,0.0027652459065404273
TMEM50A,0.002757328373537299
ITGB1BP1,0.002757328373537299
ERP29,0.002757328373537299
PTRH2,0.002757328373537299
GINS2,0.002757328373537299
POLR1H,0.0027494108405341712
H2BC3,0.0027494108405341712
DKC1,0.002744470299940219
PANX1,0.002744470299940219
CCDC28A,0.002744470299940219
CDK7,0.002736552766937092
CLDN11,0.002736552766937092
EXOSC7,0.002736552766937092
TAF12,0.002728635233933964
CALML5,0.0027157771603368843
SLC25A11,0.0027157771603368843
GALK2,0.0027157771603368843
DKK4,0.0027157771603368843
ICAM2,0.0027157771603368843
IAPP,0.002707859627333756
PHF7,0.002695001553736676
FKBP14,0.0026870840207335487
CSNK2B,0.0026870840207335487
PSMA2,0.0026870840207335487
PPP1R8,0.0026870840207335487
BMF,0.0026870840207335487
PSMC3IP,0.0026870840207335487
RER1,0.0026870840207335487
SEC61A1,0.002674225947136468
GCLM,0.002666308414133341
SRSF7,0.002666308414133341
PLEK2,0.002666308414133341
PEX11A,0.002666308414133341
POLR2E,0.002666308414133341
CDK9,0.002666308414133341
TNP2,0.002645532807533134
ACTR2,0.002645532807533134
CSF2,0.0026376152745300058
S100A10,0.0026376152745300058
STC1,0.002632674733936054
NF1,0.0026188665563786004
APOM,0.0026168396679297984
NDUFS4,0.0026168396679297984
SH3BGRL2,0.0026168396679297984
FGR,0.002611899127335846
G3BP1,0.002611899127335846
STK38L,0.0026039815943327193
CMBL,0.0025960640613295906
GINS3,0.0025960640613295906
ACVRL1,0.0025911235207356376
DEGS1,0.0025752884547293837
GPR3,0.0025752884547293837
TMEM100,0.0025752884547293837
LEP,0.0025752884547293837
MPZL1,0.0025752884547293837
CXCL11,0.0025673709217262555
SELENBP1,0.002562430381132303
CYB5R3,0.0025545128481291755
C8G,0.0025465953151260472
VAMP4,0.0025465953151260472
CCL13,0.0025465953151260472
SIRT2,0.002533737241528968
RAD23B,0.002533737241528968
KRT18,0.002533737241528968
C1QBP,0.0025258197085258403
CALM1,0.0025258197085258403
UGT2B17,-0.002514925183113537
TRA2B,0.00251296163492876
GPR18,0.0025050441019256325
MVB12A,0.0025050441019256325
RAC2,0.0025050441019256325
RALB,0.0025050441019256325
PSMB5,0.0025050441019256325
SIK1,-0.0024941495765133295
IL12A,0.002484268495325425
CXCL1,0.002476350962322297
IFI27,0.002476350962322297
TFF2,0.002476350962322297
EMP3,0.002476350962322297
HTR1D,0.002471410421728346
ALDH3A2,0.002463492888725218
PTTG1,0.00245557535572209
BST2,0.00245557535572209
GATA1,0.002450634815128137
IRAK4,0.0024427172821250105
FGG,0.0024298592085279305
ALDOB,0.0024298592085279305
TAX1BP3,0.0024268822161187544
LTC4S,0.0024268822161187544
NR1I2,0.0024219416755248023
FGF9,0.0024140241425216753
EIF4E3,0.0024061066095185466
NDUFA2,0.0024061066095185466
TXN,0.0024061066095185466
METAP1,0.0023932485359214675
LITAF,0.0023853310029183393
CDKN3,0.0023853310029183393
YKT6,0.0023853310029183393
FIS1,0.0023853310029183393
PMVK,0.002364555396318132
RAB22A,0.002364555396318132
VPS28,0.002364555396318132
CLDN15,0.002364555396318132
RBP4,0.002364555396318132
BIRC5,0.002364555396318132
MGST1,0.002364555396318132
H2AZ1,0.002356637863315004
ATP5MC3,0.002356637863315004
CYTH2,0.002351697322721051
SLC38A2,0.002351697322721051
RBBP7,0.002351697322721051
BDNF,0.002351697322721051
QDPR,0.002343779789717924
GSTA3,0.002343779789717924
KDELR3,0.002343779789717924
FSHB,0.002343779789717924
BTC,0.002343779789717924
EIF1,0.0023358622567147967
LSM7,0.0023358622567147967
SYNGR1,0.002323004183117717
PTHLH,0.002323004183117717
ATF1,0.002323004183117717
ARFIP2,0.002323004183117717
CNBP,0.002315086650114589
EDN2,0.0022943110435143816
CDA,0.0022943110435143816
PRAF2,0.0022943110435143816
CTSK,0.0022943110435143816
DAPP1,0.0022814529699173016
MAPK1,0.0022814529699173016
CACYBP,0.002273535436914174
TPD52L1,0.002273535436914174
FHL1,0.0022606773633170943
CDK6,0.002252759830313967
CD79A,0.002252759830313967
RDH11,0.002252759830313967
NFKBIZ,0.002247819289720015
GJA1,0.002247819289720015
IRF6,0.002247819289720015
EIF4EBP1,0.0022448422973108386
NDUFS6,0.0022448422973108386
RANBP1,0.0022448422973108386
ATP6V1G1,0.0022448422973108386
NDUFA9,0.0022319842237137587
SDHD,0.0022240666907106304
NFE2L2,0.0022221031425258553
CCR1,0.002219126150116678
HBD,0.0022112086171135513
PAFAH1B1,0.0022112086171135513
RAB31,0.0022032910841104235
RAB1A,0.0022032910841104235
UGP2,0.002190433010513343
NDUFB5,0.0021825154775102157
SRSF2,0.0021825154775102157
MPC1,0.0021745979445070883
COX7B,0.0021745979445070883
GAL,0.00215382233790688
COX5B,0.00215382233790688
PVALB,0.00215382233790688
SNCG,0.00215382233790688
CLP1,0.002140964264309801
REEP5,0.002133046731306673
PPBP,0.002133046731306673
MRPL35,0.002133046731306673
IL15,0.002133046731306673
CXCL14,0.002133046731306673
IL9,0.002133046731306673
NDUFS3,0.002133046731306673
THY1,0.002133046731306673
HTATIP2,0.0021122711247064654
PRDX1,0.0021122711247064654
LPAR1,0.002107330584112513
FKBP1B,0.0021043535917033376
CCL22,0.0021043535917033376
RPS12,0.0021043535917033376
VAMP7,0.002091495518106258
NR0B2,0.002091495518106258
ACAA2,0.002091495518106258
ARPC2,0.002091495518106258
EIF4G2,0.0020865549775123064
AK1,0.00208357798510313
FKBP2,0.00208357798510313
ATP6V1F,0.00208357798510313
FABP3,0.002062802378502922
PEBP1,0.002062802378502922
HSPA9,0.002057861837908969
HOMER1,0.0020499443049058425
TNNI1,-0.002046967312496667
MYL6B,0.002042026771902715
YIPF6,0.002042026771902715
GPX2,-0.0020261917058964594
RAB27A,0.0020212511653025073
PDE6G,0.0020133336322993795
PTGES3,0.0020133336322993795
UCK2,0.0020004755587023004
NCR1,0.001995535018108348
ATP6V0C,0.001992558025699172
CLDN3,0.001992558025699172
MRPL11,0.001992558025699172
DIO2,-0.0019895810332899956
PLAUR,0.001979699952102092
NDUFV2,0.0019717824190989648
MRPS15,0.0019717824190989648
SPC25,0.0019717824190989648
UBE2N,0.0019717824190989648
NPM1,0.001966841878505012
ATP5MG,0.0019638648860958365
ATP5MF,0.0019638648860958365
ATP5ME,0.0019638648860958365
PEX26,0.001951006812498757
ERH,0.0019430892794956292
TNFRSF12A,0.0019430892794956292
ARPC3,0.0019430892794956292
UQCR11,0.0019430892794956292
CLDN18,0.0019381487389016775
POLB,0.00193023120589855
MXD1,0.00193023120589855
BTG2,-0.001927254213489373
RNF11,0.0019223136728954216
TXNL4A,0.0019223136728954216
YPEL5,0.0019223136728954216
CBR4,0.0019223136728954216
NCBP2,0.0019015380662952136
POLR3G,0.0019015380662952136
NDUFA6,0.0019015380662952136
TSN,0.0019015380662952136
ASF1A,0.0019015380662952136
SNCB,0.0019015380662952136
CD160,0.0019015380662952136
PGF,0.0019015380662952136
CDR2,0.0018886799926981336
PDK3,0.0018886799926981336
CCNG1,0.0018807624596950067
IL7,0.0018807624596950067
UQCRFS1,0.0018679043860979263
HNF4A,0.0018629638455039746
PRPS1,0.001859986853094799
CST8,0.001859986853094799
MYL9,0.001859986853094799
RAB4A,0.001859986853094799
NFYA,0.001859986853094799
ARF1,0.001859986853094799
MDK,0.0018520693200916713
IER3,0.0018520693200916713
SLC25A3,0.0018392112464945915
KLK2,0.0018392112464945915
IL18BP,0.0018312937134914633
CNIH2,0.0018312937134914633
SKAP2,0.0018184356398943842
ACP5,0.0018184356398943842
LALBA,0.0018105181068912564
CCK,0.0018105181068912564
DRAM2,0.0018105181068912564
DMC1,0.0017976600332941768
PGRMC1,0.0017897425002910486
CKS1B,0.0017818249672879208
SMPX,0.0017818249672879208
CKS2,0.0017818249672879208
YPEL1,0.0017818249672879208
G3BP2,0.0017768844266939686
ARHGEF6,0.0017719438861000178
CXCL10,0.0017610493606877132
ARL4A,0.0017610493606877132
S100A12,0.0017610493606877132
UPP1,0.0017481912870906339
YWHAE,0.0017481912870906339
STARD4,0.0017481912870906339
AK3,0.0017402737540875052
NGB,0.0017402737540875052
EREG,0.0017402737540875052
VAMP5,0.0017402737540875052
MGST3,0.0017402737540875052
MID1IP1,0.0017402737540875052
MAD2L1,0.0017194981474872983
GRB2,0.0017194981474872983
HINT1,0.0017115806144841705
CCL19,0.0017115806144841705
PRKG2,0.0017096170662993966
RGS16,0.00169872254088709
CYCS,0.0016908050078839629
UQCR10,0.0016908050078839629
PHLDA3,0.0016908050078839629
G0S2,0.0016908050078839629
SULT1B1,0.0016858644672900118
VIP,0.0016779469342868836
HLA-E,0.0016779469342868836
HSDL2,0.0016779469342868836
DHPS,0.0016779469342868836
RPL6,-0.0016749699418777066
DCX,0.0016730063936929319
PSMD14,0.0016700294012837549
ARL2BP,0.0016700294012837549
PITX2,0.0016650888606898027
DHRS2,0.0016571713276866754
NDUFB7,0.001649253794683548
UBE2D3,0.001649253794683548
MTNR1A,0.0016443132540895963
TRIAP1,0.0016413362616804197
MTHFD2,0.0016284781880833402
ARG2,0.0016284781880833402
SFN,0.0016284781880833402
SOCS2,0.0016284781880833402
AKR1A1,0.0016284781880833402
CXCL2,0.0016205606550802121
DAD1,0.0016205606550802121
GSTT2,-0.0016126431220770843
EEF1B2,0.0016077025814831333
ADAM2,0.001605739033298359
MB,0.0015997850484800048
CRABP2,0.0015997850484800048
BCAP31,0.0015790094418797968
RPS6KA3,0.0015740689012858442
GDA,0.0015740689012858442
ATP5PD,0.0015710919088766694
JPT1,0.0015710919088766694
ATP5MC1,0.0015710919088766694
FST,0.0015661513682827168
NPY1R,0.0015612108276887651
PRDX6,0.0015582338352795899
ISCA1,0.001550316302276462
COX7C,0.001550316302276462
COX17,0.001550316302276462
INS,0.001550316302276462
CLDN16,0.0015453757616825095
CD302,-0.0015423987692733338
TGIF2,0.001537458228679382
NHLH2,0.0015295406956762545
NDUFB2,0.0015295406956762545
COX6A1,0.0015295406956762545
CREG1,0.0015295406956762545
ID2,0.0015295406956762545
COX5A,0.0015295406956762545
CXCL13,0.0015295406956762545
S100A11,0.0015295406956762545
ACSL4,-0.0015186461702639507
RNASEH2A,0.0015166826220791747
PHB2,-0.0015137056296699982
SNCA,0.0015087650890760465
PPIF,0.0015087650890760465
SNRPB2,0.0015087650890760465
CBX1,0.0014879894824758396
ATP1B3,0.0014879894824758396
GLIPR1,-0.0014850124900666634
GLRX5,0.0014800719494727113
SNAPC5,0.0014800719494727113
GTF2A2,0.0014800719494727113
MIF,0.0014800719494727113
RHOB,0.0014672138758756318
CALM3,0.0014592963428725037
EMP1,0.0014592963428725037
LSM1,0.0014385207362722962
UBE2D1,0.0014385207362722962
NDUFB6,0.0014385207362722962
TNFSF15,0.001425662662675217
HMOX1,0.001425662662675217
CSRNP2,0.001425662662675217
PGK1,0.001425662662675217
PMP22,0.0014177451296720884
CH25H,0.0014177451296720884
PPIB,0.0014177451296720884
ARF6,-0.001401910063665833
SLC25A20,0.0013969695230718815
TM4SF1,0.0013969695230718815
U2AF1,-0.001393992530662705
NDUFA3,0.0013890519900687536
NDUFA1,0.001368276383468546
NIP7,0.001368276383468546
TNP1,0.001368276383468546
HMGN2,0.001368276383468546
EDF1,0.001368276383468546
COX7A1,0.001368276383468546
CCL11,0.001368276383468546
ARF4,0.001368276383468546
GNG2,0.001368276383468546
SKP1,0.001368276383468546
NHP2,0.001347500776868338
EXOSC2,0.001347500776868338
RAB9A,0.001347500776868338
CRISP2,0.0013346427032712585
CXCL9,0.0013267251702681311
IL10,0.0013267251702681311
POLR2K,0.0013188076372650029
TRAT1,-0.0013158306448558272
CD8B,0.0013138670966710512
RAD51,0.001305949563667923
GZMB,0.001305949563667923
TMEM164,0.001305949563667923
DRAM1,-0.0013029725712587472
PSENEN,0.0012980320306647953
MLLT11,0.0012980320306647953
CCL4,-0.0012901144976616675
CTSO,0.0012851739570677164
LYPD3,0.0012851739570677164
TAF9,0.0012772564240645877
CCL7,0.0012772564240645877
CD3D,0.00125648081746438
INSL5,0.001235705210864173
TAT,0.0012307646702702218
GSTM1,0.001227787677861045
GABARAPL2,0.001227787677861045
STRN,0.0012099890636700136
IL33,0.001194153997663758
PPA1,-0.0011911770052545814
RAP2B,0.0011862364646606297
YWHAZ,0.0011862364646606297
ATP5F1E,0.001178318931657502
BUB3,0.0011654608580604227
PSMA1,0.001144685251460215
METTL7B,0.001144685251460215
SH3BGR,-0.0011417082590510384
GNGT1,0.001136767718457087
SLPI,0.0011159921118568793
NUDT4,0.0011159921118568793
ARL6IP1,0.0011159921118568793
ASF1B,0.0010952165052566716
DDIT4,0.0010952165052566716
CD69,0.0010952165052566716
FAM162A,0.0010952165052566716
KCNJ8,0.0010902759646627194
MT3,0.0010872989722535442
CDC42SE2,0.0010872989722535442
SCG5,-0.0010793814392504161
OAZ3,-0.0010793814392504161
NBL1,-0.0010793814392504161
CST7,0.0010665233656533366
POLR2I,0.0010665233656533366
MRPS12,0.0010665233656533366
POP7,0.0010665233656533366
ARPP19,0.0010665233656533366
UXT,0.0010665233656533366
BET1,0.0010665233656533366
SNRPD1,0.0010665233656533366
CCR8,-0.0010635463732441598
NDUFC2,-0.0010586058326502086
SLC35D1,0.0010536652920562564
RB1,0.001046761203277527
PCP4,0.001045747759053129
SDHC,0.001045747759053129
ARL8A,0.001045747759053129
BATF,0.0010249721524529212
TUBA4A,0.0010121140788558417
IDI1,0.0010041965458527143
MRPL34,0.000996279012849586
RPS27L,0.000996279012849586
APOC2,0.000996279012849586
UFM1,0.000996279012849586
APPBP2,0.0009913384722556344
RPL39,-0.000988361479846458
HSD3B1,0.0009784803986585544
MSMB,0.0009755034062493785
GMFB,0.0009755034062493785
BIK,0.0009755034062493785
RRP9,0.000970562865655427
CCT3,0.000970562865655427
RPLP0,0.0009626453326522996
SIT1,0.0009547277996491709
PLAC8,0.0009547277996491709
IL4,0.0009547277996491709
CALCB,0.0009547277996491709
C8B,0.0009527642514643962
IL2RA,0.0009418697260520914
GNMT,-0.0009388927336429153
PNO1,0.0009339521930489631
LEAP2,0.0009260346600458356
ADIG,0.0009260346600458356
GTF2H5,0.0009260346600458356
RHOA,-0.0009230576676366601
VAMP3,-0.0009181171270427077
ADH5,0.0009131765864487558
DR1,0.0009052590534456282
SYT13,0.0009003185128516758
YWHAH,0.0008844834468454206
SEC11A,0.0008844834468454206
PCNA,0.0008637078402452128
EIF5A,0.0008637078402452128
PSMA4,0.0008637078402452128
HRH1,0.000858767299651262
NDUFB1,0.0008557903072420852
CASP3,0.0008429322336450059
SOD1,0.0008350147006418774
RBX1,0.0008350147006418774
PCBD1,0.0008350147006418774
RPL36,0.0008350147006418774
CTSE,-0.0008320377082327007
PSMA3,0.0008221566270447981
PEX12,0.0008221566270447981
ATP1B1,-0.0008191796346356216
S100A13,0.0008142390940416701
GHITM,0.0008013810204445908
KLF9,-0.0007984040280354142
PRDX2,0.0007934634874414625
TTR,0.0007934634874414625
REG1A,-0.0007825689620291586
NFYB,-0.0007776284214352069
SERTAD3,0.0007726878808412547
HMGCL,0.0007726878808412547
CXCR6,0.0007726878808412547
S100A1,0.0007647703478381272
POLD4,0.0007647703478381272
EIF1B,0.0007647703478381272
UQCRQ,0.0007647703478381272
HMGB2,-0.0007489352818318713
HPRT1,0.0007439947412379198
SLC31A1,0.0007439947412379198
RABIF,0.0007439947412379198
GLRX,0.0007439947412379198
CCL5,-0.0007360772082347917
ID3,-0.0007360772082347917
HBB,0.0007311366676408396
CSRP2,0.0007232191346377122
MOSPD1,0.0007232191346377122
LSM4,0.0007232191346377122
ABI1,-0.0007202421422285365
RHOD,0.0007024435280375044
RCHY1,0.0007024435280375044
XCL1,0.0007024435280375044
TMED10,0.0007024435280375044
PLAC1,0.0007024435280375044
BCL2L1,0.0007024435280375044
GPD1,-0.0006994665356283283
CFHR2,-0.0006836314696220726
GINS4,0.0006816679214372975
COX8A,0.000673750388434169
NDUFA4,0.000673750388434169
POLR3K,0.000673750388434169
BANF1,0.000673750388434169
SCGB1A1,0.000673750388434169
RPS19,0.000673750388434169
PRKAB1,0.0006608923148370893
ID1,0.0006529747818339615
BRS3,0.0006480342412400093
SERP1,-0.0006450572488308337
ISG20,0.0006321991752337541
DDT,0.0006242816422306263
ABCB1,-0.0006202912055970483
FABP4,0.0006035060356304188
HMGA1,0.0006035060356304188
TFF3,0.0006035060356304188
ITGB1BP2,0.000590647962033339
CD7,0.000590647962033339
IL1A,0.000590647962033339
CD59,0.0005827304290302114
TIMM8B,-0.0005748128960270832
LY86,-0.0005668953630239551
PROK2,0.0005619548224300038
PTGDS,0.0005619548224300038
FECH,0.0005490967488329243
PGLYRP1,0.000541179215829796
MT2A,0.0005332616828266683
HCCS,-0.000517426616820413
SCGN,0.0005075455356325096
DYNLL2,-0.0005045685432233328
TFF1,0.000491710469626253
CD151,0.000491710469626253
APOC3,0.000491710469626253
SLN,-0.0004837929366231253
RDH16,0.00047885239602917396
SNRPD2,0.0004709348630260457
FSTL1,-0.00046795787061687
CLU,0.000465994322432094
PF4,-0.00045509979701979005
DHFR,-0.00045509979701979005
NUPR1,0.0004422417234227103
RPS10,0.0004422417234227103
UQCRH,0.0004422417234227103
SRP9,0.0004422417234227103
CXCL8,-0.00043432419041958227
NDUFB3,-0.00043432419041958227
NME1,-0.00043432419041958227
PDZK1IP1,0.00042146611682250296
GADD45G,0.00042146611682250296
CETN2,0.0004006905102222954
MRPL23,0.0004006905102222954
EEF1E1,0.0004006905102222954
TRAIP,0.00038783243662521543
GSTK1,0.0003799149036220876
CLN8,-0.0003769379112129115
FXYD1,0.0003719973706189599
NXT1,-0.00036407983761583174
DCN,0.000354198756427929
DCTPP1,0.0003512217640187522
SUPT4H1,0.0003512217640187522
IFITM1,0.0003512217640187522
POLR2G,0.0003512217640187522
ATP6V0E1,-0.0003433042310156244
UBE2I,0.00033044615741854464
UBE2C,0.00033044615741854464
GSTM2,0.00033044615741854464
SCHIP1,-0.0003225286244154169
TNNC1,-0.000314611091412289
CDC42,0.0003096705508183373
NDUFC1,0.0003017530178152094
PKIA,-0.00029383548481208164
ANG,-0.00029383548481208164
ARL3,-0.00029383548481208164
NDP,-0.00029383548481208164
BTG1,0.0002888949442181295
MPZL2,0.0002888949442181295
EIF1AX,0.0002888949442181295
FCER1G,0.0002809774112150019
OSTC,0.0002809774112150019
MYL12A,-0.00027305987821187386
RHOH,0.00026811933761792216
FBP1,-0.00026514234520874647
SAT1,-0.00026514234520874647
ATOX1,-0.0002522842716116664
FCGR1A,0.0002473437310177148
RPL18,0.00023942619801458698
MYL4,0.00023942619801458698
CD63,0.0002186505914143792
TWSG1,0.0002186505914143792
RPL39L,0.00021073305841125148
PTS,0.00021073305841125148
CEBPG,-0.00020281552540812333
THEM4,0.00019787498481417184
F3,-0.00019489799240499615
GZMK,-0.0001869804594018679
ACTB,0.00018501691121709275
TIMM9,-0.00018203991880791587
NPY5R,0.00018007637062314105
RGS1,0.0001770993782139645
RIT1,-0.00017412238580478794
TNNC2,-0.00015334677920458058
HSD11B1,-0.00014542924620145233
CCL17,0.00014048870560750095
HSPE1,0.00014048870560750095
BCL2L2,-0.00013257117260437323
BLCAP,0.00011971309900729349
FABP5,0.00011971309900729349
CSTF2,0.00011477255841334157
LSM2,-9.101995940395793e-05
GPX3,-9.101995940395793e-05
BDKRB2,-8.80429669947811e-05
APOD,-8.310242640082984e-05
GLA,-7.518489339770288e-05
CLPS,-6.232681980062249e-05
SNRPA1,-6.232681980062249e-05
IL5,4.946874620354296e-05
PGK2,-4.3514761385192446e-05
ELOVL6,3.661067260646387e-05
NEGR1,3.16701320125113e-05
CDKN2D,2.8693139603335393e-05
PHF5A,2.8693139603335393e-05
TOMM22,2.8693139603335393e-05
CRP,2.375259900938391e-05
TIMM10,-2.077560660020746e-05
UBE2L6,7.917533003127825e-06
NABP1,7.917533003127825e-06
HEBP1,7.917533003127825e-06
SKIC3,0.0
NHERF1,0.0
PTTG3P,0.0
GPX4,0.0
XIST,0.0
CROCCP2,0.0
NHERF4,0.0
PHB1,0.0
RIGI,0.0
MIX23,0.0
EEIG1,0.0
HBBP1,0.0
HYCC2,0.0
SELENOP,0.0
SELENOW,0.0
G6PC1,0.0
PALS1,0.0
H2AC25,0.0
PVT1,0.0
BOLA2,0.0
MYL11,0.0
