,freq_tr,freq_te,cnt_tr,cnt_te,abs_diff,rel_change
A2M,0.02386711820674085,0.04399057344854674,148,112,0.02012345524180589,0.8431455807732319
AAAS,0.007095629737139171,0.01178318931657502,44,30,0.004687559579435848,0.6606262943654931
AADAT,0.004031607805192711,0.009426551453260016,25,24,0.005394943648067306,1.3381618224666145
AARS1,0.0,0.015710919088766692,0,40,0.015710919088766692,
ABAT,0.0077406869859700045,0.015710919088766692,48,40,0.007970232102796689,1.0296543597800472
ABCA1,0.025157232704402517,0.04359780047132757,156,111,0.018440567766925056,0.733012568735271
ABCA2,0.01967424608934043,0.05852317360565593,122,149,0.0388489275163155,1.9746081928579706
ABCA3,0.021286889211417512,0.04831107619795758,132,123,0.02702418698654007,1.2695226022995074
ABCA4,0.0325753910659571,0.0600942655145326,202,153,0.027518874448575495,0.8447749527505775
ABCA5,0.018222867279471054,0.037706205813040065,113,96,0.01948333853356901,1.0691697543952339
ABCA6,0.021125624899209806,0.04241948153967007,131,108,0.02129385664046026,1.0079633971564432
ABCA8,0.024995968392194808,0.044383346425765906,155,113,0.019387378033571098,0.775620201201125
ABCA9,0.02144815352362522,0.04477611940298507,133,114,0.02332796587935985,1.0876444843451913
ABCB1,0.03322044831478794,0.03260015710919089,206,83,-0.0006202912055970483,-0.01867196973741406
ABCB11,0.01951298177713272,0.031421838177533384,121,80,0.011908856400400663,0.6103042854453266
ABCB4,0.024028382518948555,0.041633935585231735,149,106,0.01760555306628318,0.7326982185504832
ABCB6,0.009837123044670215,0.015318146111547526,61,39,0.005481023066877311,0.5571774432410853
ABCB7,0.009192065795839382,0.016496465043205028,57,42,0.007304399247365647,0.7946417497002521
ABCB8,0.009030801483631673,0.018853102906520033,56,48,0.00982230142288836,1.0876444843451913
ABCB9,0.006289308176100629,0.022388059701492536,39,57,0.016098751525391905,2.5597014925373127
ABCC1,0.019029188840509595,0.03220738413197172,118,82,0.013178195291462122,0.6925253305284459
ABCC2,0.016932752781809387,0.034171249018067555,105,87,0.017238496236258168,1.018056334867018
ABCC3,0.02048056765037897,0.030243519245875882,127,77,0.009762951595496911,0.476693408217924
ABCC4,0.01644895984518626,0.04006284367635507,102,102,0.02361388383116881,1.4355852317360567
ABCC5,0.017094017094017096,0.04359780047132757,106,111,0.026503783377310478,1.5504713275726627
ABCC8,0.0267698758264796,0.05223880597014925,166,133,0.025468930143669653,0.9514026254270815
ABCD1,0.008547008547008548,0.018853102906520033,53,48,0.010306094359511485,1.2058130400628435
ABCD2,0.013223673601032092,0.016496465043205028,82,42,0.003272791442172936,0.24749487479163873
ABCD3,0.007901951298177712,0.014925373134328358,49,38,0.007023421836150645,0.88882120012184
ABCE1,0.006611836800516046,0.012961508248232521,41,33,0.006349671447716475,0.9603490889582893
ABCF2,0.00822447992259313,0.003534956794972506,51,9,-0.004689523127620624,-0.570190841458343
ABCG2,0.01032091598129334,0.025923016496465043,64,66,0.015602100515171703,1.5116972702278082
ABCG4,0.013062409288824383,0.0204241948153967,81,52,0.007361785526572318,0.5635855808675919
ABCG8,0.013868730849862926,0.023959151610369208,86,61,0.010090420760506282,0.7275662690220867
ABHD2,0.006289308176100629,0.013747054202670856,39,35,0.007457746026570226,1.1857816182246659
ABHD4,0.003709079180777294,0.012568735271013355,23,32,0.008859656090236062,2.388640322415384
ABHD6,0.004999193678438961,0.009033778476040848,31,23,0.004034584797601887,0.8070471074170743
ABI1,0.006611836800516046,0.00589159465828751,41,15,-0.0007202421422285365,-0.1089322322916867
ABI3BP,0.015803902596355425,0.03809897879025923,98,97,0.022295076193903807,1.410732321208138
ABL1,0.014836316723109175,0.0408483896307934,92,104,0.026012072907684227,1.753270261962499
ABLIM1,0.010804708917916465,0.022388059701492536,67,57,0.011583350783576071,1.0720650478948541
ABR,0.012578616352201259,0.029065200314218383,78,74,0.016486583962017125,1.3106834249803614
ACAA1,0.004515400741815836,0.011390416339355853,28,29,0.0068750155975400165,1.522570418583773
ACAA2,0.0041928721174004195,0.006284367635506678,26,16,0.002091495518106258,0.4988216810683425
ACACA,0.027576197387518143,0.04359780047132757,171,111,0.01602160308380943,0.580993922354984
ACADL,0.006450572488308337,0.012568735271013355,40,32,0.006118162782705018,0.9484681853888454
ACADM,0.006450572488308337,0.010604870384917517,40,27,0.00415429789660918,0.6440200314218381
ACADS,0.005805515239477504,0.013747054202670856,36,35,0.007941538963193353,1.367930086410055
ACADSB,0.00612804386389292,0.015318146111547526,38,39,0.009190102247654605,1.4996795799396372
ACADVL,0.004999193678438961,0.018067556952081697,31,46,0.013068363273642736,2.614094214834149
ACAT1,0.004515400741815836,0.014139827179890024,28,36,0.009624426438074186,2.131466726517787
ACAT2,0.003709079180777294,0.012175962293794187,23,31,0.008466883113016892,2.282745312339902
ACE,0.02160941783583293,0.03809897879025923,134,97,0.016489560954426302,0.7630728916298322
ACHE,0.008708272859216255,0.0192458758837392,54,49,0.010537603024522944,1.2100680806493849
ACKR1,0.010159651669085631,0.018067556952081697,63,46,0.007907905282996066,0.7783638199977556
ACKR3,0.010159651669085631,0.016496465043205028,63,42,0.006336813374119397,0.6237234878240379
ACLY,0.01128850185453959,0.04595443833464258,70,117,0.034665936480102987,3.0709067444731235
ACO2,0.0075794226737622965,0.018067556952081697,47,46,0.0104881342783194,1.3837642693586936
ACOT2,0.004515400741815836,0.01335428122545169,28,34,0.008838880483635854,1.9574963528223546
ACOT8,0.004515400741815836,0.010604870384917517,28,27,0.0060894696431016805,1.34860004488834
ACOX1,0.006934365424931463,0.018853102906520033,43,48,0.01191873748158857,1.7187928168216446
ACOX2,0.009675858732462506,0.015318146111547526,60,39,0.00564228737908502,0.5831304006284368
ACOX3,0.011933559103370425,0.021209740769835034,74,54,0.009276181666464609,0.7773189528884734
ACP1,0.003386550556361877,0.010604870384917517,21,27,0.00721831982855564,2.131466726517787
ACP2,0.0032252862441541686,0.01021209740769835,20,26,0.006986811163544182,2.1662608012568736
ACP5,0.005644250927269795,0.007462686567164179,35,19,0.0018184356398943842,0.3221748400852879
ACRBP,0.006611836800516046,0.014532600157109192,41,37,0.007920763356593145,1.1979671603471729
ACRV1,0.0038703434929850023,0.008248232521602514,24,21,0.004377889028617512,1.1311370777690497
ACSL1,0.008063215610385421,0.020031421838177535,50,51,0.011968206227792114,1.484296936370778
ACSL3,0.006934365424931463,0.012961508248232521,43,33,0.0060271428233010585,0.8691700615648805
ACSL4,0.010159651669085631,0.00864100549882168,63,22,-0.0015186461702639507,-0.14947817304455172
ACSL5,0.007901951298177712,0.012961508248232521,49,33,0.005059556950054809,0.6402920948426505
ACSL6,0.011933559103370425,0.01610369206598586,74,41,0.0041701329626154336,0.3494458716375446
ACSM1,0.014675052410901468,0.020816967792615867,91,53,0.006141915381714399,0.4185276624396812
ACSM3,0.009837123044670215,0.013747054202670856,61,35,0.0039099311580006405,0.3974669362419995
ACSS1,0.01032091598129334,0.01728201099764336,64,44,0.006961095016350021,0.6744648468185387
ACSS2,0.00725689404934688,0.016496465043205028,45,42,0.009239570993858148,1.2732128829536526
ACTA1,0.008869537171423964,0.018460329929300863,55,47,0.0095907927578769,1.0813182889380846
ACTA2,0.006773101112723754,0.010997643362136685,42,28,0.004224542249412931,0.6237234878240377
ACTB,0.008063215610385421,0.008248232521602514,50,21,0.00018501691121709275,0.022945797329143845
ACTC1,0.009030801483631673,0.016889238020424194,56,43,0.007858436536792522,0.8701815172259004
ACTG1,0.0075794226737622965,0.01178318931657502,47,30,0.004203766642812723,0.5546288713208871
ACTG2,0.006934365424931463,0.010997643362136685,43,28,0.004063277937205222,0.5859624764792926
ACTL7B,0.009514594420254797,0.021209740769835034,59,54,0.011695146349580236,1.2291797036228314
ACTN1,0.009675858732462506,0.022780832678711706,60,58,0.0131049739462492,1.3543990573448548
ACTN2,0.022415739396871474,0.041633935585231735,139,106,0.01921819618836026,0.85735276664764
ACTN3,0.0,0.02199528672427337,0,56,0.02199528672427337,
ACTN4,0.010804708917916465,0.034956794972505895,67,89,0.02415208605458943,2.2353296361867026
ACTR2,0.004031607805192711,0.006677140612725845,25,17,0.002645532807533134,0.6561979575805186
ACTR3,0.003386550556361877,0.007069913589945012,21,18,0.003683363033583135,1.0876444843451913
ACVR1,0.006289308176100629,0.014139827179890024,39,36,0.007850519003789394,1.2482325216025136
ACVR1B,0.010643444605708756,0.022388059701492536,66,57,0.01174461509578378,1.103459972862958
ACVR2A,0.01128850185453959,0.045168892380204245,70,115,0.033880390525664654,3.0013185949949506
ACVRL1,0.009192065795839382,0.01178318931657502,57,30,0.0025911235207356376,0.28188696407160857
ADA,0.005321722302854378,0.011390416339355853,33,29,0.006068694036501475,1.1403627794044136
ADAD1,0.013707466537655217,0.0204241948153967,85,52,0.006716728277741484,0.4900050829444111
ADAM10,0.0075794226737622965,0.015710919088766692,47,40,0.008131496415004396,1.072838495094516
ADAM12,0.015481373971940009,0.03338570306362922,96,85,0.017904329091689215,1.1565077572663003
ADAM15,0.01032091598129334,0.018853102906520033,64,48,0.008532186925226693,0.8266889238020425
ADAM17,0.007901951298177712,0.014139827179890024,49,36,0.006237875881712311,0.7894095580101642
ADAM19,0.013707466537655217,0.029850746268656716,85,76,0.0161432797310015,1.1776997366110622
ADAM2,0.019996774713755845,0.021602513747054203,124,55,0.001605739033298359,0.080299901173251
ADAM23,0.015158845347524593,0.025530243519245877,94,65,0.010371398171721283,0.6841812772642945
ADAM8,0.005321722302854378,0.022780832678711706,33,58,0.017459110375857328,3.280725558808827
ADAM9,0.008708272859216255,0.020031421838177535,54,51,0.01132314897896128,1.3002749410840537
ADAMDEC1,0.013707466537655217,0.01728201099764336,85,44,0.0035745444599881437,0.26077353172219386
ADAMTS1,0.01225608772778584,0.04006284367635507,76,102,0.02780675594856923,2.2688117583826024
ADAMTS5,0.02144815352362522,0.05066771406127259,133,129,0.029219560537647366,1.362334548074822
ADAR,0.0133849379132398,0.029065200314218383,83,74,0.015680262400978584,1.1714856282947976
ADCY1,0.023544589582325432,0.04713275726630008,146,120,0.023588167683974644,1.0018508753994984
ADCY2,0.029188840509595228,0.045168892380204245,181,115,0.015980051870609017,0.5474712798323011
ADCY6,0.011449766166747298,0.030636292223095052,71,78,0.019186526056347755,1.675713353174823
ADCY9,0.019996774713755845,0.038884524744697564,124,99,0.01888775003094172,0.9445398221118517
ADCYAP1,0.003709079180777294,0.016889238020424194,23,43,0.013180158839646901,3.553485433245671
ADD1,0.008547008547008548,0.018067556952081697,53,46,0.009520548405073149,1.1139041633935582
ADD2,0.01564263828414772,0.031421838177533384,97,80,0.015779199893385665,1.0087300880297372
ADD3,0.0075794226737622965,0.020031421838177535,47,51,0.012451999164415238,1.6428690812455082
ADGRA2,0.0,0.03181461115475255,0,81,0.03181461115475255,
ADGRE1,0.0,0.023173605655930872,0,59,0.023173605655930872,
ADGRG1,0.0,0.01021209740769835,0,26,0.01021209740769835,
ADGRL2,0.0,0.02670856245090338,0,68,0.02670856245090338,
ADGRL4,0.0,0.021602513747054203,0,55,0.021602513747054203,
ADH1C,0.0,0.01178318931657502,0,30,0.01178318931657502,
ADH4,0.006289308176100629,0.01021209740769835,39,26,0.003922789231597721,0.6237234878240376
ADH5,0.0041928721174004195,0.005106048703849175,26,13,0.0009131765864487558,0.21779261586802826
ADH7,0.007418158361554588,0.014532600157109192,46,37,0.007114441795554604,0.9590576863963935
ADIG,0.0006450572488308337,0.0015710919088766694,4,4,0.0009260346600458356,1.4355852317360567
ADIPOQ,0.0041928721174004195,0.011390416339355853,26,29,0.007197544221955433,1.7166142969363707
ADIPOR1,0.00516045799064667,0.011390416339355853,32,29,0.006229958348709183,1.2072491162608012
ADIPOR2,0.0041928721174004195,0.007462686567164179,26,19,0.0032698144497637594,0.7798507462686566
ADM,0.002580228995323335,0.01178318931657502,16,30,0.009202960321251685,3.566722309505106
ADORA2B,0.0020964360587002098,0.007855459544383346,13,20,0.005759023485683136,2.747054202670856
ADRA1B,0.0059667795516852125,0.034171249018067555,37,87,0.028204469466382342,4.72691662597397
ADRA2B,0.009353330108047089,0.024351924587588374,58,62,0.014998594479541286,1.6035566270281987
ADRA2C,0.004515400741815836,0.03260015710919089,28,83,0.028084756367375053,6.219770508360454
ADRM1,0.003709079180777294,0.007462686567164179,23,19,0.003753607386386885,1.0120051914341337
ADSL,0.0075794226737622965,0.010997643362136685,47,28,0.0034182206883743883,0.4509869465661613
AEBP1,0.013062409288824383,0.0420267085624509,81,107,0.028964299273626516,2.2173780221698522
AEN,0.0038703434929850023,0.008248232521602514,24,21,0.004377889028617512,1.1311370777690497
AFAP1L2,0.01032091598129334,0.01728201099764336,64,44,0.006961095016350021,0.6744648468185387
AFF1,0.014997581035316884,0.029850746268656716,93,76,0.014853165233339832,0.9903707270101108
AFG3L2,0.0075794226737622965,0.015710919088766692,47,40,0.008131496415004396,1.072838495094516
AGER,0.0027414933075310434,0.01021209740769835,17,26,0.007470604100167307,2.725012707361028
AGFG1,0.005321722302854378,0.012175962293794187,33,31,0.006854239990939809,1.2879740055702351
AGGF1,0.00822447992259313,0.020031421838177535,51,51,0.011806941915584405,1.4355852317360567
AGL,0.019029188840509595,0.030636292223095052,118,78,0.011607103382585457,0.609963119283156
AGO2,0.014029995162070633,0.030636292223095052,87,78,0.01660629706102442,1.1836281387978442
AGO4,0.010159651669085631,0.03338570306362922,63,85,0.02322605139454359,2.286107058691505
AGPAT3,0.005321722302854378,0.012961508248232521,33,33,0.0076397859453781435,1.4355852317360567
AGPAT4,0.007095629737139171,0.021602513747054203,44,55,0.014506884009915032,2.0444815396700706
AGR2,0.0020964360587002098,0.007855459544383346,13,20,0.005759023485683136,2.747054202670856
AGRN,0.01564263828414772,0.06677140612725845,97,170,0.051128767843110726,3.2685514370631914
AGXT,0.006773101112723754,0.02631578947368421,42,67,0.019542688360960455,2.8853383458646618
AHCY,0.005644250927269795,0.01021209740769835,35,26,0.004567846480428556,0.8092918864324994
AHNAK,0.056281244960490244,0.3040062843676355,349,774,0.24772503940714524,4.401555786142429
AHR,0.009837123044670215,0.01767478397486253,61,45,0.007837660930192315,0.7967432037397139
AHSP,0.0020964360587002098,0.007069913589945012,13,18,0.004973477531244802,2.3723487824037703
AIFM1,0.0077406869859700045,0.01335428122545169,48,34,0.005613594239481685,0.7252062058130402
AIFM3,0.009353330108047089,0.020816967792615867,58,53,0.011463637684568779,1.2256209876208795
AIMP2,0.003709079180777294,0.01178318931657502,23,30,0.008074110135797726,2.176850302264422
AK1,0.001451378809869376,0.003534956794972506,9,9,0.00208357798510313,1.4355852317360565
AK2,0.004676665054023544,0.01767478397486253,29,45,0.012998118920838986,2.779356394073192
AK3,0.002580228995323335,0.00432050274941084,16,11,0.0017402737540875052,0.6744648468185387
AK4,0.0017739074342847927,0.009033778476040848,11,23,0.007259871041756055,4.092587302720846
AKAP1,0.009837123044670215,0.018067556952081697,61,46,0.008230433907411482,0.8366708304894851
AKAP10,0.005321722302854378,0.01728201099764336,33,44,0.011960288694788983,2.2474469756480753
AKAP12,0.018867924528301886,0.045168892380204245,117,115,0.02630096785190236,1.3939512961508251
AKAP13,0.031124012256087727,0.04870384917517675,193,124,0.01757983691908902,0.5648319623589172
AKAP4,0.018061602967263345,0.014925373134328358,112,38,-0.0031362298329349874,-0.17364072494669514
AKAP7,0.0041928721174004195,0.016496465043205028,26,42,0.012303592925804609,2.934406912804399
AKR1A1,0.0038703434929850023,0.0054988216810683424,24,14,0.0016284781880833402,0.42075805184603304
AKR1B10,0.0059667795516852125,0.0192458758837392,37,49,0.013279096332053986,2.2255047663531555
AKR1C2,0.0035478148685695854,0.007069913589945012,22,18,0.0035220987213754264,0.9927515532385918
AKR1C3,0.004515400741815836,0.014139827179890024,28,36,0.009624426438074186,2.131466726517787
AKR1D1,0.0075794226737622965,0.012568735271013355,47,32,0.004989312597251059,0.658270796075613
AKT1,0.0077406869859700045,0.0192458758837392,48,49,0.011505188897769195,1.486326590730558
AKT1S1,0.0016126431220770843,0.007462686567164179,10,19,0.005850043445087095,3.6276119402985074
AKT2,0.009998387356877922,0.014139827179890024,62,36,0.004141439823012101,0.41421077971771036
AKT3,0.006611836800516046,0.018460329929300863,41,47,0.011848493128784818,1.7920123388193818
ALAD,0.0041928721174004195,0.01021209740769835,26,26,0.006019225290297931,1.4355852317360565
ALAS1,0.007418158361554588,0.016889238020424194,46,43,0.009471079658869607,1.2767427166228356
ALAS2,0.009998387356877922,0.018460329929300863,62,47,0.00846194257242294,0.8463307401870106
ALB,0.015320109659732302,0.020816967792615867,95,53,0.0054968581328835656,0.3588001819159051
ALCAM,0.009030801483631673,0.01335428122545169,56,34,0.004323479741820017,0.4787481764111772
ALDH18A1,0.008869537171423964,0.016496465043205028,55,42,0.007626927871781064,0.8599014496893523
ALDH1A1,0.009353330108047089,0.014925373134328358,58,38,0.005572043026281269,0.5957282552753475
ALDH1A2,0.009675858732462506,0.01767478397486253,60,45,0.007998925242400024,0.8266889238020425
ALDH1A3,0.0077406869859700045,0.014532600157109192,48,37,0.006791913171139187,0.8774302827965438
ALDH1L1,0.0172552814062248,0.03338570306362922,107,85,0.01613042165740442,0.9348106981080825
ALDH2,0.007095629737139171,0.01767478397486253,44,45,0.010579154237723359,1.4909394415482398
ALDH3A1,0.006934365424931463,0.022780832678711706,43,58,0.015846467253780243,2.2852079869928206
ALDH3A2,0.004999193678438961,0.007462686567164179,31,19,0.002463492888725218,0.4927780452575831
ALDH3B1,0.003709079180777294,0.015710919088766692,23,40,0.0120018399079894,3.235800403019229
ALDH6A1,0.00516045799064667,0.014925373134328358,32,38,0.009764915143681687,1.892257462686567
ALDH7A1,0.004837929366231253,0.01335428122545169,30,34,0.008516351859220436,1.760329929300864
ALDH8A1,0.008547008547008548,0.018853102906520033,53,48,0.010306094359511485,1.2058130400628435
ALDH9A1,0.00516045799064667,0.010997643362136685,32,28,0.005837185371490015,1.1311370777690495
ALDOA,0.00516045799064667,0.009426551453260016,32,24,0.004266093462613346,0.8266889238020425
ALDOB,0.009353330108047089,0.01178318931657502,58,30,0.0024298592085279305,0.2597854646910638
ALDOC,0.004515400741815836,0.009033778476040848,28,23,0.004518377734225012,1.0006592974974748
ALG1,0.00516045799064667,0.01335428122545169,32,34,0.008193823234805019,1.58780930871956
ALMS1,0.041928721174004195,0.1021209740769835,260,260,0.06019225290297931,1.4355852317360565
ALOX12B,0.009514594420254797,0.02513747054202671,59,64,0.015622876121771913,1.641990759849282
ALOX15,0.007901951298177712,0.01610369206598586,49,41,0.008201740767808146,1.0379386632893535
ALOX15B,0.008708272859216255,0.023173605655930872,54,59,0.014465332796714617,1.6611023828227287
ALS2,0.017094017094017096,0.03181461115475255,106,81,0.014720594060735455,0.861154752553024
ALYREF,0.002257700370907918,0.009033778476040848,14,23,0.00677607810513293,3.0013185949949497
AMACR,0.00612804386389292,0.014925373134328358,38,38,0.008797329270435437,1.4355852317360565
AMBN,0.009837123044670215,0.020031421838177535,61,51,0.01019429879350732,1.0363089642383423
AMD1,0.0035478148685695854,0.006677140612725845,22,17,0.0031293257441562593,0.8820431336142256
AMFR,0.0059667795516852125,0.020816967792615867,37,53,0.014850188240930654,2.4888112778921885
AMH,0.0019351717464925011,0.01610369206598586,12,41,0.014168520319493358,7.321582875098192
AMIGO1,0.005482986615062087,0.014532600157109192,34,37,0.009049613542047105,1.6504898110068853
AMIGO2,0.0,0.012961508248232521,0,33,0.012961508248232521,
AMMECR1,0.0032252862441541686,0.01178318931657502,20,30,0.008557903072420851,2.653377847604085
AMOT,0.015803902596355425,0.029065200314218383,98,74,0.013261297717862958,0.8391153790660022
AMPD3,0.013707466537655217,0.022780832678711706,85,58,0.009073366141056489,0.6619287463610739
AMPH,0.017739074342847928,0.03652788688138256,110,93,0.018788812538534632,1.0591766050132114
ANG,0.002257700370907918,0.0019638648860958365,14,5,-0.00029383548481208164,-0.13014813152283702
ANGPT1,0.010643444605708756,0.01610369206598586,66,41,0.0054602474602771026,0.5130150681996715
ANGPTL3,0.004999193678438961,0.00864100549882168,31,22,0.0036418118203827192,0.7284798418772014
ANGPTL4,0.00516045799064667,0.010997643362136685,32,28,0.005837185371490015,1.1311370777690495
ANK1,0.037897113368811484,0.0624509033778476,235,159,0.024553790009036118,0.6479066036001403
ANKH,0.009514594420254797,0.016496465043205028,59,42,0.006981870622950231,0.7338064361510912
ANKRA2,0.002580228995323335,0.0054988216810683424,16,14,0.0029185926857450075,1.1311370777690495
ANKRD2,0.004031607805192711,0.01767478397486253,25,45,0.01364317616966982,3.3840534171249024
ANKZF1,0.00612804386389292,0.023173605655930872,38,59,0.01704556179203795,2.7815665440112456
ANLN,0.013223673601032092,0.028279654359780047,82,72,0.015055980758747955,1.138562642499952
ANO1,0.01451378809869376,0.031029065200314218,90,79,0.016515277101620457,1.1379025923016495
ANP32E,0.003386550556361877,0.007462686567164179,21,19,0.004076136010802302,1.2036247334754797
ANPEP,0.018867924528301886,0.030243519245875882,117,77,0.011375594717573996,0.6029065200314219
ANTXR2,0.005321722302854378,0.019638648860958365,33,50,0.014316926558103987,2.6902806541455404
ANXA1,0.0043541364296081275,0.010604870384917517,27,27,0.006250733955309389,1.4355852317360565
ANXA10,0.00612804386389292,0.009819324430479183,38,25,0.003691280566586262,0.6023587050895108
ANXA13,0.004676665054023544,0.015710919088766692,29,40,0.011034254034743148,2.359427905842837
ANXA2,0.002902757619738752,0.006677140612725845,18,17,0.003774382992987093,1.3002749410840535
ANXA4,0.004999193678438961,0.010604870384917517,31,27,0.005605676706478556,1.1213161695765654
ANXA5,0.0032252862441541686,0.007462686567164179,20,19,0.00423740032301001,1.3138059701492535
ANXA9,0.004999193678438961,0.009033778476040848,31,23,0.004034584797601887,0.8070471074170743
AOC3,0.012739880664408966,0.021602513747054203,79,55,0.008862633082645238,0.6956606043732041
AOX1,0.02144815352362522,0.029065200314218383,133,74,0.007617046790593163,0.3551376477328436
AP1G1,0.009998387356877922,0.018853102906520033,62,48,0.00885471554964211,0.8856143729569472
AP2B1,0.010965973230124174,0.016889238020424194,68,43,0.005923264790300021,0.540149484774271
AP2M1,0.004999193678438961,0.010997643362136685,31,28,0.005998449683697724,1.1998834351164382
AP2S1,0.0006450572488308337,0.005106048703849175,4,13,0.004460991455018342,6.915652003142184
AP3B1,0.011127237542331882,0.029850746268656716,69,76,0.018723508726324833,1.6826735885788446
AP3S1,0.002902757619738752,0.01335428122545169,18,34,0.010451523605712937,3.600549882168107
AP4B1,0.008708272859216255,0.021602513747054203,54,55,0.012894240887837949,1.4806886619533912
APAF1,0.012739880664408966,0.02199528672427337,79,56,0.009255406059864404,0.7264907971799895
APBB1,0.010159651669085631,0.023173605655930872,63,59,0.013013953986845241,1.2809448995623387
APBB2,0.009353330108047089,0.019638648860958365,58,50,0.010285318752911277,1.099642441151773
APC,0.059184002580228996,0.27729772191673213,367,706,0.21811371933650314,3.6853492468818962
APEX1,0.0032252862441541686,0.007855459544383346,20,20,0.004630173300229178,1.4355852317360567
APH1A,0.00306402193194646,0.008248232521602514,19,21,0.005184210589656054,1.6919626245503785
APLNR,0.011127237542331882,0.01767478397486253,69,45,0.006547546432530648,0.5884251511322108
APLP1,0.01451378809869376,0.020816967792615867,90,53,0.006303179693922108,0.43428908091123325
APLP2,0.008547008547008548,0.020031421838177535,53,51,0.011484413291168987,1.3436763550667714
APOA1,0.0035478148685695854,0.009819324430479183,22,25,0.006271509561909597,1.767710490609155
APOA4,0.006773101112723754,0.018067556952081697,42,46,0.011294455839357943,1.6675457299966334
APOBEC3F,0.0027414933075310434,0.01021209740769835,17,26,0.007470604100167307,2.725012707361028
APOBEC3G,0.005321722302854378,0.015318146111547526,33,39,0.009996423808693148,1.8784189102335216
APOC1,0.0016126431220770843,0.012961508248232521,10,33,0.011348865126155436,7.037431264728986
APOC2,0.0009675858732462506,0.0019638648860958365,6,5,0.000996279012849586,1.0296543597800472
APOC3,0.002257700370907918,0.0027494108405341712,14,7,0.000491710469626253,0.21779261586802823
APOD,0.0032252862441541686,0.003142183817753339,20,8,-8.310242640082984e-05,-0.02576590730557729
APOE,0.002580228995323335,0.016889238020424194,16,43,0.01430900902510086,5.545635310290652
APOH,0.00822447992259313,0.015318146111547526,51,39,0.007093666188954396,0.8625063536805139
APOL6,0.0041928721174004195,0.01021209740769835,26,26,0.006019225290297931,1.4355852317360565
APOM,0.0020964360587002098,0.004713275726630008,13,12,0.0026168396679297984,1.2482325216025139
APP,0.011449766166747298,0.018460329929300863,71,47,0.007010563762553565,0.6122888153745726
APPBP2,0.00725689404934688,0.008248232521602514,45,21,0.0009913384722556344,0.1366064414768264
APRT,0.0019351717464925011,0.008248232521602514,12,21,0.006313060775110013,3.2622741555380994
AQP3,0.00306402193194646,0.00589159465828751,19,15,0.0028275727263410494,0.922830446107413
AQP7,0.007418158361554588,0.010604870384917517,46,27,0.003186712023362929,0.42958263601898966
AQP9,0.00612804386389292,0.009033778476040848,38,23,0.002905734612147928,0.47417000868235004
AR,0.01854539590388647,0.06323644933228594,115,161,0.04469105342839946,2.409819324430479
ARAF,0.0075794226737622965,0.01728201099764336,47,44,0.009702588323881064,1.2801223446039676
ARAP3,0.017900338655055636,0.04241948153967007,111,108,0.02451914288461443,1.369758603851298
ARCN1,0.00612804386389292,0.012961508248232521,38,33,0.006833464384339601,1.1151134907181544
AREG,0.002257700370907918,0.011390416339355853,14,29,0.009132715968447934,4.045140837167546
ARF1,0.004031607805192711,0.00589159465828751,25,15,0.001859986853094799,0.46135113904163394
ARF4,0.0017739074342847927,0.003142183817753339,11,8,0.001368276383468546,0.7713347139898595
ARF6,0.002580228995323335,0.001178318931657502,16,3,-0.001401910063665833,-0.5433277690494893
ARFGAP1,0.004837929366231253,0.014139827179890024,30,36,0.00930189781365877,1.9227022780832679
ARFGAP3,0.005321722302854378,0.015710919088766692,33,40,0.010389196785912314,1.9522245233164324
ARFGEF1,0.021931946460248347,0.040455616653574236,136,103,0.01852367019332589,0.8445976387412782
ARFGEF2,0.022254475084663765,0.04673998428908091,138,119,0.024485509204417145,1.1002510331637008
ARFIP1,0.004999193678438961,0.009033778476040848,31,23,0.004034584797601887,0.8070471074170743
ARFIP2,0.0043541364296081275,0.006677140612725845,27,17,0.002323004183117717,0.5335166273893691
ARG1,0.003709079180777294,0.006677140612725845,23,17,0.002968061431948551,0.8002151712831723
ARG2,0.0038703434929850023,0.0054988216810683424,24,14,0.0016284781880833402,0.42075805184603304
ARHGAP10,0.008869537171423964,0.019638648860958365,55,50,0.010769111689534401,1.214168392487324
ARHGAP27,0.006611836800516046,0.02356637863315004,41,60,0.016954541832633993,2.5642710708332532
ARHGAP29,0.014997581035316884,0.029065200314218383,93,74,0.014067619278901499,0.937992549983529
ARHGAP4,0.008869537171423964,0.02474469756480754,55,63,0.015875160393383575,1.7898521745340281
ARHGAP5,0.02177068214804064,0.03456402199528672,135,88,0.012793339847246083,0.58764074365017
ARHGDIA,0.0019351717464925011,0.014532600157109192,12,37,0.01259742841061669,6.509721131186176
ARHGDIG,0.001451378809869376,0.009819324430479183,9,25,0.008367945620609806,5.7655145326001564
ARHGEF11,0.019190453152717304,0.04006284367635507,119,102,0.020872390523637766,1.0876444843451916
ARHGEF12,0.01628769553297855,0.031421838177533384,101,80,0.015134142644554833,0.9291764211770744
ARHGEF2,0.014675052410901468,0.022780832678711706,91,58,0.008105780267810237,0.5523510268207833
ARHGEF3,0.007901951298177712,0.019638648860958365,49,50,0.011736697562780653,1.4852910527918946
ARHGEF6,0.013546202225447508,0.015318146111547526,84,39,0.0017719438861000178,0.13080742902031203
ARHGEF7,0.012094823415578132,0.024351924587588374,75,62,0.012257101172010242,1.013417124901807
ARHGEF9,0.008708272859216255,0.016496465043205028,54,42,0.007788192183988773,0.8943440691280442
ARID4A,0.016771488469601678,0.031029065200314218,104,79,0.01425757673071254,0.8501080125687351
ARID4B,0.01628769553297855,0.023959151610369208,101,61,0.0076714560773906565,0.4709970211475194
ARID5B,0.018222867279471054,0.031029065200314218,113,79,0.012806197920843164,0.7027542770544111
ARL2BP,0.002257700370907918,0.003927729772191673,14,10,0.0016700294012837549,0.739703736954326
ARL3,0.002257700370907918,0.0019638648860958365,14,5,-0.00029383548481208164,-0.13014813152283702
ARL4A,0.0017739074342847927,0.003534956794972506,11,9,0.0017610493606877132,0.9927515532385918
ARL6IP1,0.0024189646831156266,0.003534956794972506,15,9,0.0011159921118568793,0.4613511390416339
ARL8A,0.0020964360587002098,0.003142183817753339,13,8,0.001045747759053129,0.4988216810683425
ARPC2,0.0041928721174004195,0.006284367635506678,26,16,0.002091495518106258,0.4988216810683425
ARPC3,0.0008063215610385422,0.0027494108405341712,5,7,0.0019430892794956292,2.4098193244304795
ARPC5L,0.0008063215610385422,0.008248232521602514,5,21,0.007441910960563972,9.229457973291439
ARPP19,0.0012901144976616675,0.002356637863315004,8,6,0.0010665233656533366,0.8266889238020425
ARPP21,0.020319303338171262,0.03534956794972506,126,90,0.015030264611553799,0.7397037369543262
ARRB1,0.00516045799064667,0.012568735271013355,32,32,0.007408277280366685,1.4355852317360567
ARRB2,0.003386550556361877,0.0204241948153967,21,52,0.017037644259034826,5.030972954774998
ART3,0.00612804386389292,0.01021209740769835,38,26,0.00408405354380543,0.6664530532930913
ARTN,0.0009675858732462506,0.010604870384917517,6,27,0.009637284511671266,9.960133542812253
ASB13,0.002902757619738752,0.006677140612725845,18,17,0.003774382992987093,1.3002749410840535
ASB7,0.0043541364296081275,0.009426551453260016,27,24,0.005072415023651889,1.1649646504320506
ASCL1,0.003386550556361877,0.018853102906520033,21,48,0.015466552350158156,4.5670519582538445
ASF1A,0.0024189646831156266,0.00432050274941084,15,11,0.0019015380662952136,0.7860958366064413
ASF1B,0.0032252862441541686,0.00432050274941084,20,11,0.0010952165052566716,0.33957187745483103
ASL,0.007418158361554588,0.012961508248232521,46,33,0.005543349886677934,0.747267666245432
ASNS,0.008385744234800839,0.01728201099764336,52,44,0.008896266762842522,1.0608798114689706
ASS1,0.00725689404934688,0.015318146111547526,45,39,0.008061252062200645,1.1108405341712488
ATAD2,0.019190453152717304,0.047918303220738416,119,122,0.028727850068021112,1.4969865400991507
ATF1,0.0043541364296081275,0.006677140612725845,27,17,0.002323004183117717,0.5335166273893691
ATF3,0.0019351717464925011,0.00864100549882168,12,22,0.0067058337523291794,3.4652395915161036
ATF4,0.006450572488308337,0.012175962293794187,40,31,0.00572538980548585,0.8875785545954439
ATF5,0.0035478148685695854,0.025530243519245877,22,65,0.021982428650676292,6.196047275583804
ATF6,0.01128850185453959,0.0204241948153967,70,52,0.009135692960857112,0.8092918864324994
ATG10,0.0020964360587002098,0.00864100549882168,13,22,0.006544569440121471,3.121759622937941
ATG4A,0.004515400741815836,0.007855459544383346,28,20,0.0033400588025675098,0.739703736954326
ATG4B,0.0038703434929850023,0.01178318931657502,24,30,0.007912845823590017,2.0444815396700706
ATL2,0.0059667795516852125,0.014532600157109192,37,37,0.00856582060542398,1.4355852317360567
ATOH8,0.002580228995323335,0.009426551453260016,16,24,0.006846322457936682,2.653377847604085
ATOX1,0.0006450572488308337,0.00039277297721916735,4,1,-0.0002522842716116664,-0.39110369206598583
ATP1A1,0.012094823415578132,0.03456402199528672,75,88,0.02246919857970859,1.8577533385703062
ATP1A3,0.02048056765037897,0.03260015710919089,127,83,0.012119589458811919,0.5917604270401001
ATP1B1,0.0043541364296081275,0.003534956794972506,27,9,-0.0008191796346356216,-0.1881382560879811
ATP1B3,0.0032252862441541686,0.004713275726630008,20,12,0.0014879894824758396,0.46135113904163405
ATP2A1,0.0172552814062248,0.0420267085624509,107,107,0.0247714271562261,1.4355852317360567
ATP2A2,0.012578616352201259,0.021602513747054203,78,55,0.009023897394852945,0.717399842890809
ATP2B1,0.015320109659732302,0.022780832678711706,95,58,0.007460723018979404,0.48698887832306614
ATP2B4,0.01644895984518626,0.03574234092694423,102,91,0.019293381081757967,1.1729240792939328
ATP2C1,0.010804708917916465,0.018067556952081697,67,46,0.007262848034165232,0.6721928456695314
ATP4A,0.01741654571843251,0.04595443833464258,108,117,0.028537892616210068,1.6385506677140615
ATP5F1A,0.0,0.007069913589945012,0,18,0.007069913589945012,
ATP5F1B,0.0,0.006284367635506678,0,16,0.006284367635506678,
ATP5F1C,0.0,0.006677140612725845,0,17,0.006677140612725845,
ATP5F1D,0.0,0.003534956794972506,0,9,0.003534956794972506,
ATP5F1E,0.0,0.001178318931657502,0,3,0.001178318931657502,
ATP5MC1,0.0,0.0015710919088766694,0,4,0.0015710919088766694,
ATP5MC2,0.0,0.0054988216810683424,0,14,0.0054988216810683424,
ATP5MC3,0.0,0.002356637863315004,0,6,0.002356637863315004,
ATP5ME,0.0,0.0019638648860958365,0,5,0.0019638648860958365,
ATP5MF,0.0,0.0019638648860958365,0,5,0.0019638648860958365,
ATP5MG,0.0,0.0019638648860958365,0,5,0.0019638648860958365,
ATP5PB,0.0,0.007462686567164179,0,19,0.007462686567164179,
ATP5PD,0.0,0.0015710919088766694,0,4,0.0015710919088766694,
ATP5PF,0.0,0.003142183817753339,0,8,0.003142183817753339,
ATP5PO,0.0,0.003142183817753339,0,8,0.003142183817753339,
ATP6AP1,0.005321722302854378,0.01335428122545169,33,34,0.008032558922597311,1.5093908448189677
ATP6V0A1,0.009353330108047089,0.020031421838177535,58,51,0.010678091730130446,1.1416352899748086
ATP6V0A4,0.0133849379132398,0.03574234092694423,83,91,0.022357403013704428,1.6703404347949538
ATP6V0B,0.002257700370907918,0.008248232521602514,14,21,0.0059905321506945955,2.6533778476040846
ATP6V0C,0.0019351717464925011,0.003927729772191673,12,10,0.001992558025699172,1.0296543597800472
ATP6V0D1,0.0043541364296081275,0.00864100549882168,27,22,0.004286869069213553,0.9845509295627127
ATP6V0E1,0.001128850185453959,0.0007855459544383347,7,2,-0.0003433042310156244,-0.30411850521826955
ATP6V1B1,0.011127237542331882,0.0204241948153967,69,52,0.009296957273064819,0.8355135079749991
ATP6V1C1,0.0041928721174004195,0.009033778476040848,26,23,0.004840906358640429,1.1545561665357422
ATP6V1D,0.002580228995323335,0.007855459544383346,16,20,0.0052752305490600115,2.0444815396700706
ATP6V1E1,0.0024189646831156266,0.00589159465828751,15,15,0.003472629975171883,1.4355852317360565
ATP6V1F,0.001451378809869376,0.003534956794972506,9,9,0.00208357798510313,1.4355852317360565
ATP6V1G1,0.0012901144976616675,0.003534956794972506,8,9,0.0022448422973108386,1.7400333857030639
ATP6V1H,0.005482986615062087,0.010997643362136685,34,28,0.005514656747074598,1.0057760731943994
ATP7A,0.018061602967263345,0.025923016496465043,112,66,0.007861413529201697,0.435255582987319
ATP8B1,0.012739880664408966,0.029065200314218383,79,74,0.01632531964980942,1.2814342677021293
ATRN,0.014191259474278342,0.02670856245090338,88,68,0.012517302976625037,0.8820431336142256
ATRX,0.06369940332204484,0.05852317360565593,395,149,-0.005176229716388904,-0.08126025435779137
ATXN1,0.01628769553297855,0.061272584446190104,101,156,0.04498488891321155,2.761894021295295
ATXN2,0.013707466537655217,0.034956794972505895,85,89,0.021249328434850678,1.5502010073471653
AUH,0.003709079180777294,0.008248232521602514,23,21,0.00453915334082522,1.2237952115850952
AURKA,0.0041928721174004195,0.009426551453260016,26,24,0.005233679335859597,1.2482325216025139
AURKB,0.004676665054023544,0.011390416339355853,29,29,0.006713751285332309,1.435585231736057
AUTS2,0.019351717464925013,0.05577376276512176,120,142,0.03642204530019675,1.882109190887667
AVL9,0.006773101112723754,0.016889238020424194,42,43,0.01011613690770044,1.4935753563012009
AVPR1A,0.009998387356877922,0.0204241948153967,62,52,0.010425807458518779,1.0427489040366928
AXIN1,0.012739880664408966,0.025530243519245877,79,65,0.012790362854836911,1.0039625324410593
AXIN2,0.012578616352201259,0.03927729772191673,78,100,0.026698681369715472,2.1225451688923798
AXL,0.017094017094017096,0.03534956794972506,106,90,0.018255550855707965,1.0679497250589158
AZGP1,0.00516045799064667,0.01021209740769835,32,26,0.005051639417051681,0.978913000785546
B2M,0.00725689404934688,0.024351924587588374,45,62,0.017095030538241494,2.355695208169678
B3GALT6,0.001451378809869376,0.016496465043205028,9,42,0.015045086233335652,10.366064414768264
B3GAT1,0.008385744234800839,0.020031421838177535,52,51,0.011645677603376696,1.388747054202671
B3GAT3,0.004515400741815836,0.009426551453260016,28,24,0.00491115071144418,1.0876444843451913
B3GNT3,0.0077406869859700045,0.018067556952081697,48,46,0.010326869966111693,1.3341025137470544
B4GALNT2,0.009998387356877922,0.020816967792615867,62,53,0.010818580435737945,1.082032536806629
B4GALT1,0.0035478148685695854,0.006677140612725845,22,17,0.0031293257441562593,0.8820431336142256
B4GALT2,0.005321722302854378,0.009426551453260016,33,24,0.004104829150405638,0.7713347139898595
B4GALT4,0.003386550556361877,0.012175962293794187,21,31,0.00878941173743231,2.595387723038941
B4GALT5,0.00612804386389292,0.01335428122545169,38,34,0.007226237361558769,1.1792078389217349
B4GALT7,0.0035478148685695854,0.009819324430479183,22,25,0.006271509561909597,1.767710490609155
BACH1,0.010159651669085631,0.015710919088766692,63,40,0.005551267419681061,0.5464033217371788
BAG1,0.0016126431220770843,0.009033778476040848,10,23,0.007421135353963764,4.60184603299293
BAG3,0.0059667795516852125,0.02199528672427337,37,56,0.016028507172588156,2.6862911615464635
BAIAP2,0.0077406869859700045,0.028279654359780047,48,72,0.020538967373810044,2.653377847604085
BAK1,0.002902757619738752,0.007462686567164179,18,19,0.004559928947425428,1.5708955223880599
BANF1,0.0012901144976616675,0.0019638648860958365,8,5,0.000673750388434169,0.5222407698350353
BANK1,0.01435252378648605,0.02356637863315004,89,60,0.009213854846663988,0.641967571956892
BARD1,0.009514594420254797,0.023959151610369208,59,61,0.01444455719011441,1.5181474429813469
BASP1,0.0041928721174004195,0.015318146111547526,26,39,0.011125273994147106,2.6533778476040846
BATF,0.002902757619738752,0.003927729772191673,18,10,0.0010249721524529212,0.35310290652003135
BATF2,0.002902757619738752,0.007069913589945012,18,18,0.00416715597020626,1.4355852317360565
BATF3,0.001451378809869376,0.00864100549882168,9,22,0.007189626688952304,4.953652788688138
BAX,0.004031607805192711,0.02631578947368421,25,67,0.0222841816684915,5.527368421052632
BAZ2A,0.01741654571843251,0.029065200314218383,108,74,0.011648654595785873,0.6688269180413723
BBOX1,0.006289308176100629,0.012175962293794187,39,31,0.005886654117693558,0.9359780047132756
BCAM,0.010804708917916465,0.027101335428122545,67,69,0.01629662651020608,1.5082892685042972
BCAN,0.019190453152717304,0.030243519245875882,119,77,0.011053066093158578,0.5759669146527424
BCAP31,0.0027414933075310434,0.00432050274941084,17,11,0.0015790094418797968,0.5759669146527423
BCAR1,0.010965973230124174,0.02356637863315004,68,60,0.012600405403025865,1.149045792708285
BCAR3,0.009192065795839382,0.020816967792615867,57,53,0.011624901996776486,1.2646669698598418
BCAT1,0.006773101112723754,0.01335428122545169,42,34,0.006581180112727935,0.9716642352149031
BCKDHA,0.005482986615062087,0.01335428122545169,34,34,0.007871294610389603,1.4355852317360567
BCKDHB,0.004031607805192711,0.008248232521602514,25,21,0.004216624716409803,1.0458915946582876
BCL10,0.0041928721174004195,0.012961508248232521,26,33,0.008768636130832102,2.091319717203456
BCL11B,0.01451378809869376,0.03809897879025923,90,97,0.02358519069156547,1.625019638648861
BCL2,0.0032252862441541686,0.009033778476040848,20,23,0.00580849223188668,1.8009230164964651
BCL2A1,0.002902757619738752,0.009426551453260016,18,24,0.006523793833521264,2.2474469756480757
BCL2L1,0.0032252862441541686,0.003927729772191673,20,10,0.0007024435280375044,0.21779261586802826
BCL2L10,0.001451378809869376,0.009426551453260016,9,24,0.00797517264339064,5.494893951296151
BCL2L11,0.0043541364296081275,0.008248232521602514,27,21,0.0038940960919943866,0.8943440691280442
BCL2L13,0.004837929366231253,0.009819324430479183,30,25,0.0049813950642479295,1.029654359780047
BCL2L2,0.0020964360587002098,0.0019638648860958365,13,5,-0.00013257117260437323,-0.06323644933228603
BCL3,0.005321722302854378,0.020031421838177535,33,51,0.014709699535323157,2.7640862672284516
BCL6,0.012739880664408966,0.02513747054202671,79,64,0.012397589877617745,0.9731323396342739
BCR,0.012901144976616674,0.03613511390416339,80,92,0.02323396892754672,1.8009230164964651
BDH2,0.0035478148685695854,0.007462686567164179,22,19,0.003914871698594594,1.1034599728629582
BDKRB1,0.005321722302854378,0.01335428122545169,33,34,0.008032558922597311,1.5093908448189677
BDKRB2,0.009514594420254797,0.009426551453260016,59,24,-8.80429669947811e-05,-0.009253465056519281
BDNF,0.006289308176100629,0.00864100549882168,39,22,0.002351697322721051,0.3739198743126471
BEST1,0.005321722302854378,0.018067556952081697,33,46,0.012745834649227319,2.3950582018138973
BET1,0.0012901144976616675,0.002356637863315004,8,6,0.0010665233656533366,0.8266889238020425
BGN,0.005805515239477504,0.012961508248232521,36,33,0.007155993008755018,1.2326197957580518
BHLHE40,0.00516045799064667,0.009426551453260016,32,24,0.004266093462613346,0.8266889238020425
BID,0.0027414933075310434,0.009426551453260016,17,24,0.006685058145728973,2.4384732683332566
BIK,0.0017739074342847927,0.0027494108405341712,11,7,0.0009755034062493785,0.549917874741127
BIN1,0.00612804386389292,0.014925373134328358,38,38,0.008797329270435437,1.4355852317360565
BIRC2,0.006450572488308337,0.009426551453260016,40,24,0.002975978964951679,0.46135113904163405
BIRC3,0.00725689404934688,0.01767478397486253,45,45,0.01041788992551565,1.4355852317360565
BIRC5,0.0027414933075310434,0.005106048703849175,17,13,0.002364555396318132,0.8625063536805139
BLCAP,0.001451378809869376,0.0015710919088766694,9,4,0.00011971309900729349,0.08248232521602522
BLVRA,0.004676665054023544,0.012175962293794187,29,31,0.007499297239770643,1.6035566270281987
BLVRB,0.0017739074342847927,0.004713275726630008,11,12,0.0029393682923452152,1.657002070984789
BMF,0.0024189646831156266,0.005106048703849175,15,13,0.0026870840207335487,1.110840534171249
BMP1,0.011449766166747298,0.03574234092694423,71,91,0.02429257476019693,2.12166557870396
BMP2,0.006611836800516046,0.014139827179890024,41,36,0.007527990379373978,1.138562642499952
BMP2K,0.01225608772778584,0.032992930086410056,76,84,0.020736842358624216,1.6919626245503785
BMP6,0.009030801483631673,0.02474469756480754,56,63,0.01571389608117587,1.7400333857030637
BMPR1A,0.0043541364296081275,0.012961508248232521,27,33,0.008607371818624393,1.9768263943440691
BMPR1B,0.008063215610385421,0.014925373134328358,50,38,0.006862157523942937,0.851044776119403
BMPR2,0.012739880664408966,0.03927729772191673,79,100,0.026537417057507763,2.0830192806785526
BNIP3,0.0027414933075310434,0.010997643362136685,17,28,0.008256150054605641,3.011552146388799
BNIP3L,0.0012901144976616675,0.005106048703849175,8,13,0.003815934206187508,2.957826001571092
BOLA2,0.0,0.0,0,0,0.0,
BPGM,0.002902757619738752,0.007069913589945012,18,18,0.00416715597020626,1.4355852317360565
BPHL,0.004999193678438961,0.011390416339355853,31,29,0.006391222660916892,1.2784507006563113
BPNT1,0.003709079180777294,0.007462686567164179,23,19,0.003753607386386885,1.0120051914341337
BRAF,0.0706337687469763,0.09033778476040849,438,230,0.01970401601343219,0.27896028150523516
BRCA1,0.021125624899209806,0.030636292223095052,131,78,0.009510667323885245,0.45019578683520917
BRCA2,0.03080148363167231,0.059308719560094265,191,151,0.028507235928421956,0.9255150261368825
BRDT,0.013707466537655217,0.025923016496465043,85,66,0.012215549958809826,0.891160297583291
BRF2,0.001128850185453959,0.01178318931657502,7,30,0.01065433913112106,9.438222421725957
BRMS1L,0.002580228995323335,0.009426551453260016,16,24,0.006846322457936682,2.653377847604085
BRPF3,0.014191259474278342,0.023959151610369208,88,61,0.009767892136090866,0.6883033992715848
BRS3,0.008385744234800839,0.009033778476040848,52,23,0.0006480342412400093,0.07727808326787111
BSG,0.00516045799064667,0.01178318931657502,32,30,0.006622731325928349,1.283361154752553
BST2,0.002257700370907918,0.004713275726630008,14,12,0.00245557535572209,1.0876444843451913
BTBD3,0.007901951298177712,0.015710919088766692,49,40,0.00780896779058898,0.9882328422335157
BTC,0.0035478148685695854,0.00589159465828751,22,15,0.002343779789717924,0.6606262943654931
BTG1,0.004031607805192711,0.00432050274941084,25,11,0.0002888949442181295,0.07165750196386485
BTG2,0.004676665054023544,0.0027494108405341712,29,7,-0.001927254213489373,-0.41210011647750355
BTG3,0.00306402193194646,0.006677140612725845,19,17,0.0036131186807793845,1.1792078389217349
BTRC,0.009837123044670215,0.01610369206598586,61,41,0.006266569021315643,0.6370326967406279
BUB1,0.011611030478955007,0.018853102906520033,72,48,0.0072420724275650255,0.6237234878240379
BUB1B,0.009998387356877922,0.018460329929300863,62,47,0.00846194257242294,0.8463307401870106
BUB3,0.0035478148685695854,0.004713275726630008,22,12,0.0011654608580604227,0.3285010354923946
BYSL,0.0043541364296081275,0.01335428122545169,27,34,0.009000144795843563,2.0670332547787384
C1QA,0.004031607805192711,0.014139827179890024,25,36,0.010108219374697313,2.5072427336999215
C1QBP,0.002580228995323335,0.005106048703849175,16,13,0.0025258197085258403,0.978913000785546
C1QC,0.00725689404934688,0.012568735271013355,45,32,0.005311841221666475,0.7319717203456403
C1R,0.008547008547008548,0.02788688138256088,53,71,0.019339872835552333,2.2627651217596227
C1S,0.012739880664408966,0.02199528672427337,79,56,0.009255406059864404,0.7264907971799895
C2,0.0077406869859700045,0.018460329929300863,48,47,0.01071964294333086,1.3848438727415555
C3,0.03209159812933398,0.05341712490180676,199,136,0.021325526772472778,0.6645205603824306
C3AR1,0.008547008547008548,0.016496465043205028,53,42,0.00794945649619648,0.9300864100549882
C4BPB,0.00306402193194646,0.007855459544383346,19,20,0.004791437612436886,1.5637739281432173
C5,0.016126431220770843,0.029065200314218383,100,74,0.01293876909344754,0.802333071484682
C5AR1,0.007901951298177712,0.012568735271013355,49,32,0.004666783972835643,0.5905862737868127
C8A,0.014029995162070633,0.02631578947368421,87,67,0.012285794311613576,0.8756805807622504
C8B,0.017900338655055636,0.018853102906520033,111,48,0.0009527642514643962,0.05322604615613262
C8G,0.0017739074342847927,0.00432050274941084,11,11,0.0025465953151260472,1.4355852317360562
C9,0.012739880664408966,0.020031421838177535,79,51,0.007291541173768569,0.5723398331460621
CA1,0.004837929366231253,0.00864100549882168,30,22,0.003803076132590427,0.7860958366064413
CA12,0.0041928721174004195,0.009033778476040848,26,23,0.004840906358640429,1.1545561665357422
CA2,0.005482986615062087,0.012568735271013355,34,32,0.007085748655951268,1.292315512222171
CA4,0.004676665054023544,0.010997643362136685,29,28,0.006320978308113141,1.3515995340899858
CA6,0.006450572488308337,0.014925373134328358,40,38,0.00847480064602002,1.3138059701492535
CAB39,0.00306402193194646,0.008248232521602514,19,21,0.005184210589656054,1.6919626245503785
CAB39L,0.0059667795516852125,0.009033778476040848,37,23,0.003066998924355636,0.5140124413494405
CACNA1A,0.03773584905660377,0.18931657501963864,234,482,0.15158072596303487,4.016889238020425
CACNA1B,0.032252862441541685,0.10761979575805185,200,274,0.07536693331651016,2.3367517674783977
CACNA1F,0.024189646831156264,0.04713275726630008,150,120,0.022943110435143813,0.9484681853888453
CACNA1H,0.027414933075310434,0.07973291437549096,170,203,0.052317981300180526,1.9083753061318791
CACNA2D2,0.012739880664408966,0.02749410840534171,79,70,0.014754227740932746,1.1581134964749868
CACNG1,0.0035478148685695854,0.011390416339355853,22,29,0.007842601470786267,2.2105441691066203
CACYBP,0.0032252862441541686,0.0054988216810683424,20,14,0.002273535436914174,0.7049096622152397
CAD,0.026124818577648767,0.04713275726630008,162,120,0.02100793868865131,0.8041372086933751
CADM1,0.012578616352201259,0.020031421838177535,78,51,0.007452805485976276,0.592498036135114
CADM2,0.014029995162070633,0.019638648860958365,87,50,0.005608653698887732,0.39976162743451527
CADM3,0.014675052410901468,0.018067556952081697,91,46,0.0033925045411802284,0.2311749523061384
CALB2,0.004837929366231253,0.009033778476040848,30,23,0.004195849109809595,0.8672820109976433
CALCB,0.002580228995323335,0.003534956794972506,16,9,0.0009547277996491709,0.3700166928515318
CALCR,0.013546202225447508,0.02356637863315004,84,60,0.01002017640770253,0.7397037369543261
CALCRL,0.010482180293501049,0.018460329929300863,65,47,0.007978149635799814,0.7611154752553022
CALD1,0.012739880664408966,0.025530243519245877,79,65,0.012790362854836911,1.0039625324410593
CALM1,0.002580228995323335,0.005106048703849175,16,13,0.0025258197085258403,0.978913000785546
CALM3,0.0012901144976616675,0.0027494108405341712,8,7,0.0014592963428725037,1.1311370777690495
CALML5,0.0043541364296081275,0.007069913589945012,27,18,0.0027157771603368843,0.6237234878240379
CALR,0.005321722302854378,0.01178318931657502,33,30,0.006461467013720641,1.214168392487324
CALU,0.0038703434929850023,0.01021209740769835,24,26,0.006341753914713349,1.6385506677140615
CAMK1D,0.009030801483631673,0.01335428122545169,56,34,0.004323479741820017,0.4787481764111772
CAMK2B,0.007901951298177712,0.031029065200314218,49,79,0.023127113902136506,2.9267598634111938
CAMK4,0.01225608772778584,0.021602513747054203,76,55,0.009346426019268363,0.7625945755984621
CAMKK2,0.006611836800516046,0.05498821681068342,41,140,0.04837638001016738,7.316632498610924
CANT1,0.005321722302854378,0.018460329929300863,33,47,0.013138607626446485,2.468863814896808
CANX,0.005644250927269795,0.02513747054202671,35,64,0.019493219614756915,3.4536415666030753
CAP1,0.0032252862441541686,0.007855459544383346,20,20,0.004630173300229178,1.4355852317360567
CAP2,0.009837123044670215,0.013747054202670856,61,35,0.0039099311580006405,0.3974669362419995
CAPG,0.004031607805192711,0.010604870384917517,25,27,0.006573262579724806,1.630432050274941
CAPN2,0.008385744234800839,0.019638648860958365,52,50,0.011252904626157526,1.3419088766692848
CAPN3,0.012901144976616674,0.018067556952081697,80,46,0.005166411975465022,0.40046150824823257
CAPN5,0.009192065795839382,0.01610369206598586,57,41,0.006911626270146477,0.7519121842311982
CAPN9,0.009030801483631673,0.021209740769835034,56,54,0.012178939286203361,1.34860004488834
CAPZB,0.002580228995323335,0.008248232521602514,16,21,0.0056680035262791795,2.1967056166535746
CARTPT,0.002257700370907918,0.006677140612725845,14,17,0.004419440241817927,1.9574963528223546
CASP1,0.007418158361554588,0.010997643362136685,46,28,0.003579485000582097,0.48253014105673014
CASP10,0.0077406869859700045,0.015318146111547526,48,39,0.007577459125577521,0.9789130007855461
CASP2,0.005805515239477504,0.011390416339355853,36,29,0.005584901099878349,0.9619992144540457
CASP3,0.0038703434929850023,0.004713275726630008,24,12,0.0008429322336450059,0.21779261586802842
CASP4,0.005482986615062087,0.01178318931657502,34,30,0.006300202701512932,1.149045792708285
CASP5,0.011127237542331882,0.0396700706991359,69,101,0.028542833156804014,2.565132005874517
CASP6,0.0032252862441541686,0.007069913589945012,20,18,0.003844627345790843,1.192026708562451
CASP7,0.0035478148685695854,0.014532600157109192,22,37,0.010984785288539606,3.0962115261015497
CASP8,0.014029995162070633,0.03260015710919089,87,83,0.01857016194712026,1.3236043015412957
CASP8AP2,0.0,0.03260015710919089,0,83,0.03260015710919089,
CASP9,0.005482986615062087,0.009819324430479183,34,25,0.004336337815417096,0.7908714939235709
CASQ1,0.007901951298177712,0.013747054202670856,49,35,0.005845102904493143,0.7397037369543262
CASQ2,0.0059667795516852125,0.018067556952081697,37,46,0.012100777400396483,2.028024882698881
CAST,0.006450572488308337,0.018853102906520033,40,48,0.012402530418211696,1.9227022780832683
CAT,0.006773101112723754,0.011390416339355853,42,29,0.004617315226632099,0.681713612389182
CAV1,0.002902757619738752,0.006284367635506678,18,16,0.0033816100157679258,1.1649646504320503
CAV2,0.0016126431220770843,0.00589159465828751,10,15,0.0042789515362104255,2.653377847604085
CAV3,0.002902757619738752,0.006677140612725845,18,17,0.003774382992987093,1.3002749410840535
CAVIN1,0.0,0.006677140612725845,0,17,0.006677140612725845,
CAVIN2,0.0,0.01335428122545169,0,34,0.01335428122545169,
CAVIN3,0.0,0.007855459544383346,0,20,0.007855459544383346,
CBFA2T3,0.009675858732462506,0.022780832678711706,60,58,0.0131049739462492,1.3543990573448548
CBL,0.012578616352201259,0.0204241948153967,78,52,0.007845578463195443,0.6237234878240376
CBLB,0.016932752781809387,0.028279654359780047,105,72,0.01134690157797066,0.670115587476153
CBR1,0.0016126431220770843,0.009033778476040848,10,23,0.007421135353963764,4.60184603299293
CBR3,0.001451378809869376,0.012961508248232521,9,33,0.011510129438363145,7.930479183032207
CBR4,0.0016126431220770843,0.003534956794972506,10,9,0.0019223136728954216,1.192026708562451
CBS,0.0075794226737622965,0.00432050274941084,47,11,-0.0032589199243514564,-0.4299694138490081
CBX1,0.0032252862441541686,0.004713275726630008,20,12,0.0014879894824758396,0.46135113904163405
CBX3,0.002902757619738752,0.019638648860958365,18,50,0.016735891241219613,5.7655145326001564
CBX5,0.00306402193194646,0.00589159465828751,19,15,0.0028275727263410494,0.922830446107413
CBX8,0.006450572488308337,0.0204241948153967,40,52,0.013973622327088365,2.1662608012568736
CCDC106,0.004837929366231253,0.008248232521602514,30,21,0.003410303155371261,0.7049096622152397
CCDC28A,0.006289308176100629,0.009033778476040848,39,23,0.002744470299940219,0.4363707776904948
CCDC88A,0.01983551040154814,0.038884524744697564,123,99,0.019049014343149425,0.9603490889582892
CCK,0.002902757619738752,0.004713275726630008,18,12,0.0018105181068912564,0.6237234878240379
CCL11,0.0017739074342847927,0.003142183817753339,11,8,0.001368276383468546,0.7713347139898595
CCL13,0.0017739074342847927,0.00432050274941084,11,11,0.0025465953151260472,1.4355852317360562
CCL17,0.0006450572488308337,0.0007855459544383347,4,2,0.00014048870560750095,0.21779261586802834
CCL19,0.0006450572488308337,0.002356637863315004,4,6,0.0017115806144841705,2.653377847604085
CCL2,0.0020964360587002098,0.005106048703849175,13,13,0.0030096126451489656,1.4355852317360565
CCL20,0.0016126431220770843,0.004713275726630008,10,12,0.003100632604552924,1.9227022780832683
CCL22,0.0006450572488308337,0.0027494108405341712,4,7,0.0021043535917033376,3.262274155538099
CCL24,0.0019351717464925011,0.006284367635506678,12,16,0.004349195889014177,2.2474469756480757
CCL25,0.0016126431220770843,0.00589159465828751,10,15,0.0042789515362104255,2.653377847604085
CCL4,0.0012901144976616675,0.0,8,0,-0.0012901144976616675,-1.0
CCL5,0.001128850185453959,0.00039277297721916735,7,1,-0.0007360772082347917,-0.6520592526091348
CCL7,0.002257700370907918,0.003534956794972506,14,9,0.0012772564240645877,0.5657333632588935
CCN1,0.0,0.006677140612725845,0,17,0.006677140612725845,
CCN2,0.0,0.006284367635506678,0,16,0.006284367635506678,
CCN5,0.0,0.009819324430479183,0,25,0.009819324430479183,
CCNA1,0.010965973230124174,0.018460329929300863,68,47,0.007494356699176689,0.6834192042881566
CCNA2,0.0041928721174004195,0.009819324430479183,26,25,0.005626452313078763,1.3419088766692848
CCNB2,0.0043541364296081275,0.008248232521602514,27,21,0.0038940960919943866,0.8943440691280442
CCND1,0.004031607805192711,0.00864100549882168,25,22,0.00460939769362897,1.1433150039277298
CCND2,0.005644250927269795,0.012568735271013355,35,32,0.00692448434374356,1.2268207833015377
CCND3,0.00306402193194646,0.006677140612725845,19,17,0.0036131186807793845,1.1792078389217349
CCNE1,0.005482986615062087,0.012961508248232521,34,33,0.007478521633170435,1.3639503719791137
CCNF,0.009675858732462506,0.021209740769835034,60,54,0.011533882037372527,1.1920267085624507
CCNG1,0.0032252862441541686,0.005106048703849175,20,13,0.0018807624596950067,0.5831304006284368
CCNG2,0.00306402193194646,0.007855459544383346,19,20,0.004791437612436886,1.5637739281432173
CCNK,0.004515400741815836,0.03181461115475255,28,81,0.027299210412936713,6.045800134665019
CCNL1,0.00612804386389292,0.01335428122545169,38,34,0.007226237361558769,1.1792078389217349
CCNO,0.0019351717464925011,0.006677140612725845,12,17,0.004741968866233344,2.4504124116260804
CCNT1,0.008385744234800839,0.01610369206598586,52,41,0.007717947831185019,0.9203652788688135
CCP110,0.008708272859216255,0.023173605655930872,54,59,0.014465332796714617,1.6611023828227287
CCR1,0.008385744234800839,0.010604870384917517,52,27,0.002219126150116678,0.2646307934014138
CCR2,0.008547008547008548,0.014925373134328358,53,38,0.00637836458731981,0.7462686567164177
CCR4,0.006450572488308337,0.01178318931657502,40,30,0.005332616828266682,0.8266889238020424
CCR5,0.006450572488308337,0.013747054202670856,40,35,0.007296481714362518,1.1311370777690495
CCR7,0.006934365424931463,0.010604870384917517,43,27,0.003670504959986054,0.5293209594621748
CCR8,0.0077406869859700045,0.006677140612725845,48,17,-0.0010635463732441598,-0.1373968970934799
CCRL2,0.0038703434929850023,0.009033778476040848,24,23,0.0051634349830558465,1.3341025137470544
CCSER2,0.009192065795839382,0.02199528672427337,57,56,0.012803220928433988,1.3928556662670026
CCT2,0.006289308176100629,0.014532600157109192,39,37,0.008243291981008562,1.3106834249803614
CCT3,0.008063215610385421,0.009033778476040848,50,23,0.000970562865655427,0.12036920659858606
CCT4,0.0032252862441541686,0.014139827179890024,20,36,0.010914540935735855,3.384053417124902
CCT5,0.0077406869859700045,0.011390416339355853,48,29,0.0036497293533858484,0.4714994108405343
CCT6A,0.005321722302854378,0.012568735271013355,33,32,0.007247012968158977,1.3617796186531461
CCT6B,0.006773101112723754,0.018067556952081697,42,46,0.011294455839357943,1.6675457299966334
CCT7,0.005644250927269795,0.013747054202670856,35,35,0.008102803275401062,1.435585231736057
CD14,0.0035478148685695854,0.01021209740769835,22,26,0.006664282539128765,1.8784189102335214
CD151,0.002257700370907918,0.0027494108405341712,14,7,0.000491710469626253,0.21779261586802823
CD160,0.0024189646831156266,0.00432050274941084,15,11,0.0019015380662952136,0.7860958366064413
CD1D,0.008869537171423964,0.018853102906520033,55,48,0.009983565735096069,1.1256016567878313
CD2,0.006934365424931463,0.013747054202670856,43,35,0.006812688777739393,0.9824530955991156
CD207,0.006934365424931463,0.014925373134328358,43,38,0.007991007709396895,1.1523776466504685
CD209,0.01032091598129334,0.03220738413197172,64,82,0.02188646815067838,2.1205935781618224
CD247,0.0041928721174004195,0.007462686567164179,26,19,0.0032698144497637594,0.7798507462686566
CD274,0.002902757619738752,0.007462686567164179,18,19,0.004559928947425428,1.5708955223880599
CD276,0.004837929366231253,0.014925373134328358,30,38,0.010087443768097105,2.0850746268656715
CD28,0.0038703434929850023,0.007462686567164179,24,19,0.0035923430741791767,0.9281716417910448
CD2AP,0.00725689404934688,0.014532600157109192,45,37,0.007275706107762312,1.0025923016496465
CD302,0.0019351717464925011,0.00039277297721916735,12,1,-0.0015423987692733338,-0.7970345640219952
CD34,0.005482986615062087,0.014139827179890024,34,36,0.008656840564827937,1.5788549512499424
CD36,0.006289308176100629,0.014532600157109192,39,37,0.008243291981008562,1.3106834249803614
CD37,0.0027414933075310434,0.009033778476040848,17,23,0.006292285168509805,2.2952035488193707
CD38,0.005805515239477504,0.012175962293794187,36,31,0.0063704470543166835,1.0973095051060486
CD3D,0.00306402193194646,0.00432050274941084,19,11,0.00125648081746438,0.4100756604787695
CD3E,0.0035478148685695854,0.007462686567164179,22,19,0.003914871698594594,1.1034599728629582
CD3G,0.002257700370907918,0.01610369206598586,14,41,0.01384599169507794,6.132785321512736
CD4,0.008547008547008548,0.01728201099764336,53,44,0.008735002450634813,1.021995286724273
CD40,0.003709079180777294,0.00864100549882168,23,22,0.0049319263180443865,1.3296902216605757
CD40LG,0.005644250927269795,0.009033778476040848,35,23,0.0033895275487710536,0.6005274379979801
CD44,0.007095629737139171,0.015318146111547526,44,39,0.008222516374408354,1.158814182675141
CD46,0.0043541364296081275,0.012175962293794187,27,31,0.00782182586418606,1.796412673474732
CD47,0.002902757619738752,0.006284367635506678,18,16,0.0033816100157679258,1.1649646504320503
CD48,0.0041928721174004195,0.012175962293794187,26,31,0.007983090176393768,1.9039670070699135
CD55,0.00516045799064667,0.010997643362136685,32,28,0.005837185371490015,1.1311370777690495
CD59,0.0017739074342847927,0.002356637863315004,11,6,0.0005827304290302114,0.3285010354923946
CD63,0.003709079180777294,0.003927729772191673,23,10,0.0002186505914143792,0.058950100754807194
CD69,0.0032252862441541686,0.00432050274941084,20,11,0.0010952165052566716,0.33957187745483103
CD7,0.004515400741815836,0.005106048703849175,28,13,0.000590647962033339,0.13080742902031195
CD70,0.0035478148685695854,0.007462686567164179,22,19,0.003914871698594594,1.1034599728629582
CD74,0.0038703434929850023,0.006677140612725845,24,17,0.0028067971197408424,0.7252062058130402
CD79A,0.004031607805192711,0.006284367635506678,25,16,0.002252759830313967,0.5587745483110764
CD79B,0.0032252862441541686,0.00864100549882168,20,22,0.005415719254667512,1.6791437549096622
CD80,0.00306402193194646,0.012175962293794187,19,31,0.009111940361847728,2.9738495886219876
CD81,0.0024189646831156266,0.010604870384917517,15,27,0.008185905701801891,3.384053417124902
CD82,0.003709079180777294,0.014532600157109192,23,37,0.010823520976331897,2.9181153727927867
CD83,0.003386550556361877,0.007462686567164179,21,19,0.004076136010802302,1.2036247334754797
CD86,0.008547008547008548,0.01610369206598586,53,41,0.007556683518977311,0.8841319717203453
CD8A,0.0043541364296081275,0.013747054202670856,27,35,0.009392917773062729,2.157240115213407
CD8B,0.006934365424931463,0.008248232521602514,43,21,0.0013138670966710512,0.1894718573594695
CD9,0.003386550556361877,0.006284367635506678,21,16,0.0028978170791448005,0.8556839860846147
CD96,0.010643444605708756,0.0192458758837392,66,49,0.008602431278030443,0.8082375205313149
CD99,0.0020964360587002098,0.00864100549882168,13,22,0.006544569440121471,3.121759622937941
CDA,0.0024189646831156266,0.004713275726630008,15,12,0.0022943110435143816,0.9484681853888454
CDADC1,0.0043541364296081275,0.01335428122545169,27,34,0.009000144795843563,2.0670332547787384
CDC14B,0.005805515239477504,0.012175962293794187,36,31,0.0063704470543166835,1.0973095051060486
CDC20,0.005644250927269795,0.01021209740769835,35,26,0.004567846480428556,0.8092918864324994
CDC25A,0.005482986615062087,0.014139827179890024,34,36,0.008656840564827937,1.5788549512499424
CDC25B,0.00612804386389292,0.020031421838177535,38,51,0.013903377974284615,2.2688117583826024
CDC27,0.023060796645702306,0.0192458758837392,143,49,-0.0038149207619631066,-0.1654288366778547
CDC34,0.0024189646831156266,0.006284367635506678,15,16,0.003865402952391051,1.5979575805184605
CDC42,0.0032252862441541686,0.003534956794972506,20,9,0.0003096705508183373,0.09601335428122548
CDC42BPA,0.017094017094017096,0.029850746268656716,106,76,0.01275672917463962,0.7462686567164177
CDC42EP1,0.004999193678438961,0.045168892380204245,31,115,0.04016969870176528,8.035235537085372
CDC42EP2,0.0027414933075310434,0.00589159465828751,17,15,0.003150101350756466,1.149045792708285
CDC42EP4,0.005644250927269795,0.01335428122545169,35,34,0.007710030298181895,1.3659970822578837
CDC42SE2,0.0004837929366231253,0.0015710919088766694,3,4,0.0010872989722535442,2.2474469756480757
CDC45,0.006934365424931463,0.014532600157109192,43,37,0.007598234732177729,1.095736129633351
CDC5L,0.010159651669085631,0.025923016496465043,63,66,0.01576336482737941,1.5515654808663448
CDC6,0.00612804386389292,0.012175962293794187,38,31,0.006047918429901267,0.9869247943109936
CDC7,0.006611836800516046,0.025923016496465043,41,66,0.019311179695948998,2.9206981779165786
CDCA3,0.002902757619738752,0.007855459544383346,18,20,0.004952701924644594,1.7062058130400626
CDCA8,0.0027414933075310434,0.00589159465828751,17,15,0.003150101350756466,1.149045792708285
CDCP1,0.014029995162070633,0.021209740769835034,87,54,0.007179745607764401,0.5117425576292765
CDH1,0.02467343976777939,0.032992930086410056,153,84,0.008319490318630666,0.3371840487962664
CDH11,0.025963554265441058,0.0420267085624509,161,107,0.016063154297009843,0.6186808682966338
CDH13,0.01564263828414772,0.03338570306362922,97,85,0.017743064779481503,1.1342757185315957
CDH15,0.010965973230124174,0.03456402199528672,68,88,0.023598048765162548,2.151933829305485
CDH16,0.01644895984518626,0.019638648860958365,102,50,0.003189689015772105,0.19391432928238062
CDH2,0.01951298177713272,0.04320502749410841,121,110,0.023692045716975686,1.214168392487324
CDH3,0.009192065795839382,0.018460329929300863,57,47,0.009268264133461481,1.00828957704552
CDH4,0.025963554265441058,0.05106048703849175,161,130,0.025096932773050695,0.9666216156874992
CDH6,0.024028382518948555,0.031029065200314218,149,79,0.007000682681365663,0.29135055910837904
CDH8,0.03193033381712627,0.05538098978790259,198,141,0.02345065597077632,0.7344319074484039
CDK1,0.002257700370907918,0.006284367635506678,14,16,0.004026667264598759,1.7835259791269216
CDK13,0.016771488469601678,0.0420267085624509,104,107,0.025255220092849223,1.505842498036135
CDK2,0.0024189646831156266,0.006677140612725845,15,17,0.004258175929610218,1.760329929300864
CDK4,0.003709079180777294,0.006677140612725845,23,17,0.002968061431948551,0.8002151712831723
CDK5R1,0.0043541364296081275,0.009426551453260016,27,24,0.005072415023651889,1.1649646504320506
CDK5RAP2,0.01967424608934043,0.04241948153967007,122,108,0.022745235450329637,1.1560918444876562
CDK6,0.004031607805192711,0.006284367635506678,25,16,0.002252759830313967,0.5587745483110764
CDK7,0.0035478148685695854,0.006284367635506678,22,16,0.002736552766937092,0.7713347139898595
CDK8,0.006289308176100629,0.011390416339355853,39,29,0.005101108163255224,0.8110761979575805
CDK9,0.0032252862441541686,0.00589159465828751,20,15,0.002666308414133341,0.8266889238020424
CDKAL1,0.009192065795839382,0.018853102906520033,57,48,0.009661037110680651,1.0510191425145738
CDKN1A,0.006773101112723754,0.015710919088766692,42,40,0.008937817976042938,1.319604982605768
CDKN1B,0.00516045799064667,0.01335428122545169,32,34,0.008193823234805019,1.58780930871956
CDKN1C,0.0009675858732462506,0.02356637863315004,6,60,0.02259879275990379,23.355852317360565
CDKN2A,0.030640219319464604,0.02356637863315004,190,60,-0.007073840686314566,-0.23086782155703484
CDKN2AIP,0.0041928721174004195,0.01728201099764336,26,44,0.013089138880242941,3.121759622937941
CDKN2B,0.001451378809869376,0.005106048703849175,9,13,0.003654669893979799,2.5180675569520816
CDKN2C,0.002902757619738752,0.008248232521602514,18,21,0.005345474901863762,1.841516103692066
CDKN2D,0.0019351717464925011,0.0019638648860958365,12,5,2.8693139603335393e-05,0.014827179890023565
CDKN3,0.0019351717464925011,0.00432050274941084,12,11,0.0023853310029183393,1.2326197957580518
CDO1,0.003709079180777294,0.007069913589945012,23,18,0.003360834409167718,0.9061101813586531
CDON,0.014029995162070633,0.031029065200314218,87,79,0.016999070038243587,1.2116233713465343
CDR2,0.0059667795516852125,0.007855459544383346,37,20,0.0018886799926981336,0.3165325576951656
CDSN,0.0,0.018460329929300863,0,47,0.018460329929300863,
CEBPA,0.003386550556361877,0.038884524744697564,21,99,0.03549797418833569,10.482044663898552
CEBPB,0.0012901144976616675,0.014532600157109192,8,37,0.013242485659447524,10.264581696779262
CEBPD,0.0004837929366231253,0.01021209740769835,3,26,0.009728304471075226,20.108405341712494
CEBPG,0.0017739074342847927,0.0015710919088766694,11,4,-0.00020281552540812333,-0.11433264300507026
CEL,0.01128850185453959,0.06637863315003928,70,169,0.05509013129549969,4.880198630905623
CELF2,0.007095629737139171,0.01767478397486253,44,45,0.010579154237723359,1.4909394415482398
CELSR1,0.03612320593452669,0.07894736842105263,224,201,0.04282416248652594,1.185502819548872
CELSR2,0.030156426382841477,0.0624509033778476,187,159,0.03229447699500612,1.0708986729734382
CENPA,0.002257700370907918,0.00589159465828751,14,15,0.0036338942873795914,1.609555605431489
CENPE,0.02547976132881793,0.0420267085624509,158,107,0.01654694723363297,0.6494153151630256
CENPF,0.032252862441541685,0.044383346425765906,200,113,0.01213048398422422,0.376105655930872
CENPJ,0.01435252378648605,0.031029065200314218,89,79,0.01667654141382817,1.1619239697432413
CENPM,0.0016126431220770843,0.011390416339355853,10,29,0.009777773217278768,6.063197172034564
CENPN,0.0041928721174004195,0.01178318931657502,26,30,0.0075903171991746,1.8102906520031419
CEP131,0.009353330108047089,0.03613511390416339,58,92,0.026781783796116305,2.8633420917192622
CEP192,0.02064183196258668,0.03927729772191673,128,100,0.01863546575933005,0.902800962293794
CEP250,0.02080309627479439,0.03731343283582089,129,95,0.016510336561026503,0.7936480388753903
CEP57,0.005644250927269795,0.01728201099764336,35,44,0.011637760070373565,2.061878577039614
CEP72,0.008708272859216255,0.014139827179890024,54,36,0.005431554320673769,0.6237234878240379
CERCAM,0.009353330108047089,0.0192458758837392,58,49,0.00989254577569211,1.0576495923287377
CES1,0.011449766166747298,0.05970149253731343,71,152,0.048251726370566135,4.214210636956065
CETN2,0.0027414933075310434,0.003142183817753339,17,8,0.0004006905102222954,0.1461577561110855
CFB,0.008708272859216255,0.022388059701492536,54,57,0.013679786842276281,1.5708955223880596
CFD,0.0004837929366231253,0.01335428122545169,3,34,0.012870488288828565,26.603299293008643
CFH,0.030640219319464604,0.0589159465828751,190,150,0.028275727263410495,0.922830446107413
CFHR2,0.01128850185453959,0.010604870384917517,70,27,-0.0006836314696220726,-0.060559982044663896
CFI,0.010965973230124174,0.021602513747054203,68,55,0.01063654051693003,0.9699586433159282
CFL1,0.002257700370907918,0.007462686567164179,14,19,0.005204986196256261,2.3054371002132195
CFLAR,0.005321722302854378,0.010604870384917517,33,27,0.005283148082063139,0.9927515532385918
CFP,0.006450572488308337,0.01335428122545169,40,34,0.006903708737143352,1.0702474469756482
CFTR,0.02789872601193356,0.07148468185388845,173,182,0.04358595584195489,1.5622919778957356
CGRRF1,0.003386550556361877,0.013747054202670856,21,35,0.010360503646308979,3.0593087195600943
CH25H,0.002902757619738752,0.00432050274941084,18,11,0.0014177451296720884,0.48841319717203446
CHAC1,0.002580228995323335,0.006677140612725845,16,17,0.004096911617402509,1.58780930871956
CHAF1A,0.013223673601032092,0.02356637863315004,82,60,0.010342705032117946,0.7821355354166266
CHCHD10,0.0009675858732462506,0.006284367635506678,6,16,0.005316781762260427,5.494893951296151
CHEK1,0.0041928721174004195,0.007855459544383346,26,20,0.0036625874269829266,0.873527101335428
CHEK2,0.013223673601032092,0.02199528672427337,82,56,0.008771613123241278,0.6633264997221848
CHFR,0.008385744234800839,0.02199528672427337,52,56,0.01360954248947253,1.6229379418695993
CHGA,0.005644250927269795,0.018067556952081697,35,46,0.012423306024811901,2.2010548759959603
CHKA,0.005321722302854378,0.014925373134328358,33,38,0.00960365083147398,1.8046132971506108
CHMP1A,0.0020964360587002098,0.008248232521602514,13,21,0.006151796462902304,2.934406912804399
CHPF,0.008869537171423964,0.0192458758837392,55,49,0.010376338712315235,1.1698850246375776
CHPF2,0.009514594420254797,0.027101335428122545,59,69,0.017586741007867748,1.8483962879625069
CHPT1,0.004031607805192711,0.01021209740769835,25,26,0.00618048960250564,1.533008641005499
CHRM4,0.00725689404934688,0.018853102906520033,45,48,0.011596208857173152,1.5979575805184603
CHRNA1,0.009514594420254797,0.0192458758837392,59,49,0.009731281463484402,1.0227741755096063
CHRNA5,0.005805515239477504,0.01178318931657502,36,30,0.0059776740770975155,1.0296543597800472
CHRNB1,0.005321722302854378,0.012568735271013355,33,32,0.007247012968158977,1.3617796186531461
CHRNG,0.007418158361554588,0.018067556952081697,46,46,0.010649398590527109,1.4355852317360567
CHST1,0.01451378809869376,0.02199528672427337,90,56,0.00748149862557961,0.5154752553024351
CHST12,0.0077406869859700045,0.018853102906520033,48,48,0.011112415920550029,1.435585231736057
CHST2,0.009030801483631673,0.025530243519245877,56,65,0.016499442035614202,1.8270185725507797
CHST3,0.00612804386389292,0.016496465043205028,38,42,0.010368421179312108,1.6919626245503785
CHST4,0.010159651669085631,0.01610369206598586,63,41,0.005944040396900227,0.5850634047806081
CHST6,0.008708272859216255,0.016889238020424194,54,43,0.00818096516120794,0.9394474993453784
CHST8,0.01032091598129334,0.019638648860958365,64,50,0.009317732879665025,0.902800962293794
CHUK,0.0077406869859700045,0.01767478397486253,48,45,0.009934096988892527,1.2833611547525534
CIDEA,0.005805515239477504,0.01021209740769835,36,26,0.004406582168220847,0.7590337784760409
CIITA,0.017094017094017096,0.04399057344854674,106,112,0.026896556354529644,1.573448546739984
CIR1,0.0035478148685695854,0.011390416339355853,22,29,0.007842601470786267,2.2105441691066203
CISH,0.002902757619738752,0.00864100549882168,18,22,0.005738247879082928,1.9768263943440687
CIT,0.026286082889856476,0.04713275726630008,163,120,0.0208466743764436,0.7930688822596734
CITED2,0.0024189646831156266,0.006284367635506678,15,16,0.003865402952391051,1.5979575805184605
CKAP4,0.0077406869859700045,0.030243519245875882,48,77,0.02250283225990588,2.907084642576591
CKAP5,0.019190453152717304,0.031029065200314218,119,79,0.011838612047596914,0.6169011202281384
CKB,0.004031607805192711,0.009426551453260016,25,24,0.005394943648067306,1.3381618224666145
CKM,0.004676665054023544,0.009819324430479183,29,25,0.005142659376455638,1.099642441151773
CKMT2,0.0059667795516852125,0.012568735271013355,37,32,0.006601955719328143,1.1064520923122652
CKS1B,0.0009675858732462506,0.0027494108405341712,6,7,0.0017818249672879208,1.8415161036920662
CKS2,0.0009675858732462506,0.0027494108405341712,6,7,0.0017818249672879208,1.8415161036920662
CLASP1,0.01564263828414772,0.028279654359780047,97,72,0.012637016075632328,0.8078570792267634
CLCA2,0.012578616352201259,0.02945797329143755,78,75,0.01687935693923629,1.341908876669285
CLCF1,0.0024189646831156266,0.007855459544383346,15,20,0.0054364948612677195,2.2474469756480753
CLCN2,0.01241735203999355,0.02474469756480754,77,63,0.01232734552481399,0.9927515532385917
CLCN3,0.010804708917916465,0.022780832678711706,67,58,0.011976123760795241,1.1084170662789745
CLDN11,0.0035478148685695854,0.006284367635506678,22,16,0.002736552766937092,0.7713347139898595
CLDN14,0.003709079180777294,0.008248232521602514,23,21,0.00453915334082522,1.2237952115850952
CLDN15,0.0027414933075310434,0.005106048703849175,17,13,0.002364555396318132,0.8625063536805139
CLDN16,0.007095629737139171,0.00864100549882168,44,22,0.0015453757616825095,0.21779261586802823
CLDN18,0.007095629737139171,0.009033778476040848,44,23,0.0019381487389016775,0.2731468256802114
CLDN19,0.003709079180777294,0.007069913589945012,23,18,0.003360834409167718,0.9061101813586531
CLDN3,0.0019351717464925011,0.003927729772191673,12,10,0.001992558025699172,1.0296543597800472
CLDN4,0.0038703434929850023,0.006677140612725845,24,17,0.0028067971197408424,0.7252062058130402
CLDN5,0.0017739074342847927,0.010997643362136685,11,28,0.009223735927851893,5.199671498964508
CLDN6,0.0059667795516852125,0.014139827179890024,37,36,0.00817304762820481,1.3697586038512979
CLDN7,0.0019351717464925011,0.006677140612725845,12,17,0.004741968866233344,2.4504124116260804
CLDN8,0.004999193678438961,0.010604870384917517,31,27,0.005605676706478556,1.1213161695765654
CLDN9,0.005321722302854378,0.01021209740769835,33,26,0.004890375104843973,0.9189459401556811
CLEC4A,0.0043541364296081275,0.009033778476040848,27,23,0.004679642046432721,1.0747577899973817
CLEC5A,0.005644250927269795,0.00864100549882168,35,22,0.0029967545715518856,0.530939288519807
CLGN,0.009675858732462506,0.018853102906520033,60,48,0.009177244174057526,0.9484681853888454
CLIC2,0.004031607805192711,0.007855459544383346,25,20,0.0038238517391906354,0.9484681853888453
CLIC3,0.0019351717464925011,0.009033778476040848,12,23,0.0070986067295483474,3.6682050274941087
CLIP1,0.017739074342847928,0.030243519245875882,110,77,0.012504444903027954,0.7049096622152395
CLIP2,0.013223673601032092,0.03220738413197172,82,82,0.018983710530939626,1.4355852317360562
CLN5,0.004515400741815836,0.012175962293794187,28,31,0.007660561551978351,1.6965407922792055
CLN6,0.0027414933075310434,0.007069913589945012,17,18,0.0043284202824139684,1.5788549512499424
CLN8,0.005482986615062087,0.005106048703849175,34,13,-0.0003769379112129115,-0.06874682315974306
CLNS1A,0.0012901144976616675,0.00432050274941084,8,11,0.003030388251749173,2.3489296936370776
CLP1,0.005321722302854378,0.007462686567164179,33,19,0.002140964264309801,0.40230664857530535
CLPB,0.008869537171423964,0.018853102906520033,55,48,0.009983565735096069,1.1256016567878313
CLPS,0.0024189646831156266,0.002356637863315004,15,6,-6.232681980062249e-05,-0.025765907305577335
CLSTN3,0.014997581035316884,0.03220738413197172,93,82,0.017209803096654833,1.1475052580898562
CLTA,0.001451378809869376,0.009033778476040848,9,23,0.007582399666171472,5.224273369992145
CLTB,0.002580228995323335,0.006284367635506678,16,16,0.0037041386401833426,1.4355852317360567
CLTC,0.014836316723109175,0.02788688138256088,92,71,0.013050564659451706,0.8796364288397829
CLU,0.009353330108047089,0.009819324430479183,58,25,0.000465994322432094,0.04982122057588647
CLVS1,0.013223673601032092,0.01728201099764336,82,44,0.0040583373966112685,0.30689939263885946
CMBL,0.002902757619738752,0.0054988216810683424,18,14,0.0025960640613295906,0.894344069128044
CMKLR1,0.010159651669085631,0.015710919088766692,63,40,0.005551267419681061,0.5464033217371788
CMPK1,0.0019351717464925011,0.010997643362136685,12,28,0.009062471615644184,4.683032207384132
CMPK2,0.0075794226737622965,0.01728201099764336,47,44,0.009702588323881064,1.2801223446039676
CMTR1,0.008547008547008548,0.01767478397486253,53,45,0.009127775427853983,1.0679497250589158
CNBP,0.0016126431220770843,0.003927729772191673,10,10,0.002315086650114589,1.4355852317360567
CNDP2,0.007418158361554588,0.012568735271013355,46,32,0.0051505769094587674,0.6943201612076917
CNIH2,0.0020964360587002098,0.003927729772191673,13,10,0.0018312937134914633,0.873527101335428
CNN2,0.004031607805192711,0.012568735271013355,25,32,0.008537127465820644,2.117549096622153
CNN3,0.002902757619738752,0.008248232521602514,18,21,0.005345474901863762,1.841516103692066
CNOT2,0.006289308176100629,0.023959151610369208,39,61,0.017669843434268577,2.8095051060487037
CNOT4,0.01032091598129334,0.021602513747054203,64,55,0.011281597765760864,1.0930810585231736
CNOT6,0.00725689404934688,0.01021209740769835,45,26,0.002955203358351471,0.40722702278083267
CNOT9,0.0,0.007069913589945012,0,18,0.007069913589945012,
CNP,0.003709079180777294,0.012961508248232521,23,33,0.009252429067455228,2.494535332490864
CNTFR,0.004837929366231253,0.010997643362136685,30,28,0.006159713995905432,1.2732128829536526
CNTN1,0.024189646831156264,0.04477611940298507,150,114,0.020586472571828808,0.851044776119403
CNTRL,0.020319303338171262,0.04124116260801257,126,105,0.020921859269841307,1.0296543597800472
CNTROB,0.009030801483631673,0.020031421838177535,56,51,0.011000620354545862,1.218122264616766
COCH,0.008869537171423964,0.013747054202670856,55,35,0.004877517031246892,0.5499178747411269
COG2,0.007418158361554588,0.02749410840534171,46,70,0.020075950043787122,2.7063253526418247
COIL,0.0059667795516852125,0.02356637863315004,37,60,0.017599599081464825,2.9495976730854965
COL11A1,0.047089179164650864,0.07109190887666929,292,181,0.024002729712018424,0.5097292018637885
COL12A1,0.04370262860828899,0.06402199528672427,271,163,0.02031936667843528,0.46494609879327364
COL15A1,0.02564102564102564,0.05145326001571092,159,131,0.02581223437468528,1.006677140612726
COL16A1,0.01644895984518626,0.03652788688138256,102,93,0.0200789270361963,1.220680652465228
COL17A1,0.020158039025963553,0.03927729772191673,125,100,0.019119258695953177,0.9484681853888453
COL1A1,0.020158039025963553,0.03377847604084839,125,86,0.013620437014884836,0.675682639434407
COL1A2,0.031446540880503145,0.04870384917517675,195,124,0.017257308294673604,0.5487824037706206
COL2A1,0.020964360587002098,0.04006284367635507,130,102,0.019098483089352972,0.9109976433621367
COL3A1,0.028543783260764392,0.05106048703849175,177,130,0.02251670377772736,0.7888479103146179
COL4A1,0.02789872601193356,0.05027494108405342,173,128,0.02237621507211986,0.8020515009376604
COL4A2,0.022415739396871474,0.04713275726630008,139,120,0.024717017869428603,1.1026635094124226
COL5A1,0.03902596355426544,0.07384131971720345,242,188,0.03481535616293801,0.8921075353982586
COL5A2,0.027414933075310434,0.044383346425765906,170,113,0.016968413350455472,0.6189478305069082
COL5A3,0.027092404450895016,0.06087981146897094,168,155,0.03378740701807592,1.247117326899338
COL6A1,0.012901144976616674,0.0408483896307934,80,104,0.02794724465417673,2.1662608012568736
COL6A2,0.020319303338171262,0.0600942655145326,126,153,0.03977496217636134,1.9574963528223546
COL6A3,0.055958716336074826,0.0997643362136685,347,254,0.04380561987759367,0.782820313720341
COL7A1,0.0343492985002419,0.06284367635506677,213,160,0.028494377854824872,0.8295475919144086
COL8A2,0.00725689404934688,0.04477611940298507,45,114,0.03751922535363819,5.170149253731343
COL9A1,0.02144815352362522,0.03574234092694423,133,91,0.014294187403319007,0.6664530532930915
COLGALT1,0.005482986615062087,0.019638648860958365,34,50,0.014155662245896278,2.5817429878471416
COMP,0.008547008547008548,0.027101335428122545,53,69,0.018554326881113997,2.1708562450903375
COMT,0.0035478148685695854,0.007069913589945012,22,18,0.0035220987213754264,0.9927515532385918
COPA,0.015320109659732302,0.023959151610369208,95,61,0.008639041950636906,0.5639020961673626
COPB1,0.011772294791162716,0.016496465043205028,73,42,0.004724170252042312,0.401295612779649
COPB2,0.009030801483631673,0.018067556952081697,56,46,0.009036755468450024,1.0006592974974748
COPE,0.003709079180777294,0.008248232521602514,23,21,0.00453915334082522,1.2237952115850952
COPS5,0.004837929366231253,0.009033778476040848,30,23,0.004195849109809595,0.8672820109976433
COPZ2,0.0024189646831156266,0.012175962293794187,15,31,0.00975699761067856,4.033542812254517
COQ3,0.004031607805192711,0.007855459544383346,25,20,0.0038238517391906354,0.9484681853888453
COQ5,0.00516045799064667,0.009426551453260016,32,24,0.004266093462613346,0.8266889238020425
COQ8A,0.0,0.018853102906520033,0,48,0.018853102906520033,
COQ9,0.0032252862441541686,0.008248232521602514,20,21,0.005022946277448346,1.5573644933228596
CORO1A,0.00612804386389292,0.013747054202670856,38,35,0.007619010338777935,1.2433021871253152
COX10,0.0077406869859700045,0.012568735271013355,48,32,0.004828048285043351,0.6237234878240379
COX11,0.0020964360587002098,0.009033778476040848,13,23,0.006937342417340639,3.3091123330714844
COX15,0.004515400741815836,0.009426551453260016,28,24,0.00491115071144418,1.0876444843451913
COX17,0.0008063215610385422,0.002356637863315004,5,6,0.001550316302276462,1.9227022780832683
COX4I1,0.0027414933075310434,0.010997643362136685,17,28,0.008256150054605641,3.011552146388799
COX5A,0.0016126431220770843,0.003142183817753339,10,8,0.0015295406956762545,0.9484681853888454
COX5B,0.0017739074342847927,0.003927729772191673,11,10,0.00215382233790688,1.2141683924873239
COX6A1,0.0016126431220770843,0.003142183817753339,10,8,0.0015295406956762545,0.9484681853888454
COX6A2,0.0006450572488308337,0.00432050274941084,4,11,0.0036754455005800065,5.697859387274155
COX6B1,0.0016126431220770843,0.007069913589945012,10,18,0.005457270467867928,3.384053417124902
COX6C,0.001128850185453959,0.004713275726630008,7,12,0.003584425541176049,3.1752889686903827
COX7A1,0.0017739074342847927,0.003142183817753339,11,8,0.001368276383468546,0.7713347139898595
COX7A2,0.001128850185453959,0.003927729772191673,7,10,0.0027988795867377137,2.4794074739086516
COX7A2L,0.001451378809869376,0.005106048703849175,9,13,0.003654669893979799,2.5180675569520816
COX7B,0.0009675858732462506,0.003142183817753339,6,8,0.0021745979445070883,2.2474469756480757
COX7C,0.0008063215610385422,0.002356637863315004,5,6,0.001550316302276462,1.9227022780832683
COX8A,0.0012901144976616675,0.0019638648860958365,8,5,0.000673750388434169,0.5222407698350353
CP,0.014675052410901468,0.024351924587588374,91,62,0.009676872176686906,0.6594097183256649
CPA2,0.005805515239477504,0.012175962293794187,36,31,0.0063704470543166835,1.0973095051060486
CPB1,0.008385744234800839,0.018067556952081697,52,46,0.009681812717280858,1.1545561665357422
CPB2,0.005482986615062087,0.016496465043205028,34,42,0.011013478428142941,2.0086641097915994
CPE,0.008547008547008548,0.016496465043205028,53,42,0.00794945649619648,0.9300864100549882
CPEB2,0.00612804386389292,0.14611154752553024,38,372,0.1399835036616373,22.84309753173192
CPEB3,0.005321722302854378,0.015710919088766692,33,40,0.010389196785912314,1.9522245233164324
CPM,0.005321722302854378,0.012175962293794187,33,31,0.006854239990939809,1.2879740055702351
CPN1,0.008869537171423964,0.018067556952081697,55,46,0.009198019780657733,1.0370349210883383
CPOX,0.0035478148685695854,0.009426551453260016,22,24,0.0058787365846904305,1.657002070984789
CPQ,0.00822447992259313,0.014925373134328358,51,38,0.006700893211735228,0.8147497805092185
CPT1A,0.01435252378648605,0.018460329929300863,89,47,0.004107806142814812,0.286207931366232
CPT2,0.004999193678438961,0.01610369206598586,31,41,0.011104498387546898,2.2212578871347843
CR1,0.02983389775842606,0.04870384917517675,185,124,0.01886995141675069,0.6325003715420056
CR2,0.02467343976777939,0.031029065200314218,153,79,0.0063556254325348276,0.25758976017744095
CRABP1,0.0017739074342847927,0.006677140612725845,11,17,0.004903233178441052,2.764086267228451
CRABP2,0.0019351717464925011,0.003534956794972506,12,9,0.0015997850484800048,0.8266889238020425
CRAT,0.008547008547008548,0.0192458758837392,53,49,0.010698867336730651,1.2517674783974861
CRB3,0.0009675858732462506,0.00432050274941084,6,11,0.0033529168761645897,3.4652395915161036
CREBBP,0.03854217061764231,0.08326787117046347,239,212,0.04472570055282116,1.1604354356821924
CREG1,0.0016126431220770843,0.003142183817753339,10,8,0.0015295406956762545,0.9484681853888454
CRIP2,0.0016126431220770843,0.010997643362136685,10,28,0.0093850002400596,5.819638648860958
CRISP2,0.00612804386389292,0.007462686567164179,38,19,0.0013346427032712585,0.21779261586802828
CRLF1,0.004837929366231253,0.016889238020424194,30,43,0.012051308654192941,2.4910054988216808
CRLF2,0.005321722302854378,0.014532600157109192,33,37,0.009210877854254814,1.7308076840677
CRMP1,0.013868730849862926,0.036920659858601726,86,94,0.0230519290087388,1.6621512998045267
CROCC,0.02160941783583293,0.059308719560094265,134,151,0.037699301724261336,1.7445773880010786
CROCCP2,0.0,0.0,0,0,0.0,
CROT,0.009998387356877922,0.01610369206598586,62,41,0.006105304709107936,0.6106289435673922
CRP,0.00822447992259313,0.008248232521602514,51,21,2.375259900938391e-05,0.0028880365971997966
CRTAM,0.00612804386389292,0.01767478397486253,38,45,0.01154674011096961,1.8842456691611198
CRYAB,0.0016126431220770843,0.007462686567164179,10,19,0.005850043445087095,3.6276119402985074
CRYBG1,0.0,0.02788688138256088,0,71,0.02788688138256088,
CRYZ,0.0043541364296081275,0.011390416339355853,27,29,0.007036279909747725,1.6159989526053944
CS,0.005805515239477504,0.009033778476040848,36,23,0.0032282632365633447,0.5560683424980362
CSAD,0.006611836800516046,0.01335428122545169,41,34,0.006742444424935643,1.0197536068055102
CSE1L,0.010965973230124174,0.01610369206598586,68,41,0.005137718835861685,0.46851462501732805
CSF1,0.007418158361554588,0.01767478397486253,46,45,0.010256625613307943,1.3826377266983165
CSF2,0.0012901144976616675,0.003927729772191673,8,10,0.0026376152745300058,2.0444815396700706
CSF2RA,0.014997581035316884,0.037706205813040065,93,96,0.02270862477772318,1.5141524972759295
CSF2RB,0.01741654571843251,0.029065200314218383,108,74,0.011648654595785873,0.6688269180413723
CSF3,0.0024189646831156266,0.009426551453260016,15,24,0.00700758677014439,2.8969363707776905
CSF3R,0.013062409288824383,0.022388059701492536,81,57,0.009325650412668153,0.7139303482587064
CSK,0.005805515239477504,0.014139827179890024,36,36,0.00833431194041252,1.4355852317360565
CSNK1D,0.0043541364296081275,0.012175962293794187,27,31,0.00782182586418606,1.796412673474732
CSNK1E,0.004999193678438961,0.0019638648860958365,31,5,-0.0030353287923431246,-0.6071636723006361
CSNK2A2,0.002902757619738752,0.006284367635506678,18,16,0.0033816100157679258,1.1649646504320503
CSNK2B,0.0024189646831156266,0.005106048703849175,15,13,0.0026870840207335487,1.110840534171249
CSRNP2,0.005644250927269795,0.007069913589945012,35,18,0.001425662662675217,0.2525866906071149
CSRP1,0.0016126431220770843,0.005106048703849175,10,13,0.003493405581772091,2.1662608012568736
CSRP2,0.0024189646831156266,0.003142183817753339,15,8,0.0007232191346377122,0.29897879025923024
CSRP3,0.0024189646831156266,0.006677140612725845,15,17,0.004258175929610218,1.760329929300864
CST7,0.0012901144976616675,0.002356637863315004,8,6,0.0010665233656533366,0.8266889238020425
CST8,0.004031607805192711,0.00589159465828751,25,15,0.001859986853094799,0.46135113904163394
CSTF2,0.0077406869859700045,0.007855459544383346,48,20,0.00011477255841334157,0.014827179890023565
CSTF3,0.006773101112723754,0.016889238020424194,42,43,0.01011613690770044,1.4935753563012009
CTBP1,0.0032252862441541686,0.01335428122545169,20,34,0.010128994981297521,3.1404948939512964
CTCF,0.018061602967263345,0.029850746268656716,112,76,0.01178914330139337,0.6527185501066097
CTF1,0.0003225286244154169,0.00589159465828751,2,15,0.005569066033872093,17.266889238020422
CTH,0.0038703434929850023,0.01178318931657502,24,30,0.007912845823590017,2.0444815396700706
CTHRC1,0.00306402193194646,0.007855459544383346,19,20,0.004791437612436886,1.5637739281432173
CTLA4,0.002902757619738752,0.010604870384917517,18,27,0.007702112765178765,2.6533778476040846
CTNNA1,0.010804708917916465,0.024351924587588374,67,62,0.01354721566967191,1.2538251398154554
CTNNB1,0.03176906950491856,0.04673998428908091,197,119,0.014970914784162348,0.4712418404903082
CTNND1,0.014836316723109175,0.027101335428122545,92,69,0.01226501870501337,0.8266889238020425
CTNS,0.0043541364296081275,0.01178318931657502,27,30,0.007429052886966892,1.7062058130400628
CTPS1,0.004999193678438961,0.01335428122545169,31,34,0.008355087547012727,1.671287028355675
CTSB,0.004031607805192711,0.014532600157109192,25,37,0.010500992351916481,2.6046661429693643
CTSC,0.005805515239477504,0.01728201099764336,36,44,0.011476495758165856,1.9768263943440687
CTSD,0.006934365424931463,0.013747054202670856,43,35,0.006812688777739393,0.9824530955991156
CTSE,0.007901951298177712,0.007069913589945012,49,18,-0.0008320377082327007,-0.1052952209949179
CTSF,0.0059667795516852125,0.019638648860958365,37,50,0.013671869309273152,2.291331394237914
CTSH,0.004515400741815836,0.01178318931657502,28,30,0.007267788574759183,1.609555605431489
CTSK,0.0024189646831156266,0.004713275726630008,15,12,0.0022943110435143816,0.9484681853888454
CTSL,0.005805515239477504,0.01021209740769835,36,26,0.004406582168220847,0.7590337784760409
CTSO,0.004999193678438961,0.006284367635506678,31,16,0.0012851739570677164,0.25707624863796485
CTSS,0.005321722302854378,0.009033778476040848,33,23,0.0037120561731864704,0.6975291009069486
CTSV,0.005644250927269795,0.011390416339355853,35,29,0.005746165412086058,1.0180563348670186
CTSZ,0.00306402193194646,0.006284367635506678,19,16,0.0032203457035602174,1.051019142514574
CTTN,0.008708272859216255,0.02513747054202671,54,64,0.016429197682810454,1.8866195339094005
CUL1,0.014836316723109175,0.025530243519245877,92,65,0.010693926796136701,0.7207939137265618
CUL3,0.012094823415578132,0.020031421838177535,75,51,0.007936598422599403,0.6561979575805187
CUL4A,0.008385744234800839,0.020031421838177535,52,51,0.011645677603376696,1.388747054202671
CUL5,0.009353330108047089,0.018067556952081697,58,46,0.008714226844034608,0.9316710458596311
CX3CL1,0.00612804386389292,0.009033778476040848,38,23,0.002905734612147928,0.47417000868235004
CXCL1,0.001451378809869376,0.003927729772191673,9,10,0.002476350962322297,1.7062058130400626
CXCL10,0.0017739074342847927,0.003534956794972506,11,9,0.0017610493606877132,0.9927515532385918
CXCL11,0.0009675858732462506,0.003534956794972506,6,9,0.0025673709217262555,2.653377847604085
CXCL12,0.0012901144976616675,0.012175962293794187,8,31,0.01088584779613252,8.43789277297722
CXCL13,0.0016126431220770843,0.003142183817753339,10,8,0.0015295406956762545,0.9484681853888454
CXCL14,0.002580228995323335,0.004713275726630008,16,12,0.002133046731306673,0.8266889238020425
CXCL16,0.0,0.007069913589945012,0,18,0.007069913589945012,
CXCL2,0.001128850185453959,0.0027494108405341712,7,7,0.0016205606550802121,1.4355852317360565
CXCL3,0.001128850185453959,0.00589159465828751,7,15,0.00476274447283355,4.219111210862978
CXCL6,0.0019351717464925011,0.005106048703849175,12,13,0.0031708769573566744,1.6385506677140615
CXCL8,0.0016126431220770843,0.001178318931657502,10,3,-0.00043432419041958227,-0.269324430479183
CXCL9,0.003386550556361877,0.004713275726630008,21,12,0.0013267251702681311,0.391762989563461
CXCR3,0.004515400741815836,0.012175962293794187,28,31,0.007660561551978351,1.6965407922792055
CXCR4,0.0077406869859700045,0.014925373134328358,48,38,0.007184686148358353,0.9281716417910448
CXCR6,0.0035478148685695854,0.00432050274941084,22,11,0.0007726878808412547,0.21779261586802823
CXXC1,0.009675858732462506,0.020816967792615867,60,53,0.011141109060153361,1.15143362136685
CYB5A,0.0020964360587002098,0.0054988216810683424,13,14,0.0034023856223681327,1.6229379418695993
CYB5B,0.002257700370907918,0.00589159465828751,14,15,0.0036338942873795914,1.609555605431489
CYB5R1,0.0041928721174004195,0.01178318931657502,26,30,0.0075903171991746,1.8102906520031419
CYB5R3,0.004515400741815836,0.007069913589945012,28,18,0.0025545128481291755,0.5657333632588935
CYBB,0.009675858732462506,0.014139827179890024,60,36,0.004463968447427517,0.4613511390416339
CYC1,0.00516045799064667,0.01021209740769835,32,26,0.005051639417051681,0.978913000785546
CYCS,0.001451378809869376,0.003142183817753339,9,8,0.0016908050078839629,1.1649646504320503
CYFIP1,0.015158845347524593,0.04006284367635507,94,102,0.024903998328830477,1.6428690812455082
CYFIP2,0.019029188840509595,0.032992930086410056,118,84,0.013963741245900461,0.7338064361510912
CYLD,0.01225608772778584,0.023173605655930872,76,59,0.010917517928145031,0.8907832720056229
CYP11B2,0.014836316723109175,0.025923016496465043,92,66,0.011086699773355867,0.747267666245432
CYP17A1,0.005805515239477504,0.014925373134328358,36,38,0.009119857894850855,1.5708955223880599
CYP1A1,0.010159651669085631,0.014925373134328358,63,38,0.004765721465242727,0.4690831556503198
CYP1A2,0.012094823415578132,0.018067556952081697,75,46,0.005972733536503565,0.49382560879811477
CYP26A1,0.006934365424931463,0.014139827179890024,43,36,0.007205461754958561,1.0390946126162333
CYP26B1,0.009030801483631673,0.021209740769835034,56,54,0.012178939286203361,1.34860004488834
CYP27A1,0.006934365424931463,0.01178318931657502,43,30,0.004848823891643556,0.6992455105135277
CYP2C18,0.012739880664408966,0.01610369206598586,79,41,0.003363811401576893,0.2640379050782065
CYP2E1,0.00822447992259313,0.02356637863315004,51,60,0.015341898710556908,1.8653943902777135
CYP2J2,0.005482986615062087,0.016496465043205028,34,42,0.011013478428142941,2.0086641097915994
CYP2S1,0.0077406869859700045,0.015318146111547526,48,39,0.007577459125577521,0.9789130007855461
CYP39A1,0.006450572488308337,0.015318146111547526,40,39,0.00886757362323919,1.3746956009426554
CYP46A1,0.009675858732462506,0.014925373134328358,60,38,0.005249514401865852,0.5425373134328357
CYP4A11,0.014029995162070633,0.029065200314218383,87,74,0.01503520515214775,1.0716472086030828
CYP4A22,0.010804708917916465,0.023173605655930872,67,59,0.012368896738014407,1.1447690846630947
CYP4B1,0.013868730849862926,0.02631578947368421,86,67,0.012447058623821283,0.8974908200734393
CYP4F11,0.013868730849862926,0.02199528672427337,86,56,0.008126555874410444,0.5859624764792926
CYP4F2,0.013546202225447508,0.029065200314218383,84,74,0.015518998088770875,1.1456346089103357
CYP51A1,0.0035478148685695854,0.013747054202670856,22,35,0.01019923933410127,2.874794686852817
CYP7A1,0.010804708917916465,0.019638648860958365,67,50,0.0088339399430419,0.8176009192060123
CYP7B1,0.011933559103370425,0.024351924587588374,74,62,0.01241836548421795,1.0406254644275068
CYP8B1,0.008547008547008548,0.014532600157109192,53,37,0.005985591610100644,0.7003142183817752
CYTH2,0.006289308176100629,0.00864100549882168,39,22,0.002351697322721051,0.3739198743126471
D2HGDH,0.006611836800516046,0.02199528672427337,41,56,0.015383449923757325,2.32665299944437
DAAM1,0.013223673601032092,0.031421838177533384,82,80,0.018198164576501294,1.3761807138888356
DAB2,0.015320109659732302,0.020816967792615867,95,53,0.0054968581328835656,0.3588001819159051
DAD1,0.001128850185453959,0.0027494108405341712,7,7,0.0016205606550802121,1.4355852317360565
DAP,0.0012901144976616675,0.006284367635506678,8,16,0.00499425313784501,3.8711704634721134
DAP3,0.0043541364296081275,0.012175962293794187,27,31,0.00782182586418606,1.796412673474732
DAPK2,0.005482986615062087,0.015710919088766692,34,40,0.010227932473704605,1.8653943902777135
DAPP1,0.0059667795516852125,0.008248232521602514,37,21,0.0022814529699173016,0.382359185579924
DARS1,0.0,0.008248232521602514,0,21,0.008248232521602514,
DBF4,0.0075794226737622965,0.015318146111547526,47,39,0.007738723437785229,1.0210175327171533
DBI,0.002257700370907918,0.0054988216810683424,14,14,0.0032411213101604243,1.4355852317360565
DBP,0.002257700370907918,0.007069913589945012,14,18,0.004812213219037093,2.131466726517787
DBT,0.005644250927269795,0.009819324430479183,35,25,0.004175073503209388,0.7397037369543261
DCAF10,0.0041928721174004195,0.01335428122545169,26,34,0.00916140910805127,2.184996072270228
DCAF11,0.008063215610385421,0.015710919088766692,50,40,0.007647703478381271,0.9484681853888453
DCBLD2,0.008063215610385421,0.022388059701492536,50,57,0.014324844091107115,1.7765671641791045
DCC,0.042735042735042736,0.05223880597014925,265,133,0.009503763235106516,0.22238805970149247
DCK,0.0024189646831156266,0.00864100549882168,15,22,0.006222040815706054,2.5721916732128824
DCLRE1B,0.007095629737139171,0.010604870384917517,44,27,0.003509240647778346,0.4945636649289437
DCN,0.010643444605708756,0.010997643362136685,66,28,0.000354198756427929,0.03327858316075133
DCP1A,0.00516045799064667,0.015318146111547526,32,39,0.010157688120900857,1.968369501178319
DCP2,0.0059667795516852125,0.009033778476040848,37,23,0.003066998924355636,0.5140124413494405
DCPS,0.004515400741815836,0.010604870384917517,28,27,0.0060894696431016805,1.34860004488834
DCT,0.012901144976616674,0.020816967792615867,80,53,0.007915822815999193,0.6135752160251374
DCTN1,0.015803902596355425,0.025923016496465043,98,66,0.010119113900109618,0.6402920948426505
DCTN4,0.004031607805192711,0.012568735271013355,25,32,0.008537127465820644,2.117549096622153
DCTPP1,0.0016126431220770843,0.0019638648860958365,10,5,0.0003512217640187522,0.21779261586802826
DCUN1D1,0.004031607805192711,0.011390416339355853,25,29,0.007358808534163142,1.825278868813826
DCX,0.01128850185453959,0.012961508248232521,70,33,0.0016730063936929319,0.1482044663898553
DCXR,0.001128850185453959,0.009426551453260016,7,24,0.008297701267806058,7.350577937380766
DDAH1,0.003386550556361877,0.008248232521602514,21,21,0.004861681965240637,1.4355852317360567
DDAH2,0.0032252862441541686,0.007462686567164179,20,19,0.00423740032301001,1.3138059701492535
DDB1,0.015481373971940009,0.0204241948153967,96,52,0.004942820843456692,0.3192753338570307
DDB2,0.00516045799064667,0.01021209740769835,32,26,0.005051639417051681,0.978913000785546
DDC,0.013062409288824383,0.01767478397486253,81,45,0.004612374686038147,0.35310290652003146
DDIT3,0.003386550556361877,0.00864100549882168,21,22,0.005254454942459803,1.5515654808663448
DDIT4,0.0032252862441541686,0.00432050274941084,20,11,0.0010952165052566716,0.33957187745483103
DDT,0.00016126431220770844,0.0007855459544383347,1,2,0.0006242816422306263,3.8711704634721134
DDX10,0.007418158361554588,0.021602513747054203,46,55,0.014184355385499616,1.91211277707572
DDX18,0.00822447992259313,0.016889238020424194,51,43,0.008664758097831064,1.0535326463656947
DDX21,0.005482986615062087,0.01728201099764336,34,44,0.011799024382581274,2.151933829305485
DDX25,0.005805515239477504,0.012568735271013355,36,32,0.0067632200315358515,1.1649646504320503
DDX39A,0.004031607805192711,0.00864100549882168,25,22,0.00460939769362897,1.1433150039277298
DDX4,0.009514594420254797,0.02199528672427337,59,56,0.012480692304018572,1.3117419148681215
DDX60,0.01951298177713272,0.032992930086410056,121,84,0.013479948309277335,0.6908194997175929
DECR1,0.004837929366231253,0.01021209740769835,30,26,0.0053741680414670975,1.110840534171249
DEF6,0.006289308176100629,0.019638648860958365,39,50,0.013349340684857736,2.1225451688923798
DEGS1,0.003709079180777294,0.006284367635506678,23,16,0.0025752884547293837,0.6943201612076917
DEK,0.005805515239477504,0.013747054202670856,36,35,0.007941538963193353,1.367930086410055
DENND2B,0.0,0.027101335428122545,0,69,0.027101335428122545,
DENND5A,0.012094823415578132,0.031029065200314218,75,79,0.018934241784736086,1.5654831107619798
DEPDC1,0.008063215610385421,0.020816967792615867,50,53,0.012753752182230446,1.58172034564022
DEPTOR,0.0059667795516852125,0.014532600157109192,37,37,0.00856582060542398,1.4355852317360567
DES,0.005321722302854378,0.01767478397486253,33,45,0.012353061672008152,2.3212525887309865
DFFA,0.0035478148685695854,0.008248232521602514,22,21,0.004700417653032928,1.3248768121116905
DGAT1,0.003709079180777294,0.01178318931657502,23,30,0.008074110135797726,2.176850302264422
DGCR8,0.010482180293501049,0.020031421838177535,65,51,0.009549241544676486,0.9109976433621367
DGKA,0.009675858732462506,0.016496465043205028,60,42,0.006820606310742522,0.7049096622152397
DGKG,0.015481373971940009,0.029065200314218383,96,74,0.013583826342278374,0.8774302827965438
DGKH,0.010643444605708756,0.031029065200314218,66,79,0.020385620594605462,1.915321716774977
DGUOK,0.0035478148685695854,0.009426551453260016,22,24,0.0058787365846904305,1.657002070984789
DHCR24,0.0043541364296081275,0.012961508248232521,27,33,0.008607371818624393,1.9768263943440691
DHCR7,0.009030801483631673,0.018460329929300863,56,47,0.00942952844566919,1.044151890921333
DHFR,0.0024189646831156266,0.0019638648860958365,15,5,-0.00045509979701979005,-0.1881382560879812
DHPS,0.004999193678438961,0.006677140612725845,31,17,0.0016779469342868836,0.3356435141778376
DHRS1,0.0027414933075310434,0.007462686567164179,17,19,0.004721193259633136,1.7221246707638278
DHRS2,0.005805515239477504,0.007462686567164179,36,19,0.0016571713276866754,0.2854477611940298
DHRS3,0.0043541364296081275,0.009426551453260016,27,24,0.005072415023651889,1.1649646504320506
DHRS7,0.0041928721174004195,0.008248232521602514,26,21,0.004055360404202095,0.9672034564021995
DHRS7B,0.00306402193194646,0.007855459544383346,19,20,0.004791437612436886,1.5637739281432173
DHX15,0.008708272859216255,0.01610369206598586,54,41,0.0073954192067696035,0.8492406389107096
DHX16,0.010804708917916465,0.020816967792615867,67,53,0.010012258874699403,0.9266569743583731
DHX58,0.006289308176100629,0.018460329929300863,39,47,0.012171021753200234,1.9351924587588372
DIABLO,0.001451378809869376,0.006284367635506678,9,16,0.0048329888256373014,3.3299293008641007
DIAPH3,0.01661022415739397,0.04006284367635507,103,102,0.0234526195189611,1.4119387731755124
DIO1,0.0035478148685695854,0.008248232521602514,22,21,0.004700417653032928,1.3248768121116905
DIO2,0.007095629737139171,0.005106048703849175,44,13,-0.0019895810332899956,-0.2803952724416196
DKC1,0.006289308176100629,0.009033778476040848,39,23,0.002744470299940219,0.4363707776904948
DKK1,0.0059667795516852125,0.012175962293794187,37,31,0.006209182742108975,1.0406254644275068
DKK4,0.0043541364296081275,0.007069913589945012,27,18,0.0027157771603368843,0.6237234878240379
DLAT,0.004837929366231253,0.020031421838177535,30,51,0.015193492471946282,3.1404948939512964
DLC1,0.0287050475729721,0.054595443833464256,178,139,0.025890396260492155,0.9019457708500666
DLD,0.004837929366231253,0.00864100549882168,30,22,0.003803076132590427,0.7860958366064413
DLG1,0.009998387356877922,0.018853102906520033,62,48,0.00885471554964211,0.8856143729569472
DLG4,0.008708272859216255,0.021209740769835034,54,54,0.012501467910618779,1.4355852317360565
DLG5,0.02080309627479439,0.04477611940298507,129,114,0.023973023128190683,1.1523776466504685
DLGAP5,0.009837123044670215,0.019638648860958365,61,50,0.00980152581628815,0.9963813374885707
DLK2,0.0035478148685695854,0.00864100549882168,22,22,0.0050931906302520945,1.4355852317360562
DLL1,0.009675858732462506,0.023959151610369208,60,61,0.014283292877906702,1.4761783189316575
DLST,0.0043541364296081275,0.011390416339355853,27,29,0.007036279909747725,1.6159989526053944
DMAC2L,0.0,0.006284367635506678,0,16,0.006284367635506678,
DMC1,0.006450572488308337,0.008248232521602514,40,21,0.0017976600332941768,0.27868224666142977
DMD,0.06547331075632963,0.08837391987431265,406,225,0.022900609117983015,0.3497701407404253
DMP1,0.007901951298177712,0.018853102906520033,49,48,0.01095115160834232,1.385879410680219
DMPK,0.005482986615062087,0.022780832678711706,34,58,0.01729784606364962,3.1548218659026848
DMRT1,0.005805515239477504,0.012568735271013355,36,32,0.0067632200315358515,1.1649646504320503
DMTN,0.005644250927269795,0.016889238020424194,35,43,0.011244987093154399,1.992290427561441
DNAJA1,0.0027414933075310434,0.009033778476040848,17,23,0.006292285168509805,2.2952035488193707
DNAJA4,0.0043541364296081275,0.012568735271013355,27,32,0.008214598841405227,1.8866195339094005
DNAJB1,0.0043541364296081275,0.009033778476040848,27,23,0.004679642046432721,1.0747577899973817
DNAJB4,0.005321722302854378,0.009819324430479183,33,25,0.004497602127624805,0.8451403270727702
DNAJB8,0.0059667795516852125,0.01335428122545169,37,34,0.007387501673766477,1.2381053480817816
DNAJB9,0.0032252862441541686,0.007462686567164179,20,19,0.00423740032301001,1.3138059701492535
DNAJC1,0.00725689404934688,0.018067556952081697,45,46,0.010810662902734816,1.4897093479968577
DNAJC12,0.0027414933075310434,0.009426551453260016,17,24,0.006685058145728973,2.4384732683332566
DNAJC15,0.002257700370907918,0.009033778476040848,14,23,0.00677607810513293,3.0013185949949497
DNAJC3,0.004515400741815836,0.012961508248232521,28,33,0.008446107506416684,1.8705111659746378
DNM1L,0.006934365424931463,0.014139827179890024,43,36,0.007205461754958561,1.0390946126162333
DNMBP,0.0172552814062248,0.04006284367635507,107,102,0.02280756227013027,1.3217728377296991
DNMT1,0.021125624899209806,0.034171249018067555,131,87,0.013045624118857749,0.6175260699315793
DNTT,0.0077406869859700045,0.016496465043205028,48,42,0.008755778057235025,1.1311370777690497
DNTTIP2,0.009192065795839382,0.018067556952081697,57,46,0.008875491156242315,0.9655600115764665
DOCK10,0.0267698758264796,0.05223880597014925,166,133,0.025468930143669653,0.9514026254270815
DOCK2,0.03999354942751169,0.06323644933228594,248,161,0.023242899904774246,0.5811662189899399
DOCK4,0.02547976132881793,0.047918303220738416,158,122,0.022438541891920485,0.8806417612139174
DOCK9,0.01951298177713272,0.038884524744697564,121,99,0.019371542967564843,0.9927515532385917
DONSON,0.00612804386389292,0.012568735271013355,38,32,0.006440691407120435,1.051019142514574
DOP1A,0.0,0.02788688138256088,0,71,0.02788688138256088,
DPEP3,0.006773101112723754,0.016889238020424194,42,43,0.01011613690770044,1.4935753563012009
DPP4,0.011449766166747298,0.016889238020424194,71,43,0.005439471853676896,0.47507274598099203
DPYD,0.025963554265441058,0.037706205813040065,161,96,0.011742651547599008,0.4522744238923071
DPYSL2,0.0059667795516852125,0.021602513747054203,37,55,0.01563573419536899,2.6204645336617056
DPYSL3,0.009030801483631673,0.028279654359780047,56,72,0.019248852876148373,2.131466726517787
DPYSL4,0.010804708917916465,0.025530243519245877,67,65,0.014725534601329412,1.3628811949678161
DR1,0.001451378809869376,0.002356637863315004,9,6,0.0009052590534456282,0.6237234878240379
DRAM1,0.004837929366231253,0.003534956794972506,30,9,-0.0013029725712587472,-0.26932443047918303
DRAM2,0.002902757619738752,0.004713275726630008,18,12,0.0018105181068912564,0.6237234878240379
DRC1,0.009837123044670215,0.021602513747054203,61,55,0.011765390702383988,1.196019471237428
DSC1,0.018706660216094177,0.02670856245090338,116,68,0.008001902234809202,0.42775685998320573
DSC2,0.01644895984518626,0.022388059701492536,102,57,0.005939099856306276,0.3610623353819139
DSC3,0.015803902596355425,0.028279654359780047,98,72,0.012475751763424622,0.7894095580101642
DSCC1,0.002902757619738752,0.009033778476040848,18,23,0.006131020856302096,2.1121366849960723
DST,0.06337687469762941,0.10290652003142184,393,262,0.039529645333792426,0.6237234878240377
DTNA,0.014997581035316884,0.018853102906520033,93,48,0.0038555218712031485,0.2570762486379648
DTNB,0.00725689404934688,0.016496465043205028,45,42,0.009239570993858148,1.2732128829536526
DTX1,0.013546202225447508,0.02788688138256088,84,71,0.014340679157113373,1.0586494220626195
DTX2,0.009030801483631673,0.038884524744697564,56,99,0.02985372326106589,3.3057667489619567
DTX4,0.007418158361554588,0.020816967792615867,46,53,0.01339880943106128,1.806217767000239
DTYMK,0.0019351717464925011,0.009426551453260016,12,24,0.0074913797067675154,3.871170463472114
DUSP1,0.002580228995323335,0.009426551453260016,16,24,0.006846322457936682,2.653377847604085
DUSP14,0.0020964360587002098,0.005106048703849175,13,13,0.0030096126451489656,1.4355852317360565
DUSP2,0.002580228995323335,0.00864100549882168,16,22,0.006060776503498346,2.3489296936370776
DUSP3,0.0017739074342847927,0.0054988216810683424,11,14,0.0037249142467835495,2.0998357494822537
DUSP4,0.005321722302854378,0.009426551453260016,33,24,0.004104829150405638,0.7713347139898595
DUSP5,0.005482986615062087,0.011390416339355853,34,29,0.005907429724293766,1.0774109329513424
DUSP6,0.0043541364296081275,0.007462686567164179,27,19,0.0031085501375560515,0.7139303482587065
DUT,0.0009675858732462506,0.007069913589945012,6,18,0.006102327716698761,6.30675569520817
DVL2,0.008385744234800839,0.02474469756480754,52,63,0.0163589533300067,1.950805184603299
DYNC1H1,0.04160619254958878,0.06677140612725845,258,170,0.025165213577669668,0.6048429821516651
DYNLL2,0.0012901144976616675,0.0007855459544383347,8,2,-0.0005045685432233328,-0.39110369206598583
DYNLT3,0.0009675858732462506,0.006284367635506678,6,16,0.005316781762260427,5.494893951296151
DYRK1A,0.01128850185453959,0.0204241948153967,70,52,0.009135692960857112,0.8092918864324994
DYRK2,0.009030801483631673,0.012568735271013355,56,32,0.0035379337873816825,0.39176298956346095
DYRK3,0.008547008547008548,0.01728201099764336,53,44,0.008735002450634813,1.021995286724273
E2F1,0.005644250927269795,0.012961508248232521,35,33,0.007317257320962727,1.2964089327797106
E2F2,0.0043541364296081275,0.011390416339355853,27,29,0.007036279909747725,1.6159989526053944
E2F3,0.0059667795516852125,0.022388059701492536,37,57,0.016421280149807323,2.752117789431222
E2F4,0.002902757619738752,0.0192458758837392,18,49,0.016343118264000447,5.630204241948154
E2F5,0.00516045799064667,0.009033778476040848,32,23,0.0038733204853941784,0.7505768853102907
E2F8,0.012901144976616674,0.02199528672427337,80,56,0.009094141747656695,0.7049096622152397
EBI3,0.0020964360587002098,0.008248232521602514,13,21,0.006151796462902304,2.934406912804399
EBP,0.0020964360587002098,0.008248232521602514,13,21,0.006151796462902304,2.934406912804399
ECD,0.0043541364296081275,0.015318146111547526,27,39,0.010964009681939398,2.5180675569520816
ECH1,0.0024189646831156266,0.012568735271013355,15,32,0.01014977058789773,4.195915161036921
ECHS1,0.00306402193194646,0.010604870384917517,19,27,0.007540848452971057,2.4610948029933435
ECI1,0.002580228995323335,0.00864100549882168,16,22,0.006060776503498346,2.3489296936370776
ECI2,0.00516045799064667,0.013747054202670856,32,35,0.008586596212024185,1.6639213472113115
ECM1,0.0077406869859700045,0.019638648860958365,48,50,0.011897961874988362,1.537067949725059
ECM2,0.009030801483631673,0.018853102906520033,56,48,0.00982230142288836,1.0876444843451913
ECSIT,0.005644250927269795,0.012175962293794187,35,31,0.006531711366524392,1.1572326338233645
ECT2,0.009837123044670215,0.016496465043205028,61,42,0.006659341998534813,0.6769603234903996
EDAR,0.008708272859216255,0.014139827179890024,54,36,0.005431554320673769,0.6237234878240379
EDC4,0.013707466537655217,0.02356637863315004,85,60,0.009858912095494821,0.7192366341666281
EDEM1,0.0059667795516852125,0.01335428122545169,37,34,0.007387501673766477,1.2381053480817816
EDF1,0.0017739074342847927,0.003142183817753339,11,8,0.001368276383468546,0.7713347139898595
EDIL3,0.010643444605708756,0.01767478397486253,66,45,0.0070313393691537746,0.6606262943654934
EDN1,0.0043541364296081275,0.007855459544383346,27,20,0.0035013231147752186,0.8041372086933752
EDN2,0.0024189646831156266,0.004713275726630008,15,12,0.0022943110435143816,0.9484681853888454
EED,0.00725689404934688,0.010997643362136685,45,28,0.003740749312789805,0.5154752553024351
EEF1AKMT1,0.0,0.003142183817753339,0,8,0.003142183817753339,
EEF1B2,0.004676665054023544,0.006284367635506678,29,16,0.0016077025814831333,0.34377116233713484
EEF1E1,0.0027414933075310434,0.003142183817753339,17,8,0.0004006905102222954,0.1461577561110855
EEF2,0.011127237542331882,0.022780832678711706,69,58,0.011653595136379823,1.0473035281259606
EEIG1,0.0,0.0,0,0,0.0,
EFEMP1,0.009030801483631673,0.0192458758837392,56,49,0.010215074400107526,1.1311370777690495
EFEMP2,0.008547008547008548,0.014139827179890024,53,36,0.005592818632881476,0.6543597800471326
EFHC1,0.009030801483631673,0.020031421838177535,56,51,0.011000620354545862,1.218122264616766
EFHD1,0.0041928721174004195,0.01335428122545169,26,34,0.00916140910805127,2.184996072270228
EFNA1,0.0019351717464925011,0.005106048703849175,12,13,0.0031708769573566744,1.6385506677140615
EFNA3,0.001451378809869376,0.007855459544383346,9,20,0.00640408073451397,4.412411626080125
EFNA5,0.0043541364296081275,0.007462686567164179,27,19,0.0031085501375560515,0.7139303482587065
EFS,0.006450572488308337,0.05066771406127259,40,129,0.04421714157296425,6.854762372348783
EGF,0.016126431220770843,0.03220738413197172,100,82,0.016080952911200874,0.9971798900235662
EGFR,0.0382196419932269,0.0816967792615868,237,208,0.0434771372683599,1.1375600346037964
EGLN2,0.0038703434929850023,0.014532600157109192,24,37,0.01066225666412419,2.754860565593088
EGLN3,0.0016126431220770843,0.007069913589945012,10,18,0.005457270467867928,3.384053417124902
EGR1,0.009030801483631673,0.01767478397486253,56,45,0.008643982491230858,0.9571667040736169
EGR2,0.009514594420254797,0.0204241948153967,59,52,0.010909600395141904,1.1466174923775414
EGR3,0.005805515239477504,0.019638648860958365,36,50,0.01383313362148086,2.3827572663000782
EHD1,0.007418158361554588,0.018460329929300863,46,47,0.011042171567746275,1.4885327367737968
EHHADH,0.010159651669085631,0.023173605655930872,63,59,0.013013953986845241,1.2809448995623387
EI24,0.003386550556361877,0.012568735271013355,21,32,0.009182184714651478,2.711367972169229
EIF1,0.0008063215610385422,0.003142183817753339,5,8,0.0023358622567147967,2.896936370777691
EIF1AX,0.004031607805192711,0.00432050274941084,25,11,0.0002888949442181295,0.07165750196386485
EIF1B,0.0008063215610385422,0.0015710919088766694,5,4,0.0007647703478381272,0.9484681853888454
EIF2AK1,0.008385744234800839,0.020816967792615867,52,53,0.012431223557815028,1.4824234092694422
EIF2AK2,0.00822447992259313,0.012961508248232521,51,33,0.004737028325639391,0.5759669146527424
EIF2AK3,0.012739880664408966,0.02945797329143755,79,75,0.016718092627028586,1.3122644605089147
EIF2S1,0.002257700370907918,0.006677140612725845,14,17,0.004419440241817927,1.9574963528223546
EIF2S2,0.0027414933075310434,0.01178318931657502,17,30,0.009041696009043976,3.29809158541657
EIF2S3,0.004031607805192711,0.009819324430479183,25,25,0.005787716625286472,1.4355852317360567
EIF3A,0.01225608772778584,0.031029065200314218,76,79,0.018772977472528377,1.5317267540414272
EIF3B,0.008708272859216255,0.02631578947368421,54,67,0.017607516614467952,2.0219298245614032
EIF3D,0.005321722302854378,0.009819324430479183,33,25,0.004497602127624805,0.8451403270727702
EIF3J,0.002580228995323335,0.01335428122545169,16,34,0.010774052230128355,4.17561861743912
EIF4A1,0.0043541364296081275,0.01178318931657502,27,30,0.007429052886966892,1.7062058130400628
EIF4A2,0.008385744234800839,0.01728201099764336,52,44,0.008896266762842522,1.0608798114689706
EIF4A3,0.004837929366231253,0.008248232521602514,30,21,0.003410303155371261,0.7049096622152397
EIF4E,0.002902757619738752,0.00589159465828751,18,15,0.0029888370385487578,1.0296543597800472
EIF4E3,0.001128850185453959,0.003534956794972506,7,9,0.0024061066095185466,2.131466726517787
EIF4EBP1,0.0012901144976616675,0.003534956794972506,8,9,0.0022448422973108386,1.7400333857030639
EIF4G1,0.020964360587002098,0.034956794972505895,130,89,0.013992434385503797,0.6674391201885311
EIF4G2,0.010482180293501049,0.012568735271013355,65,32,0.0020865549775123064,0.19905734485467402
EIF4G3,0.018706660216094177,0.03181461115475255,116,81,0.013107950938658373,0.7007103773329361
EIF4H,0.00306402193194646,0.007462686567164179,19,19,0.004398664635217719,1.4355852317360565
EIF5,0.005482986615062087,0.012175962293794187,34,31,0.0066929756787321,1.220680652465228
EIF5A,0.00306402193194646,0.003927729772191673,19,10,0.0008637078402452128,0.2818869640716087
ELANE,0.005321722302854378,0.009819324430479183,33,25,0.004497602127624805,0.8451403270727702
ELF1,0.009514594420254797,0.0192458758837392,59,49,0.009731281463484402,1.0227741755096063
ELF3,0.009514594420254797,0.018853102906520033,59,48,0.009338508486265235,0.9814930698869614
ELF4,0.009353330108047089,0.016889238020424194,58,43,0.007535907912377106,0.8056924993905248
ELK4,0.0043541364296081275,0.01021209740769835,27,26,0.005857960978090223,1.345378371301388
ELL,0.0077406869859700045,0.018067556952081697,48,46,0.010326869966111693,1.3341025137470544
ELL2,0.008869537171423964,0.01767478397486253,55,45,0.008805246803438567,0.9927515532385919
ELMOD3,0.0038703434929850023,0.009033778476040848,24,23,0.0051634349830558465,1.3341025137470544
ELN,0.01435252378648605,0.022388059701492536,89,57,0.008035535915006485,0.5598691933590474
ELOA,0.0,0.022780832678711706,0,58,0.022780832678711706,
ELOVL2,0.005482986615062087,0.01021209740769835,34,26,0.004729110792636264,0.8625063536805139
ELOVL3,0.0041928721174004195,0.007855459544383346,26,20,0.0036625874269829266,0.873527101335428
ELOVL5,0.003386550556361877,0.009426551453260016,21,24,0.006040000896898139,1.783525979126922
ELOVL6,0.004676665054023544,0.004713275726630008,29,12,3.661067260646387e-05,0.007828371752851119
ELP1,0.0,0.022780832678711706,0,58,0.022780832678711706,
ELP4,0.006611836800516046,0.011390416339355853,41,29,0.004778579538839807,0.7227310175694058
EMP1,0.0012901144976616675,0.0027494108405341712,8,7,0.0014592963428725037,1.1311370777690495
EMP2,0.0032252862441541686,0.00864100549882168,20,22,0.005415719254667512,1.6791437549096622
EMP3,0.001451378809869376,0.003927729772191673,9,10,0.002476350962322297,1.7062058130400626
ENDOD1,0.005321722302854378,0.012568735271013355,33,32,0.007247012968158977,1.3617796186531461
ENG,0.006611836800516046,0.01610369206598586,41,41,0.009491855265469813,1.4355852317360562
ENO1,0.00612804386389292,0.012175962293794187,38,31,0.006047918429901267,0.9869247943109936
ENO2,0.0038703434929850023,0.012175962293794187,24,31,0.008305618800809185,2.1459642576590734
ENO3,0.004837929366231253,0.015710919088766692,30,40,0.010872989722535439,2.2474469756480753
ENPEP,0.023544589582325432,0.028672427336999214,146,73,0.0051278377546737815,0.2177926158680282
ENPP1,0.011933559103370425,0.022780832678711706,74,58,0.01084727357534128,0.9089722086579902
ENPP2,0.01564263828414772,0.027101335428122545,97,69,0.011458697143974825,0.7325297009256483
ENTPD5,0.005321722302854378,0.008248232521602514,33,21,0.002926510218748136,0.5499178747411271
ENTPD7,0.00725689404934688,0.014925373134328358,45,38,0.007668479084981478,1.0567164179104476
EOMES,0.007901951298177712,0.02356637863315004,49,60,0.015664427334972326,1.9823492633502735
EPB41,0.008708272859216255,0.019638648860958365,54,50,0.01093037600174211,1.255171510866719
EPB41L2,0.014997581035316884,0.023959151610369208,93,61,0.008961570575052324,0.5975343993107469
EPB41L3,0.028221254636348975,0.0408483896307934,175,104,0.012627134994444428,0.44743350914599944
EPB42,0.0075794226737622965,0.018067556952081697,47,46,0.0104881342783194,1.3837642693586936
EPCAM,0.002902757619738752,0.009426551453260016,18,24,0.006523793833521264,2.2474469756480757
EPHA2,0.01661022415739397,0.03260015710919089,103,83,0.01598993295179692,0.9626560605251718
EPHA5,0.03160780519271085,0.04399057344854674,196,112,0.01238276825583589,0.391762989563461
EPHB2,0.02144815352362522,0.03809897879025923,133,97,0.01665082526663401,0.7763290787849436
EPHB3,0.013707466537655217,0.028279654359780047,85,72,0.01457218782212483,1.0630839609999538
EPHB4,0.014191259474278342,0.03338570306362922,88,85,0.01919444358935088,1.3525539170177818
EPHX1,0.008385744234800839,0.0192458758837392,52,49,0.01086013164893836,1.2950706991358993
EPHX2,0.00822447992259313,0.01728201099764336,51,44,0.00905753107505023,1.1012892195369899
EPOR,0.004676665054023544,0.009426551453260016,29,24,0.004749886399236472,1.0156567435057022
EPRS1,0.0,0.019638648860958365,0,50,0.019638648860958365,
EPS8L2,0.00822447992259313,0.02474469756480754,51,63,0.01652021764221441,2.0086641097915994
EPSTI1,0.0038703434929850023,0.013747054202670856,24,35,0.009876710709685854,2.5518951296150827
ERAP2,0.008869537171423964,0.0192458758837392,55,49,0.010376338712315235,1.1698850246375776
ERBB2,0.01967424608934043,0.04006284367635507,122,102,0.02038859758701464,1.0363089642383423
ERBB3,0.02177068214804064,0.037706205813040065,135,96,0.015935523664999427,0.7319717203456404
ERCC1,0.005482986615062087,0.009819324430479183,34,25,0.004336337815417096,0.7908714939235709
ERCC2,0.012578616352201259,0.020816967792615867,78,53,0.008238351440414609,0.6549489395129614
ERCC3,0.009837123044670215,0.015710919088766692,61,40,0.005873796044096477,0.5971050699908566
ERCC4,0.01225608772778584,0.021209740769835034,76,54,0.008953653042049193,0.7305474014966716
ERCC5,0.013223673601032092,0.006284367635506678,82,16,-0.006939305965525415,-0.5247638572222328
ERCC8,0.003709079180777294,0.006677140612725845,23,17,0.002968061431948551,0.8002151712831723
EREG,0.002580228995323335,0.00432050274941084,16,11,0.0017402737540875052,0.6744648468185387
ERGIC3,0.0038703434929850023,0.009033778476040848,24,23,0.0051634349830558465,1.3341025137470544
ERH,0.0008063215610385422,0.0027494108405341712,5,7,0.0019430892794956292,2.4098193244304795
ERMAP,0.00516045799064667,0.012568735271013355,32,32,0.007408277280366685,1.4355852317360567
ERN1,0.010643444605708756,0.02356637863315004,66,60,0.012922934027441282,1.214168392487324
ERO1A,0.0,0.008248232521602514,0,21,0.008248232521602514,
ERP29,0.0027414933075310434,0.0054988216810683424,17,14,0.002757328373537299,1.0057760731943994
ERRFI1,0.004676665054023544,0.00864100549882168,29,22,0.003964340444798136,0.8476853482135601
ESPL1,0.022093210772456056,0.03731343283582089,137,95,0.015220222063364836,0.6889094672622288
ESR1,0.010643444605708756,0.02788688138256088,66,71,0.017243436776852125,1.6200992644433339
ESR2,0.009675858732462506,0.021209740769835034,60,54,0.011533882037372527,1.1920267085624507
ESRP2,0.0077406869859700045,0.01728201099764336,48,44,0.009541324011673357,1.2326197957580518
ESRRA,0.004676665054023544,0.054595443833464256,29,139,0.04991877877944071,10.674011972803857
ESYT1,0.011611030478955007,0.021209740769835034,72,54,0.009598710290880027,0.8266889238020423
ETF1,0.005805515239477504,0.00864100549882168,36,22,0.0028354902593441767,0.48841319717203446
ETFA,0.00306402193194646,0.007069913589945012,19,18,0.004005891657998552,1.3073965353288957
ETFB,0.0024189646831156266,0.012961508248232521,15,33,0.010542543565116896,4.358287509819324
ETFBKMT,0.0,0.0054988216810683424,0,14,0.0054988216810683424,
ETFDH,0.00516045799064667,0.009819324430479183,32,25,0.004658866439832513,0.902800962293794
ETHE1,0.0016126431220770843,0.007069913589945012,10,18,0.005457270467867928,3.384053417124902
ETS1,0.008063215610385421,0.016496465043205028,50,42,0.008433249432819607,1.0458915946582876
ETS2,0.0075794226737622965,0.018067556952081697,47,46,0.0104881342783194,1.3837642693586936
ETV1,0.010482180293501049,0.02356637863315004,65,60,0.01308419833964899,1.2482325216025136
ETV4,0.005644250927269795,0.010604870384917517,35,27,0.004960619457647722,0.8788800359106722
ETV5,0.00822447992259313,0.02356637863315004,51,60,0.015341898710556908,1.8653943902777135
EVI5,0.012578616352201259,0.01728201099764336,78,44,0.004703394645442102,0.3739198743126471
EVL,0.00516045799064667,0.018460329929300863,32,47,0.013299871938654194,2.577265809112333
EWSR1,0.008547008547008548,0.020031421838177535,53,51,0.011484413291168987,1.3436763550667714
EXO1,0.01241735203999355,0.028672427336999214,77,73,0.016255075297005664,1.3090613235939237
EXOC2,0.011127237542331882,0.022780832678711706,69,58,0.011653595136379823,1.0473035281259606
EXOC4,0.01435252378648605,0.025530243519245877,89,65,0.011177719732759826,0.7787982029532998
EXOSC1,0.0016126431220770843,0.0054988216810683424,10,14,0.0038861785589912583,2.4098193244304795
EXOSC10,0.008547008547008548,0.022388059701492536,53,57,0.013841051154483988,1.6194029850746265
EXOSC2,0.002580228995323335,0.003927729772191673,16,10,0.001347500776868338,0.5222407698350353
EXOSC4,0.002257700370907918,0.005106048703849175,14,13,0.002848348332941257,1.261614858040624
EXOSC5,0.0032252862441541686,0.006677140612725845,20,17,0.003451854368571676,1.0702474469756482
EXOSC7,0.0035478148685695854,0.006284367635506678,22,16,0.002736552766937092,0.7713347139898595
EXOSC8,0.0020964360587002098,0.009426551453260016,13,24,0.007330115394559807,3.4964650432050277
EXOSC9,0.007095629737139171,0.013747054202670856,44,35,0.006651424465531685,0.9373973434264086
EXT1,0.012094823415578132,0.02474469756480754,75,63,0.012649874149229409,1.0458915946582876
EXT2,0.008708272859216255,0.020031421838177535,54,51,0.01132314897896128,1.3002749410840537
EZH1,0.009998387356877922,0.015710919088766692,62,40,0.00571253173188877,0.5713453107974559
EZH2,0.012578616352201259,0.016496465043205028,78,42,0.00391784869100377,0.3114689709347997
EZR,0.007095629737139171,0.022388059701492536,44,57,0.015292429964353364,2.155189959294437
F10,0.010643444605708756,0.0204241948153967,66,52,0.009780750209687945,0.9189459401556811
F11,0.009998387356877922,0.014532600157109192,62,37,0.004534212800231269,0.4534944124876468
F12,0.006289308176100629,0.01178318931657502,39,30,0.00549388114047439,0.873527101335428
F13A1,0.016932752781809387,0.03260015710919089,105,83,0.015667404327381503,0.9252721355627875
F13B,0.01983551040154814,0.022780832678711706,123,58,0.0029453222771635666,0.14848734504627054
F2,0.010643444605708756,0.018853102906520033,66,48,0.008209658300811277,0.7713347139898595
F2R,0.006450572488308337,0.010604870384917517,40,27,0.00415429789660918,0.6440200314218381
F2RL1,0.00725689404934688,0.012961508248232521,45,33,0.005704614198885642,0.7860958366064414
F2RL2,0.004999193678438961,0.010997643362136685,31,28,0.005998449683697724,1.1998834351164382
F3,0.004515400741815836,0.00432050274941084,28,11,-0.00019489799240499615,-0.04316294467512075
F5,0.03531688437348815,0.0781618224666143,219,199,0.042844938093126145,1.2131573566916676
F7,0.008385744234800839,0.0204241948153967,52,52,0.012038450580595862,1.4355852317360565
F8,0.034671827124657315,0.04831107619795758,215,123,0.013639249073300268,0.3933813186210928
F9,0.012739880664408966,0.015710919088766692,79,40,0.0029710384243577265,0.23320771227142106
FABP1,0.003709079180777294,0.009033778476040848,23,23,0.0053246992952635545,1.4355852317360567
FABP2,0.0027414933075310434,0.007462686567164179,17,19,0.004721193259633136,1.7221246707638278
FABP3,0.002257700370907918,0.00432050274941084,14,11,0.002062802378502922,0.9136741106497585
FABP4,0.0009675858732462506,0.0015710919088766694,6,4,0.0006035060356304188,0.6237234878240379
FABP5,0.001451378809869376,0.0015710919088766694,9,4,0.00011971309900729349,0.08248232521602522
FABP6,0.0038703434929850023,0.006677140612725845,24,17,0.0028067971197408424,0.7252062058130402
FADS1,0.0032252862441541686,0.008248232521602514,20,21,0.005022946277448346,1.5573644933228596
FADS2,0.0059667795516852125,0.015710919088766692,37,40,0.009744139537081479,1.633065115390331
FAH,0.006773101112723754,0.020031421838177535,42,51,0.013258320725453781,1.9574963528223548
FAM120A,0.011611030478955007,0.03338570306362922,72,85,0.021774672584674214,1.8753436763550666
FAM162A,0.0032252862441541686,0.00432050274941084,20,11,0.0010952165052566716,0.33957187745483103
FANCC,0.005644250927269795,0.013747054202670856,35,35,0.008102803275401062,1.435585231736057
FAP,0.01435252378648605,0.0204241948153967,89,52,0.006071671028910651,0.4230385623626398
FARP1,0.01757781003064022,0.032992930086410056,109,84,0.015415120055769838,0.8769647657415484
FARSA,0.007095629737139171,0.014532600157109192,44,37,0.007436970419970021,1.048105763050775
FAS,0.005805515239477504,0.012175962293794187,36,31,0.0063704470543166835,1.0973095051060486
FASLG,0.008063215610385421,0.011390416339355853,50,29,0.0033272007289704315,0.4126394344069129
FASN,0.02257700370907918,0.05263157894736842,140,134,0.03005457523828924,1.331203007518797
FBL,0.005805515239477504,0.010604870384917517,36,27,0.004799355145440013,0.8266889238020423
FBLN1,0.012739880664408966,0.031421838177533384,79,80,0.018681957513124417,1.466415424542842
FBLN2,0.015481373971940009,0.040455616653574236,96,103,0.02497424268163423,1.613179988216811
FBLN5,0.007418158361554588,0.014532600157109192,46,37,0.007114441795554604,0.9590576863963935
FBN1,0.03999354942751169,0.06323644933228594,248,161,0.023242899904774246,0.5811662189899399
FBN2,0.04902435091114336,0.0758051846032993,304,193,0.026780833692155934,0.5462761504113781
FBP1,0.0041928721174004195,0.003927729772191673,26,10,-0.00026514234520874647,-0.06323644933228603
FBP2,0.00612804386389292,0.012175962293794187,38,31,0.006047918429901267,0.9869247943109936
FBXO34,0.009030801483631673,0.022780832678711706,56,58,0.013750031195080033,1.522570418583773
FBXO4,0.00612804386389292,0.012175962293794187,38,31,0.006047918429901267,0.9869247943109936
FBXO5,0.0043541364296081275,0.014925373134328358,27,38,0.010571236704720231,2.4278606965174134
FBXO6,0.0027414933075310434,0.009819324430479183,17,25,0.007077831122948139,2.5817429878471416
FBXO7,0.007901951298177712,0.012961508248232521,49,33,0.005059556950054809,0.6402920948426505
FBXO9,0.0041928721174004195,0.00864100549882168,26,22,0.004448133381421261,1.0608798114689706
FBXW11,0.007418158361554588,0.012568735271013355,46,32,0.0051505769094587674,0.6943201612076917
FBXW7,0.030640219319464604,0.08876669285153181,190,226,0.05812647353206721,1.8970645388018355
FCER1G,0.0012901144976616675,0.0015710919088766694,8,4,0.0002809774112150019,0.21779261586802834
FCGR1A,0.005644250927269795,0.00589159465828751,35,15,0.0002473437310177148,0.043822242172595706
FCGR2B,0.0035478148685695854,0.012961508248232521,22,33,0.009413693379662936,2.6533778476040846
FCMR,0.0,0.009426551453260016,0,24,0.009426551453260016,
FCN1,0.008869537171423964,0.018460329929300863,55,47,0.0095907927578769,1.0813182889380846
FDFT1,0.003386550556361877,0.01178318931657502,21,30,0.008396638760213142,2.479407473908652
FDPS,0.006611836800516046,0.012175962293794187,41,31,0.005564125493278141,0.8415400532638476
FDX1,0.0006450572488308337,0.007855459544383346,4,20,0.0072104022955525125,11.177926158680282
FDXR,0.006611836800516046,0.012961508248232521,41,33,0.006349671447716475,0.9603490889582893
FECH,0.00612804386389292,0.006677140612725845,38,17,0.0005490967488329243,0.08960391946086746
FEN1,0.0024189646831156266,0.012568735271013355,15,32,0.01014977058789773,4.195915161036921
FERMT2,0.007901951298177712,0.01767478397486253,49,45,0.009772832676684818,1.2367619475127054
FES,0.00822447992259313,0.022780832678711706,51,58,0.014556352756118576,1.7698812439351232
FETUB,0.008385744234800839,0.025530243519245877,52,65,0.017144499284445038,2.0444815396700706
FEZ1,0.005805515239477504,0.012175962293794187,36,31,0.0063704470543166835,1.0973095051060486
FFAR2,0.006289308176100629,0.009819324430479183,39,25,0.0035300162543785533,0.56127258444619
FGA,0.02144815352362522,0.029065200314218383,133,74,0.007617046790593163,0.3551376477328436
FGD4,0.010804708917916465,0.024351924587588374,67,62,0.01354721566967191,1.2538251398154554
FGD6,0.014997581035316884,0.03260015710919089,93,83,0.017602576073874006,1.1736943466031475
FGF13,0.008385744234800839,0.018853102906520033,52,48,0.010467358671719194,1.2482325216025139
FGF16,0.0020964360587002098,0.009426551453260016,13,24,0.007330115394559807,3.4964650432050277
FGF17,0.002902757619738752,0.006284367635506678,18,16,0.0033816100157679258,1.1649646504320503
FGF18,0.004515400741815836,0.009819324430479183,28,25,0.005303923688663346,1.1746296711929074
FGF2,0.001128850185453959,0.018853102906520033,7,48,0.017724252721066074,15.701155874761533
FGF22,0.0006450572488308337,0.009426551453260016,4,24,0.008781494204429183,13.61351139041634
FGF6,0.006611836800516046,0.01610369206598586,41,41,0.009491855265469813,1.4355852317360562
FGF9,0.0038703434929850023,0.006284367635506678,24,16,0.0024140241425216753,0.6237234878240379
FGFR1,0.010804708917916465,0.025923016496465043,67,66,0.015118307578548578,1.3992332133519363
FGFR3,0.011933559103370425,0.030636292223095052,74,78,0.018702733119724625,1.567238487505573
FGG,0.009353330108047089,0.01178318931657502,58,30,0.0024298592085279305,0.2597854646910638
FGGY,0.00822447992259313,0.01767478397486253,51,45,0.0094503040522694,1.1490457927082853
FGL2,0.007418158361554588,0.014925373134328358,46,38,0.00750721477277377,1.0120051914341337
FGR,0.008385744234800839,0.010997643362136685,52,28,0.002611899127335846,0.3114689709347996
FH,0.004676665054023544,0.012175962293794187,29,31,0.007499297239770643,1.6035566270281987
FHL1,0.006773101112723754,0.009033778476040848,42,23,0.0022606773633170943,0.3337728649983167
FHL2,0.002580228995323335,0.006284367635506678,16,16,0.0037041386401833426,1.4355852317360567
FIS1,0.0019351717464925011,0.00432050274941084,12,11,0.0023853310029183393,1.2326197957580518
FJX1,0.0019351717464925011,0.014532600157109192,12,37,0.01259742841061669,6.509721131186176
FKBP14,0.0024189646831156266,0.005106048703849175,15,13,0.0026870840207335487,1.110840534171249
FKBP1A,0.0006450572488308337,0.006284367635506678,4,16,0.005639310386675844,8.742340926944227
FKBP1B,0.0006450572488308337,0.0027494108405341712,4,7,0.0021043535917033376,3.262274155538099
FKBP2,0.001451378809869376,0.003534956794972506,9,9,0.00208357798510313,1.4355852317360565
FKBP4,0.005805515239477504,0.009426551453260016,36,24,0.0036210362137825127,0.6237234878240379
FKBP5,0.007418158361554588,0.011390416339355853,46,29,0.003972257977801265,0.5354776460944706
FLII,0.011933559103370425,0.031029065200314218,74,79,0.01909550609694379,1.6001518014479519
FLNA,0.0325753910659571,0.05263157894736842,202,134,0.020056187881411315,0.6156852527357999
FLNB,0.030317690695049186,0.04713275726630008,188,120,0.01681506657125089,0.5546288713208871
FLNC,0.04160619254958878,0.07030636292223096,258,179,0.028700170372642178,0.6898052576773416
FLOT2,0.004676665054023544,0.010604870384917517,29,27,0.005928205330893973,1.2676138364439147
FLT3LG,0.002580228995323335,0.011390416339355853,16,29,0.008810187344032518,3.414498232521603
FLT4,0.024189646831156264,0.05970149253731343,150,152,0.03551184570615717,1.4680597014925374
FMO1,0.012901144976616674,0.01767478397486253,80,45,0.004773638998245856,0.37001669285153194
FMO3,0.013062409288824383,0.02356637863315004,81,60,0.010503969344325655,0.8041372086933751
FMOD,0.008869537171423964,0.014532600157109192,55,37,0.005663062985685228,0.63848461044062
FN1,0.03209159812933398,0.05616653574234093,199,143,0.02407493761300695,0.7501944127550557
FN3K,0.0035478148685695854,0.007855459544383346,22,20,0.00430764467581376,1.2141683924873239
FNTA,0.004837929366231253,0.007855459544383346,30,20,0.003017530178152093,0.6237234878240376
FOS,0.003709079180777294,0.010997643362136685,23,28,0.007288564181359391,1.9650602821134602
FOSB,0.004999193678438961,0.016889238020424194,31,43,0.011890044341985234,2.3783924182145304
FOSL1,0.001451378809869376,0.009426551453260016,9,24,0.00797517264339064,5.494893951296151
FOSL2,0.00725689404934688,0.01021209740769835,45,26,0.002955203358351471,0.40722702278083267
FOXA2,0.007418158361554588,0.018460329929300863,46,47,0.011042171567746275,1.4885327367737968
FOXC1,0.0043541364296081275,0.022780832678711706,27,58,0.018426696249103577,4.231997905210789
FOXC2,0.005805515239477504,0.022388059701492536,36,57,0.01658254446201503,2.856343283582089
FOXJ2,0.0077406869859700045,0.016889238020424194,48,43,0.00914855103445419,1.1818784367635509
FOXN3,0.0059667795516852125,0.020031421838177535,37,51,0.014064642286492322,2.3571580221226727
FOXO1,0.006773101112723754,0.025923016496465043,42,66,0.01914991538374129,2.8273482212995176
FOXO3,0.005482986615062087,0.018853102906520033,34,48,0.013370116291457946,2.4384732683332566
FOXO4,0.006773101112723754,0.01610369206598586,42,41,0.009330590953262104,1.3775951071709123
FPR1,0.008708272859216255,0.022780832678711706,54,58,0.01407255981949545,1.6159989526053944
FRAT1,0.0003225286244154169,0.004713275726630008,2,12,0.004390747102214591,13.61351139041634
FRK,0.009675858732462506,0.013747054202670856,60,35,0.004071195470208349,0.4207580518460329
FSCN1,0.005644250927269795,0.018460329929300863,35,47,0.012816079002031067,2.2706430254741328
FSHB,0.0035478148685695854,0.00589159465828751,22,15,0.002343779789717924,0.6606262943654931
FST,0.006289308176100629,0.007855459544383346,39,20,0.0015661513682827168,0.24901806755695197
FSTL1,0.0059667795516852125,0.0054988216810683424,37,14,-0.00046795787061687,-0.07842720961338408
FSTL3,0.0012901144976616675,0.009033778476040848,8,23,0.007743663978379181,6.002307541241163
FTCD,0.006289308176100629,0.029065200314218383,39,74,0.022775892138117752,3.6213668499607223
FTL,0.00306402193194646,0.006677140612725845,19,17,0.0036131186807793845,1.1792078389217349
FUCA1,0.0038703434929850023,0.014532600157109192,24,37,0.01066225666412419,2.754860565593088
FURIN,0.007095629737139171,0.02199528672427337,44,56,0.014899656987134198,2.0998357494822537
FUS,0.005644250927269795,0.02670856245090338,35,68,0.021064311523633583,3.7319941645157675
FUT4,0.0032252862441541686,0.015318146111547526,20,39,0.012092859867393358,3.749391201885311
FUT8,0.009030801483631673,0.01767478397486253,56,45,0.008643982491230858,0.9571667040736169
FXN,0.001128850185453959,0.006677140612725845,7,17,0.005548290427271885,4.914992705644709
FXYD1,0.0008063215610385422,0.001178318931657502,5,3,0.0003719973706189599,0.46135113904163405
FYB1,0.0,0.02199528672427337,0,56,0.02199528672427337,
FYN,0.00725689404934688,0.013747054202670856,45,35,0.006490160153323976,0.8943440691280439
FZD1,0.009192065795839382,0.027101335428122545,57,69,0.017909269632283162,1.9483400173646996
FZD2,0.009837123044670215,0.03731343283582089,61,95,0.027476309791150677,2.793124541228284
FZD4,0.006934365424931463,0.01335428122545169,43,34,0.0064199158005202265,0.9258115785819983
FZD5,0.0043541364296081275,0.009819324430479183,27,25,0.005465188000871055,1.255171510866719
FZD7,0.009998387356877922,0.01610369206598586,62,41,0.006105304709107936,0.6106289435673922
FZD8,0.006934365424931463,0.025923016496465043,43,66,0.01898865107153358,2.738340123129761
G0S2,0.001451378809869376,0.003142183817753339,9,8,0.0016908050078839629,1.1649646504320503
G3BP1,0.008385744234800839,0.010997643362136685,52,28,0.002611899127335846,0.3114689709347996
G3BP2,0.00725689404934688,0.009033778476040848,45,23,0.0017768844266939686,0.24485467399842886
G6PC1,0.0,0.0,0,0,0.0,
G6PC2,0.005644250927269795,0.014139827179890024,35,36,0.008495576252620228,1.5051733812142296
G6PD,0.00725689404934688,0.013747054202670856,45,35,0.006490160153323976,0.8943440691280439
GAA,0.009998387356877922,0.03220738413197172,62,82,0.022208996775093796,2.2212578871347843
GAB2,0.009514594420254797,0.01728201099764336,59,44,0.007767416577388563,0.816368647396381
GABARAPL1,0.0012901144976616675,0.005106048703849175,8,13,0.003815934206187508,2.957826001571092
GABARAPL2,0.001128850185453959,0.002356637863315004,7,6,0.001227787677861045,1.0876444843451913
GABBR1,0.015320109659732302,0.03456402199528672,95,88,0.01924391233555442,1.256121056766031
GABRA3,0.012901144976616674,0.016496465043205028,80,42,0.0035953200665883537,0.27868224666142977
GAD1,0.010643444605708756,0.022780832678711706,66,58,0.01213738807300295,1.1403627794044136
GAD2,0.015320109659732302,0.0204241948153967,95,52,0.005104085155664399,0.33316244263447303
GADD45A,0.0006450572488308337,0.003534956794972506,4,9,0.0028898995461416723,4.480066771406127
GADD45B,0.001451378809869376,0.004713275726630008,9,12,0.003261896916760632,2.2474469756480757
GADD45G,0.0019351717464925011,0.002356637863315004,12,6,0.00042146611682250296,0.21779261586802842
GAL,0.0017739074342847927,0.003927729772191673,11,10,0.00215382233790688,1.2141683924873239
GAL3ST1,0.010159651669085631,0.02356637863315004,63,60,0.013406726964064407,1.319604982605768
GALC,0.007418158361554588,0.018853102906520033,46,48,0.011434944544965445,1.5414802418115376
GALE,0.0006450572488308337,0.005106048703849175,4,13,0.004460991455018342,6.915652003142184
GALK1,0.004515400741815836,0.00864100549882168,28,22,0.004125604757005844,0.9136741106497585
GALK2,0.0043541364296081275,0.007069913589945012,27,18,0.0027157771603368843,0.6237234878240379
GALM,0.0032252862441541686,0.009033778476040848,20,23,0.00580849223188668,1.8009230164964651
GALNT1,0.006934365424931463,0.010997643362136685,43,28,0.004063277937205222,0.5859624764792926
GALNT3,0.006450572488308337,0.012175962293794187,40,31,0.00572538980548585,0.8875785545954439
GAMT,0.002257700370907918,0.009033778476040848,14,23,0.00677607810513293,3.0013185949949497
GAPDH,0.0032252862441541686,0.00864100549882168,20,22,0.005415719254667512,1.6791437549096622
GAPDHS,0.005644250927269795,0.010997643362136685,35,28,0.00535339243486689,0.9484681853888454
GAPVD1,0.01451378809869376,0.02631578947368421,90,67,0.01180200137499045,0.813157894736842
GART,0.009837123044670215,0.02631578947368421,61,67,0.016478666429013994,1.6751509922346848
GAS1,0.0020964360587002098,0.01178318931657502,13,30,0.00968675325787481,4.620581304006284
GATA1,0.008547008547008548,0.010997643362136685,53,28,0.002450634815128137,0.286724273369992
GATA3,0.02064183196258668,0.032992930086410056,128,84,0.012351098123823376,0.5983528083267872
GBE1,0.008869537171423964,0.01610369206598586,55,41,0.007234154894561895,0.8156180818396056
GBF1,0.020158039025963553,0.03613511390416339,125,92,0.01597707487819984,0.7925907305577377
GBP2,0.008385744234800839,0.014925373134328358,52,38,0.006539628899527519,0.7798507462686566
GBP4,0.010482180293501049,0.014532600157109192,65,37,0.004050419863608143,0.3864100549882168
GBP6,0.009192065795839382,0.018460329929300863,57,47,0.009268264133461481,1.00828957704552
GC,0.009030801483631673,0.0204241948153967,56,52,0.011393393331765029,1.261614858040624
GCA,0.0027414933075310434,0.008248232521602514,17,21,0.005506739214071471,2.0086641097915994
GCDH,0.005482986615062087,0.01610369206598586,34,41,0.010620705450923772,1.9370292500346562
GCG,0.004999193678438961,0.01021209740769835,31,26,0.0052129037292593895,1.0427489040366928
GCH1,0.0019351717464925011,0.006284367635506678,12,16,0.004349195889014177,2.2474469756480757
GCK,0.008708272859216255,0.020031421838177535,54,51,0.01132314897896128,1.3002749410840537
GCKR,0.0077406869859700045,0.01767478397486253,48,45,0.009934096988892527,1.2833611547525534
GCLC,0.006289308176100629,0.01021209740769835,39,26,0.003922789231597721,0.6237234878240376
GCLM,0.0032252862441541686,0.00589159465828751,20,15,0.002666308414133341,0.8266889238020424
GCNT1,0.007095629737139171,0.011390416339355853,44,29,0.004294786602216682,0.6052720845533102
GCNT2,0.00612804386389292,0.025530243519245877,38,65,0.019402199655352954,3.166132633232728
GDA,0.009030801483631673,0.010604870384917517,56,27,0.0015740689012858442,0.17430002244417
GDE1,0.0032252862441541686,0.006284367635506678,20,16,0.003059081391352509,0.9484681853888454
GDNF,0.0038703434929850023,0.012961508248232521,24,33,0.00909116475524752,2.348929693637078
GEM,0.006934365424931463,0.014532600157109192,43,37,0.007598234732177729,1.095736129633351
GEMIN4,0.008708272859216255,0.025923016496465043,54,66,0.017214743637248786,1.9768263943440691
GFI1,0.0043541364296081275,0.012175962293794187,27,31,0.00782182586418606,1.796412673474732
GFPT1,0.006773101112723754,0.010997643362136685,42,28,0.004224542249412931,0.6237234878240377
GFPT2,0.011449766166747298,0.029065200314218383,71,74,0.017615434147471083,1.538497283781242
GFRA1,0.011127237542331882,0.022388059701492536,69,57,0.011260822159160654,1.0120051914341335
GFUS,0.0,0.007462686567164179,0,19,0.007462686567164179,
GGA2,0.008385744234800839,0.014532600157109192,52,37,0.006146855922308353,0.733012568735271
GGH,0.0032252862441541686,0.007855459544383346,20,20,0.004630173300229178,1.4355852317360567
GHITM,0.005482986615062087,0.006284367635506678,34,16,0.0008013810204445908,0.1461577561110855
GHRL,0.0024189646831156266,0.00589159465828751,15,15,0.003472629975171883,1.4355852317360565
GINS1,0.0012901144976616675,0.012568735271013355,8,32,0.011278620773351688,8.742340926944227
GINS2,0.0027414933075310434,0.0054988216810683424,17,14,0.002757328373537299,1.0057760731943994
GINS3,0.002902757619738752,0.0054988216810683424,18,14,0.0025960640613295906,0.894344069128044
GINS4,0.004031607805192711,0.004713275726630008,25,12,0.0006816679214372975,0.1690809112333073
GJA1,0.01032091598129334,0.012568735271013355,64,32,0.002247819289720015,0.21779261586802834
GJA5,0.009514594420254797,0.012568735271013355,59,32,0.0030541408507585577,0.32099537992464094
GJB3,0.005644250927269795,0.012961508248232521,35,33,0.007317257320962727,1.2964089327797106
GLA,0.0059667795516852125,0.00589159465828751,37,15,-7.518489339770288e-05,-0.012600581728625826
GLCE,0.006289308176100629,0.016496465043205028,39,42,0.010207156867104399,1.6229379418695993
GLDC,0.013223673601032092,0.027101335428122545,82,69,0.013877661827090453,1.0494558657291206
GLI1,0.018222867279471054,0.03613511390416339,113,92,0.01791224662469234,0.982954347962099
GLIPR1,0.005805515239477504,0.00432050274941084,36,11,-0.0014850124900666634,-0.25579340141398277
GLIPR2,0.001128850185453959,0.006677140612725845,7,17,0.005548290427271885,4.914992705644709
GLMN,0.006289308176100629,0.012568735271013355,39,32,0.006279427094912726,0.9984289080911234
GLO1,0.002257700370907918,0.007462686567164179,14,19,0.005204986196256261,2.3054371002132195
GLRX,0.0016126431220770843,0.002356637863315004,10,6,0.0007439947412379198,0.46135113904163405
GLRX2,0.0012901144976616675,0.012175962293794187,8,31,0.01088584779613252,8.43789277297722
GLRX5,0.0004837929366231253,0.0019638648860958365,3,5,0.0014800719494727113,3.0593087195600943
GLS,0.0059667795516852125,0.015318146111547526,37,39,0.009351366559862313,1.567238487505573
GLS2,0.006611836800516046,0.014532600157109192,41,37,0.007920763356593145,1.1979671603471729
GLUD1,0.005805515239477504,0.012175962293794187,36,31,0.0063704470543166835,1.0973095051060486
GLUL,0.006289308176100629,0.01021209740769835,39,26,0.003922789231597721,0.6237234878240376
GM2A,0.0027414933075310434,0.013747054202670856,17,35,0.011005560895139812,4.014440182985998
GMCL1,0.0041928721174004195,0.010997643362136685,26,28,0.006804771244736265,1.6229379418695993
GMFB,0.0017739074342847927,0.0027494108405341712,11,7,0.0009755034062493785,0.549917874741127
GMPPA,0.006611836800516046,0.010604870384917517,41,27,0.003993033584401471,0.6039219818749639
GMPPB,0.002580228995323335,0.00864100549882168,16,22,0.006060776503498346,2.3489296936370776
GMPR,0.004837929366231253,0.009033778476040848,30,23,0.004195849109809595,0.8672820109976433
GMPR2,0.00306402193194646,0.009819324430479183,19,25,0.006755302498532722,2.204717410179022
GMPS,0.009030801483631673,0.01728201099764336,56,44,0.008251209514011688,0.9136741106497585
GNA14,0.005482986615062087,0.010604870384917517,34,27,0.00512188376985543,0.9341412134374565
GNA15,0.006934365424931463,0.014532600157109192,43,37,0.007598234732177729,1.095736129633351
GNAI1,0.005644250927269795,0.011390416339355853,35,29,0.005746165412086058,1.0180563348670186
GNAI2,0.005482986615062087,0.012175962293794187,34,31,0.0066929756787321,1.220680652465228
GNAI3,0.004515400741815836,0.009819324430479183,28,25,0.005303923688663346,1.1746296711929074
GNAO1,0.00516045799064667,0.02513747054202671,32,64,0.01997701255138004,3.8711704634721134
GNAS,0.02789872601193356,0.07069913589945012,173,180,0.04280040988751656,1.5341349231935848
GNB2,0.0038703434929850023,0.009819324430479183,24,25,0.005948980937494181,1.537067949725059
GNB4,0.0043541364296081275,0.012568735271013355,27,32,0.008214598841405227,1.8866195339094005
GNE,0.006773101112723754,0.015318146111547526,42,39,0.008545044998823772,1.2616148580406241
GNG11,0.0006450572488308337,0.003927729772191673,4,10,0.0032826725233608394,5.088963079340141
GNG12,0.002580228995323335,0.0054988216810683424,16,14,0.0029185926857450075,1.1311370777690495
GNG2,0.0017739074342847927,0.003142183817753339,11,8,0.001368276383468546,0.7713347139898595
GNGT1,0.0016126431220770843,0.0027494108405341712,10,7,0.001136767718457087,0.7049096622152397
GNGT2,0.0017739074342847927,0.0054988216810683424,11,14,0.0037249142467835495,2.0998357494822537
GNL3,0.004515400741815836,0.01178318931657502,28,30,0.007267788574759183,1.609555605431489
GNMT,0.002902757619738752,0.0019638648860958365,18,5,-0.0009388927336429153,-0.3234485467399843
GNPAT,0.0075794226737622965,0.015318146111547526,47,39,0.007738723437785229,1.0210175327171533
GNPDA1,0.0027414933075310434,0.007069913589945012,17,18,0.0043284202824139684,1.5788549512499424
GOLGA4,0.018222867279471054,0.03574234092694423,113,91,0.017519473647473173,0.9614004963538154
GOSR2,0.002902757619738752,0.007855459544383346,18,20,0.004952701924644594,1.7062058130400626
GOT1,0.00516045799064667,0.013747054202670856,32,35,0.008586596212024185,1.6639213472113115
GOT2,0.00516045799064667,0.01021209740769835,32,26,0.005051639417051681,0.978913000785546
GP1BA,0.007901951298177712,0.03613511390416339,49,92,0.02823316260598568,3.572935537137086
GP2,0.014997581035316884,0.023959151610369208,93,61,0.008961570575052324,0.5975343993107469
GP9,0.00306402193194646,0.009819324430479183,19,25,0.006755302498532722,2.204717410179022
GPAM,0.010159651669085631,0.01728201099764336,63,44,0.00712235932855773,0.7010436539108965
GPAT4,0.0,0.007855459544383346,0,20,0.007855459544383346,
GPC1,0.004837929366231253,0.014532600157109192,30,37,0.009694670790877939,2.00388845247447
GPC3,0.009675858732462506,0.019638648860958365,60,50,0.009962790128495859,1.029654359780047
GPC4,0.009675858732462506,0.014532600157109192,60,37,0.004856741424646685,0.5019442262372349
GPD1,0.005805515239477504,0.005106048703849175,36,13,-0.0006994665356283283,-0.12048311076197955
GPD1L,0.003709079180777294,0.009426551453260016,23,24,0.0057174722724827225,1.5414802418115376
GPD2,0.0075794226737622965,0.014532600157109192,47,37,0.006953177483346895,0.9173756079624276
GPER1,0.005482986615062087,0.015318146111547526,34,39,0.00983515949648544,1.7937595305207708
GPHN,0.010804708917916465,0.019638648860958365,67,50,0.0088339399430419,0.8176009192060123
GPI,0.0075794226737622965,0.018067556952081697,47,46,0.0104881342783194,1.3837642693586936
GPNMB,0.009837123044670215,0.01767478397486253,61,45,0.007837660930192315,0.7967432037397139
GPR132,0.005321722302854378,0.013747054202670856,33,35,0.008425331899816478,1.5831964579018782
GPR18,0.003386550556361877,0.00589159465828751,21,15,0.0025050441019256325,0.7397037369543261
GPR182,0.005644250927269795,0.009033778476040848,35,23,0.0033895275487710536,0.6005274379979801
GPR183,0.00516045799064667,0.009819324430479183,32,25,0.004658866439832513,0.902800962293794
GPR19,0.004837929366231253,0.014925373134328358,30,38,0.010087443768097105,2.0850746268656715
GPR3,0.003709079180777294,0.006284367635506678,23,16,0.0025752884547293837,0.6943201612076917
GPR65,0.007901951298177712,0.012175962293794187,49,31,0.004274010995616475,0.5408804527309747
GPR83,0.009353330108047089,0.018067556952081697,58,46,0.008714226844034608,0.9316710458596311
GPR87,0.007418158361554588,0.014139827179890024,46,36,0.006721668818335436,0.9061101813586531
GPRC5B,0.010159651669085631,0.021209740769835034,63,54,0.011050089100749403,1.0876444843451913
GPRC5C,0.008547008547008548,0.01178318931657502,53,30,0.0032361807695664713,0.3786331500392771
GPX1,0.0,0.003534956794972506,0,9,0.003534956794972506,
GPX2,0.0024189646831156266,0.00039277297721916735,15,1,-0.0020261917058964594,-0.8376276512175963
GPX3,0.0004837929366231253,0.00039277297721916735,3,1,-9.101995940395793e-05,-0.18813825608798107
GPX4,0.0,0.0,0,0,0.0,
GPX7,0.0019351717464925011,0.00589159465828751,12,15,0.003956422911795009,2.0444815396700706
GPX8,0.002580228995323335,0.006284367635506678,16,16,0.0037041386401833426,1.4355852317360567
GRB2,0.003386550556361877,0.005106048703849175,21,13,0.0017194981474872983,0.5077432386937494
GRB7,0.009353330108047089,0.01610369206598586,58,41,0.00675036195793877,0.7217068017444537
GREB1,0.02773746169972585,0.06520031421838178,172,166,0.03746285251865593,1.3506229562103802
GREM1,0.0024189646831156266,0.006284367635506678,15,16,0.003865402952391051,1.5979575805184605
GRHPR,0.004031607805192711,0.010604870384917517,25,27,0.006573262579724806,1.630432050274941
GRID2,0.02789872601193356,0.03927729772191673,173,100,0.01137857170998317,0.407852735107547
GRINA,0.0043541364296081275,0.05263157894736842,27,134,0.04827744251776029,11.087719298245613
GRK2,0.0,0.020031421838177535,0,51,0.020031421838177535,
GRK5,0.006773101112723754,0.020031421838177535,42,51,0.013258320725453781,1.9574963528223548
GRM8,0.030317690695049186,0.04281225451688924,188,109,0.012494563821840055,0.41212122478313923
GRPEL1,0.0019351717464925011,0.006677140612725845,12,17,0.004741968866233344,2.4504124116260804
GRWD1,0.005321722302854378,0.012568735271013355,33,32,0.007247012968158977,1.3617796186531461
GSDME,0.0,0.012568735271013355,0,32,0.012568735271013355,
GSG1,0.0041928721174004195,0.013747054202670856,26,35,0.009554182085270436,2.278672427336999
GSK3B,0.006450572488308337,0.010604870384917517,40,27,0.00415429789660918,0.6440200314218381
GSN,0.008063215610385421,0.022780832678711706,50,58,0.014717617068326284,1.825278868813826
GSPT1,0.004515400741815836,0.025923016496465043,28,66,0.021407615754649206,4.741022331949275
GSR,0.005644250927269795,0.015318146111547526,35,39,0.00967389518427773,1.7139378296487489
GSS,0.006450572488308337,0.01021209740769835,40,26,0.0037615249193900134,0.5831304006284368
GSTA3,0.0035478148685695854,0.00589159465828751,22,15,0.002343779789717924,0.6606262943654931
GSTK1,0.0035478148685695854,0.003927729772191673,22,10,0.0003799149036220876,0.10708419624366206
GSTM1,0.001128850185453959,0.002356637863315004,7,6,0.001227787677861045,1.0876444843451913
GSTM2,0.0024189646831156266,0.0027494108405341712,15,7,0.00033044615741854464,0.13660644147682635
GSTM3,0.002580228995323335,0.007069913589945012,16,18,0.004489684594621677,1.7400333857030639
GSTM4,0.0020964360587002098,0.00589159465828751,13,15,0.0037951585995873,1.8102906520031419
GSTO1,0.0024189646831156266,0.006284367635506678,15,16,0.003865402952391051,1.5979575805184605
GSTT2,0.0016126431220770843,0.0,10,0,-0.0016126431220770843,-1.0
GSTZ1,0.002580228995323335,0.00864100549882168,16,22,0.006060776503498346,2.3489296936370776
GTF2A2,0.0004837929366231253,0.0019638648860958365,3,5,0.0014800719494727113,3.0593087195600943
GTF2B,0.003709079180777294,0.007462686567164179,23,19,0.003753607386386885,1.0120051914341337
GTF2F1,0.006611836800516046,0.015318146111547526,41,39,0.00870630931103148,1.3167761960416149
GTF2H1,0.005482986615062087,0.01178318931657502,34,30,0.006300202701512932,1.149045792708285
GTF2H3,0.003386550556361877,0.00864100549882168,21,22,0.005254454942459803,1.5515654808663448
GTF2H5,0.0006450572488308337,0.0015710919088766694,4,4,0.0009260346600458356,1.4355852317360567
GTF3C5,0.00725689404934688,0.015318146111547526,45,39,0.008061252062200645,1.1108405341712488
GUCY1A1,0.0,0.0192458758837392,0,49,0.0192458758837392,
GUCY1B1,0.0,0.024351924587588374,0,62,0.024351924587588374,
GUCY2D,0.012578616352201259,0.029850746268656716,78,76,0.017272129916455457,1.3731343283582087
GUK1,0.00306402193194646,0.012961508248232521,19,33,0.00989748631628606,3.2302269814363083
GUSB,0.009514594420254797,0.014925373134328358,59,38,0.0054107787140735605,0.568682013660511
GYPA,0.0,0.009033778476040848,0,23,0.009033778476040848,
GYPB,0.00306402193194646,0.006284367635506678,19,16,0.0032203457035602174,1.051019142514574
GYPC,0.002257700370907918,0.007855459544383346,14,20,0.0055977591734754275,2.4794074739086516
GYPE,0.0020964360587002098,0.006677140612725845,13,17,0.004580704554025635,2.184996072270228
GYS1,0.011449766166747298,0.022780832678711706,71,58,0.011331066511964407,0.9896330062069196
GYS2,0.015481373971940009,0.025530243519245877,96,65,0.010048869547305867,0.6490941673212884
GZMA,0.0059667795516852125,0.014532600157109192,37,37,0.00856582060542398,1.4355852317360567
GZMB,0.0041928721174004195,0.0054988216810683424,26,14,0.001305949563667923,0.3114689709347996
GZMK,0.00725689404934688,0.007069913589945012,45,18,-0.0001869804594018679,-0.025765907305577394
H1-0,0.0,0.00432050274941084,0,11,0.00432050274941084,
H1-2,0.0,0.012568735271013355,0,32,0.012568735271013355,
H1-6,0.0,0.00864100549882168,0,22,0.00864100549882168,
H2AC25,0.0,0.0,0,0,0.0,
H2AJ,0.0,0.003142183817753339,0,8,0.003142183817753339,
H2AX,0.0,0.003927729772191673,0,10,0.003927729772191673,
H2AZ1,0.0,0.002356637863315004,0,6,0.002356637863315004,
H2AZ2,0.0,0.003534956794972506,0,9,0.003534956794972506,
H2BC12,0.0,0.003534956794972506,0,9,0.003534956794972506,
H2BC3,0.0,0.0027494108405341712,0,7,0.0027494108405341712,
H4C3,0.0,0.00432050274941084,0,11,0.00432050274941084,
HACL1,0.005805515239477504,0.010997643362136685,36,28,0.005192128122659181,0.894344069128044
HADH,0.0038703434929850023,0.009033778476040848,24,23,0.0051634349830558465,1.3341025137470544
HADHA,0.006450572488308337,0.01728201099764336,40,44,0.010831438509335024,1.6791437549096622
HADHB,0.006934365424931463,0.01021209740769835,43,26,0.0032777319827668877,0.47267944244505744
HAGH,0.0035478148685695854,0.009033778476040848,22,23,0.0054859636074712625,1.5462936513604226
HAO1,0.009998387356877922,0.01610369206598586,62,41,0.006105304709107936,0.6106289435673922
HAO2,0.007418158361554588,0.012568735271013355,46,32,0.0051505769094587674,0.6943201612076917
HAS1,0.01032091598129334,0.03613511390416339,64,92,0.025814197922870055,2.5011537706205815
HAS2,0.010643444605708756,0.0192458758837392,66,49,0.008602431278030443,0.8082375205313149
HAX1,0.0038703434929850023,0.014139827179890024,24,36,0.010269483686905022,2.653377847604085
HBB,0.00516045799064667,0.00589159465828751,32,15,0.0007311366676408396,0.14168057737627646
HBBP1,0.0,0.0,0,0,0.0,
HBD,0.005644250927269795,0.007855459544383346,35,20,0.0022112086171135513,0.39176298956346095
HBEGF,0.0012901144976616675,0.00432050274941084,8,11,0.003030388251749173,2.3489296936370776
HBQ1,0.001128850185453959,0.005106048703849175,7,13,0.003977198518395216,3.523229716081248
HBZ,0.001128850185453959,0.005106048703849175,7,13,0.003977198518395216,3.523229716081248
HCCS,0.004837929366231253,0.00432050274941084,30,11,-0.000517426616820413,-0.10695208169677936
HCLS1,0.011127237542331882,0.018067556952081697,69,46,0.006940319409749814,0.6237234878240376
HDAC1,0.0041928721174004195,0.014532600157109192,26,37,0.010339728039708772,2.466025137470542
HDAC11,0.005644250927269795,0.01610369206598586,35,41,0.010459441138716063,1.8531141286050945
HDAC2,0.0038703434929850023,0.01610369206598586,24,41,0.012233348573000857,3.1607914375490966
HDAC3,0.0059667795516852125,0.012568735271013355,37,32,0.006601955719328143,1.1064520923122652
HDAC5,0.008547008547008548,0.030243519245875882,53,77,0.021696510698867334,2.5384917517674777
HDAC6,0.015320109659732302,0.02788688138256088,95,71,0.012566771722828579,0.8202794889816843
HDAC9,0.027414933075310434,0.04124116260801257,170,105,0.013826229532702135,0.5043320548957997
HDDC2,0.002580228995323335,0.007069913589945012,16,18,0.004489684594621677,1.7400333857030639
HDGF,0.003709079180777294,0.012175962293794187,23,31,0.008466883113016892,2.282745312339902
HDLBP,0.01757781003064022,0.038884524744697564,109,99,0.021306714714057345,1.2121370453382532
HEBP1,0.0027414933075310434,0.0027494108405341712,17,7,7.917533003127825e-06,0.0028880365971997437
HELLS,0.008547008547008548,0.016889238020424194,53,43,0.008342229473415647,0.9760408483896306
HELZ2,0.024350911143363973,0.07148468185388845,151,182,0.04713377071052448,1.9356060409004125
HERC3,0.011449766166747298,0.01767478397486253,71,45,0.006225017808115232,0.5436807806777825
HERC6,0.011127237542331882,0.02356637863315004,69,60,0.012439141090818156,1.1179002015096142
HERPUD1,0.004031607805192711,0.009426551453260016,25,24,0.005394943648067306,1.3381618224666145
HES1,0.003709079180777294,0.01021209740769835,23,26,0.006503018226921057,1.753270261962499
HES6,0.0006450572488308337,0.007069913589945012,4,18,0.006424856341114178,9.960133542812255
HEXA,0.00516045799064667,0.013747054202670856,32,35,0.008586596212024185,1.6639213472113115
HEXIM1,0.0043541364296081275,0.01021209740769835,27,26,0.005857960978090223,1.345378371301388
HEY1,0.002902757619738752,0.007462686567164179,18,19,0.004559928947425428,1.5708955223880599
HEY2,0.006773101112723754,0.018067556952081697,42,46,0.011294455839357943,1.6675457299966334
HEYL,0.004676665054023544,0.009033778476040848,29,23,0.004357113422017304,0.9316710458596311
HGF,0.018061602967263345,0.02945797329143755,112,75,0.011396370324174204,0.6309722533946807
HGFAC,0.009675858732462506,0.028672427336999214,60,73,0.018996568604536707,1.9632953652788687
HHEX,0.002580228995323335,0.012961508248232521,16,33,0.010381279252909187,4.023394540455617
HIBCH,0.0035478148685695854,0.012175962293794187,22,31,0.008628147425224601,2.4319610083553527
HIF1A,0.008708272859216255,0.0192458758837392,54,49,0.010537603024522944,1.2100680806493849
HINT1,0.0006450572488308337,0.002356637863315004,4,6,0.0017115806144841705,2.653377847604085
HIPK2,0.013707466537655217,0.045168892380204245,85,115,0.03146142584254903,2.295203548819371
HIRA,0.011449766166747298,0.02199528672427337,71,56,0.010545520557526071,0.9210249715101292
HK1,0.011611030478955007,0.02670856245090338,72,68,0.015097531971948372,1.3002749410840535
HK2,0.013546202225447508,0.029065200314218383,84,74,0.015518998088770875,1.1456346089103357
HKDC1,0.013868730849862926,0.02631578947368421,86,67,0.012447058623821283,0.8974908200734393
HLA-A,0.015158845347524593,0.12647289866457187,94,322,0.11131405331704727,7.343174942755427
HLA-B,0.01241735203999355,0.10094265514532601,77,257,0.08852530310533246,7.129161098132034
HLA-C,0.008869537171423964,0.07541241162608013,55,192,0.06654287445465616,7.502406627151324
HLA-DMA,0.0038703434929850023,0.01021209740769835,24,26,0.006341753914713349,1.6385506677140615
HLA-DMB,0.005644250927269795,0.010997643362136685,35,28,0.00535339243486689,0.9484681853888454
HLA-DOA,0.005482986615062087,0.011390416339355853,34,29,0.005907429724293766,1.0774109329513424
HLA-DOB,0.004031607805192711,0.012961508248232521,25,33,0.00892990044303981,2.214972505891595
HLA-DQA1,0.003386550556361877,0.016496465043205028,21,42,0.013109914486843151,3.8711704634721134
HLA-DRA,0.006289308176100629,0.01021209740769835,39,26,0.003922789231597721,0.6237234878240376
HLA-DRB1,0.0077406869859700045,0.024351924587588374,48,62,0.01661123760161837,2.1459642576590734
HLA-E,0.004999193678438961,0.006677140612725845,31,17,0.0016779469342868836,0.3356435141778376
HLA-F,0.0043541364296081275,0.014139827179890024,27,36,0.009785690750281895,2.2474469756480753
HLA-G,0.0075794226737622965,0.016496465043205028,47,42,0.008917042369442732,1.176480419849242
HMBS,0.0035478148685695854,0.01021209740769835,22,26,0.006664282539128765,1.8784189102335214
HMGA1,0.0009675858732462506,0.0015710919088766694,6,4,0.0006035060356304188,0.6237234878240379
HMGB2,0.004676665054023544,0.003927729772191673,29,10,-0.0007489352818318713,-0.16014302353929083
HMGB3,0.005321722302854378,0.009033778476040848,33,23,0.0037120561731864704,0.6975291009069486
HMGCL,0.0035478148685695854,0.00432050274941084,22,11,0.0007726878808412547,0.21779261586802823
HMGCR,0.007095629737139171,0.0192458758837392,44,49,0.012150246146600027,1.712356280796972
HMGCS1,0.0059667795516852125,0.012568735271013355,37,32,0.006601955719328143,1.1064520923122652
HMGCS2,0.009353330108047089,0.016496465043205028,58,42,0.00714313493515794,0.7636996505674895
HMGN2,0.0017739074342847927,0.003142183817753339,11,8,0.001368276383468546,0.7713347139898595
HMMR,0.008708272859216255,0.029065200314218383,54,74,0.02035692745500213,2.337653836082745
HMOX1,0.005644250927269795,0.007069913589945012,35,18,0.001425662662675217,0.2525866906071149
HMOX2,0.002257700370907918,0.01021209740769835,14,26,0.007954397036790432,3.523229716081248
HNF1A,0.012739880664408966,0.021209740769835034,79,54,0.008469860105426068,0.6648304115664184
HNF4A,0.013062409288824383,0.014925373134328358,81,38,0.0018629638455039746,0.14262023217247094
HNRNPA1,0.005482986615062087,0.010604870384917517,34,27,0.00512188376985543,0.9341412134374565
HNRNPA2B1,0.005805515239477504,0.00864100549882168,36,22,0.0028354902593441767,0.48841319717203446
HNRNPA3,0.003386550556361877,0.01021209740769835,21,26,0.006825546851336474,2.0154864773874985
HNRNPC,0.003386550556361877,0.007855459544383346,21,20,0.004468908988021469,1.319604982605768
HNRNPD,0.0027414933075310434,0.007462686567164179,17,19,0.004721193259633136,1.7221246707638278
HNRNPR,0.006450572488308337,0.010604870384917517,40,27,0.00415429789660918,0.6440200314218381
HNRNPU,0.0075794226737622965,0.021602513747054203,47,55,0.014023091073291907,1.8501529307549598
HOMER1,0.005805515239477504,0.007855459544383346,36,20,0.0020499443049058425,0.35310290652003135
HOMER2,0.006450572488308337,0.010997643362136685,40,28,0.004547070873828348,0.7049096622152397
HOOK3,0.009192065795839382,0.016496465043205028,57,42,0.007304399247365647,0.7946417497002521
HOPX,0.001451378809869376,0.006677140612725845,9,17,0.005225761802856469,3.600549882168107
HOXB1,0.008708272859216255,0.012961508248232521,54,33,0.004253235389016266,0.48841319717203463
HOXB9,0.0032252862441541686,0.010997643362136685,20,28,0.007772357117982517,2.4098193244304795
HOXC10,0.006289308176100629,0.01335428122545169,39,34,0.00706497304935106,1.1233307148468186
HOXD11,0.00306402193194646,0.01335428122545169,19,34,0.01029025929350523,3.35841567784347
HPCAL4,0.003709079180777294,0.009426551453260016,23,24,0.0057174722724827225,1.5414802418115376
HPGD,0.002580228995323335,0.010604870384917517,16,27,0.008024641389594182,3.110050078554595
HPN,0.0059667795516852125,0.016889238020424194,37,43,0.010922458468738981,1.8305449990446059
HPRT1,0.0016126431220770843,0.002356637863315004,10,6,0.0007439947412379198,0.46135113904163405
HR,0.012901144976616674,0.031029065200314218,80,79,0.018127920223697545,1.405140416339356
HRAS,0.011772294791162716,0.00864100549882168,73,22,-0.0031312892923410357,-0.26598801235351727
HRC,0.014997581035316884,0.0420267085624509,93,107,0.027029127527134017,1.8022324709221296
HRG,0.011449766166747298,0.018460329929300863,71,47,0.007010563762553565,0.6122888153745726
HRH1,0.009353330108047089,0.01021209740769835,58,26,0.000858767299651262,0.091814069398922
HS2ST1,0.0043541364296081275,0.011390416339355853,27,29,0.007036279909747725,1.6159989526053944
HS3ST1,0.008708272859216255,0.014925373134328358,54,38,0.006217100275112103,0.7139303482587065
HS6ST2,0.007901951298177712,0.01610369206598586,49,41,0.008201740767808146,1.0379386632893535
HSD11B1,0.005644250927269795,0.0054988216810683424,35,14,-0.00014542924620145233,-0.02576590730557731
HSD11B2,0.002902757619738752,0.007462686567164179,18,19,0.004559928947425428,1.5708955223880599
HSD17B10,0.002257700370907918,0.006677140612725845,14,17,0.004419440241817927,1.9574963528223546
HSD17B11,0.003709079180777294,0.007462686567164179,23,19,0.003753607386386885,1.0120051914341337
HSD17B14,0.002902757619738752,0.012568735271013355,18,32,0.009665977651274603,3.3299293008641007
HSD17B2,0.004676665054023544,0.01178318931657502,29,30,0.007106524262551475,1.5195709293821276
HSD17B4,0.008547008547008548,0.018853102906520033,53,48,0.010306094359511485,1.2058130400628435
HSD17B6,0.0032252862441541686,0.006677140612725845,20,17,0.003451854368571676,1.0702474469756482
HSD17B7,0.003386550556361877,0.009033778476040848,21,23,0.005647227919678971,1.6675457299966334
HSD3B1,0.010804708917916465,0.01178318931657502,67,30,0.0009784803986585544,0.09056055152360741
HSD3B7,0.005805515239477504,0.011390416339355853,36,29,0.005584901099878349,0.9619992144540457
HSDL2,0.004999193678438961,0.006677140612725845,31,17,0.0016779469342868836,0.3356435141778376
HSP90AA1,0.009998387356877922,0.01767478397486253,62,45,0.007676396617984608,0.767763474647138
HSP90AB1,0.01128850185453959,0.023173605655930872,70,59,0.011885103801391282,1.0528504096061049
HSP90B1,0.0077406869859700045,0.021209740769835034,48,54,0.01346905378386503,1.7400333857030637
HSPA13,0.00612804386389292,0.009819324430479183,38,25,0.003691280566586262,0.6023587050895108
HSPA1A,0.0020964360587002098,0.009033778476040848,13,23,0.006937342417340639,3.3091123330714844
HSPA1L,0.01435252378648605,0.025923016496465043,89,66,0.011570492709978992,0.8061643291525813
HSPA2,0.010159651669085631,0.02199528672427337,63,56,0.011835635055187739,1.1649646504320503
HSPA4,0.008385744234800839,0.016889238020424194,52,43,0.008503493785623355,1.014041633935585
HSPA4L,0.009353330108047089,0.01767478397486253,58,45,0.008321453866815442,0.8896781970365958
HSPA5,0.007901951298177712,0.012961508248232521,49,33,0.005059556950054809,0.6402920948426505
HSPA8,0.011611030478955007,0.016889238020424194,72,43,0.005278207541469187,0.4545856245090337
HSPA9,0.008547008547008548,0.010604870384917517,53,27,0.002057861837908969,0.24076983503534935
HSPB1,0.0009675858732462506,0.007462686567164179,6,19,0.0064951006939179285,6.712686567164179
HSPB2,0.0027414933075310434,0.00864100549882168,17,22,0.005899512191290637,2.151933829305485
HSPB8,0.003386550556361877,0.010604870384917517,21,27,0.00721831982855564,2.131466726517787
HSPD1,0.006450572488308337,0.012175962293794187,40,31,0.00572538980548585,0.8875785545954439
HSPE1,0.0006450572488308337,0.0007855459544383347,4,2,0.00014048870560750095,0.21779261586802834
HSPH1,0.009192065795839382,0.018067556952081697,57,46,0.008875491156242315,0.9655600115764665
HTATIP2,0.003386550556361877,0.0054988216810683424,21,14,0.0021122711247064654,0.6237234878240377
HTR1B,0.008385744234800839,0.016889238020424194,52,43,0.008503493785623355,1.014041633935585
HTR1D,0.0077406869859700045,0.01021209740769835,48,26,0.002471410421728346,0.3192753338570307
HTR5A,0.014836316723109175,0.02670856245090338,92,68,0.011872245727794203,0.8002151712831723
HTR7,0.009837123044670215,0.01728201099764336,61,44,0.007444887952973146,0.7568155769899422
HTRA1,0.00822447992259313,0.025530243519245877,51,65,0.017305763596652746,2.10417725613419
HTRA2,0.0059667795516852125,0.016496465043205028,37,42,0.010529685491519815,1.7647183711598478
HUS1,0.0038703434929850023,0.009033778476040848,24,23,0.0051634349830558465,1.3341025137470544
HUWE1,0.047089179164650864,0.06166535742340927,292,157,0.014576178258758406,0.3095441143238386
HYAL2,0.003709079180777294,0.009426551453260016,23,24,0.0057174722724827225,1.5414802418115376
HYCC2,0.0,0.0,0,0,0.0,
HYOU1,0.012578616352201259,0.025530243519245877,78,65,0.012951627167044618,1.0296543597800472
IAPP,0.0016126431220770843,0.00432050274941084,10,11,0.002707859627333756,1.6791437549096622
IARS1,0.0,0.01767478397486253,0,45,0.01767478397486253,
ICA1,0.008869537171423964,0.020031421838177535,55,51,0.011161884666753571,1.2584517603370708
ICAM1,0.006934365424931463,0.016496465043205028,43,42,0.009562099618273565,1.378943714718939
ICAM2,0.0043541364296081275,0.007069913589945012,27,18,0.0027157771603368843,0.6237234878240379
ICAM4,0.0043541364296081275,0.01021209740769835,27,26,0.005857960978090223,1.345378371301388
ICAM5,0.0075794226737622965,0.02513747054202671,47,64,0.017558047868264412,2.316541592151226
ICOS,0.0019351717464925011,0.0054988216810683424,12,14,0.0035636499345758415,1.8415161036920662
ICOSLG,0.0038703434929850023,0.0007855459544383347,24,2,-0.0030847975385466676,-0.7970345640219952
ID1,0.0020964360587002098,0.0027494108405341712,13,7,0.0006529747818339615,0.3114689709347996
ID2,0.0016126431220770843,0.003142183817753339,10,8,0.0015295406956762545,0.9484681853888454
ID3,0.001128850185453959,0.00039277297721916735,7,1,-0.0007360772082347917,-0.6520592526091348
IDE,0.012094823415578132,0.020031421838177535,75,51,0.007936598422599403,0.6561979575805187
IDH1,0.07111756168359942,0.04870384917517675,441,124,-0.022413712508422674,-0.315164243230678
IDH2,0.009998387356877922,0.014139827179890024,62,36,0.004141439823012101,0.41421077971771036
IDH3A,0.0038703434929850023,0.007462686567164179,24,19,0.0035923430741791767,0.9281716417910448
IDH3B,0.0032252862441541686,0.00864100549882168,20,22,0.005415719254667512,1.6791437549096622
IDH3G,0.00516045799064667,0.009426551453260016,32,24,0.004266093462613346,0.8266889238020425
IDI1,0.003709079180777294,0.004713275726630008,23,12,0.0010041965458527143,0.27074012090576877
IDO1,0.00725689404934688,0.011390416339355853,45,29,0.004133522290008973,0.5695993715632365
IDS,0.007901951298177712,0.019638648860958365,49,50,0.011736697562780653,1.4852910527918946
IDUA,0.007095629737139171,0.0384917517674784,44,98,0.03139612203033923,4.424712561593945
IER2,0.0016126431220770843,0.004713275726630008,10,12,0.003100632604552924,1.9227022780832683
IER3,0.0012901144976616675,0.003142183817753339,8,8,0.0018520693200916713,1.4355852317360567
IER5,0.002902757619738752,0.007069913589945012,18,18,0.00416715597020626,1.4355852317360565
IFI27,0.001451378809869376,0.003927729772191673,9,10,0.002476350962322297,1.7062058130400626
IFI30,0.002902757619738752,0.007855459544383346,18,20,0.004952701924644594,1.7062058130400626
IFI35,0.002902757619738752,0.006284367635506678,18,16,0.0033816100157679258,1.1649646504320503
IFI44,0.006773101112723754,0.014925373134328358,42,38,0.008152272021604604,1.2036247334754797
IFI44L,0.008547008547008548,0.019638648860958365,53,50,0.011091640313949817,1.2977219167321286
IFIH1,0.011449766166747298,0.027101335428122545,71,69,0.015651569261375245,1.3669771970392661
IFIT1,0.004837929366231253,0.010997643362136685,30,28,0.006159713995905432,1.2732128829536526
IFIT2,0.006934365424931463,0.019638648860958365,43,50,0.012704283436026902,1.8320758508558794
IFIT3,0.005321722302854378,0.012568735271013355,33,32,0.007247012968158977,1.3617796186531461
IFITM1,0.0016126431220770843,0.0019638648860958365,10,5,0.0003512217640187522,0.21779261586802826
IFITM2,0.001451378809869376,0.004713275726630008,9,12,0.003261896916760632,2.2474469756480757
IFITM3,0.004031607805192711,0.041633935585231735,25,106,0.037602327780039024,9.32688138256088
IFNAR1,0.006611836800516046,0.012961508248232521,41,33,0.006349671447716475,0.9603490889582893
IFNAR2,0.004999193678438961,0.018853102906520033,31,48,0.013853909228081072,2.771228745913895
IFNB1,0.0043541364296081275,0.008248232521602514,27,21,0.0038940960919943866,0.8943440691280442
IFNG,0.004676665054023544,0.007462686567164179,29,19,0.0027860215131406347,0.5957282552753475
IFNGR1,0.006611836800516046,0.012175962293794187,41,31,0.005564125493278141,0.8415400532638476
IFNGR2,0.004515400741815836,0.021209740769835034,28,54,0.016694340028019197,3.69720008977668
IFRD1,0.004837929366231253,0.021602513747054203,30,55,0.01676458438082295,3.465239591516103
IFT88,0.008547008547008548,0.0192458758837392,53,49,0.010698867336730651,1.2517674783974861
IGF1,0.004515400741815836,0.009426551453260016,28,24,0.00491115071144418,1.0876444843451913
IGF1R,0.020158039025963553,0.040455616653574236,125,103,0.020297577627610683,1.0069222309505108
IGF2,0.002902757619738752,0.008248232521602514,18,21,0.005345474901863762,1.841516103692066
IGF2R,0.027253668763102725,0.05302435192458759,169,135,0.025770683161484866,0.9455858360021755
IGFBP1,0.004999193678438961,0.011390416339355853,31,29,0.006391222660916892,1.2784507006563113
IGFBP2,0.00306402193194646,0.01610369206598586,19,41,0.013039670134039397,4.255736552693595
IGFBP3,0.004515400741815836,0.01178318931657502,28,30,0.007267788574759183,1.609555605431489
IGFBP4,0.0038703434929850023,0.012175962293794187,24,31,0.008305618800809185,2.1459642576590734
IGFBP5,0.0032252862441541686,0.012175962293794187,20,31,0.008950676049640019,2.775157109190888
IGFBP6,0.0019351717464925011,0.00864100549882168,12,22,0.0067058337523291794,3.4652395915161036
IGFBP7,0.0027414933075310434,0.007855459544383346,17,20,0.005113966236852303,1.8653943902777135
IGSF1,0.028221254636348975,0.0408483896307934,175,104,0.012627134994444428,0.44743350914599944
IGSF3,0.018867924528301886,0.04124116260801257,117,105,0.022373238079710683,1.1857816182246663
IGSF6,0.0024189646831156266,0.0054988216810683424,15,14,0.003079856997952716,1.2732128829536526
IKBKB,0.01032091598129334,0.019638648860958365,64,50,0.009317732879665025,0.902800962293794
IKBKG,0.0008063215610385422,0.00432050274941084,5,11,0.003514181188372298,4.358287509819324
IKZF1,0.014836316723109175,0.03613511390416339,92,92,0.021298797181054218,1.4355852317360567
IKZF2,0.010482180293501049,0.015710919088766692,65,40,0.005228738795265643,0.49882168106834235
IKZF4,0.006773101112723754,0.010604870384917517,42,27,0.003831769272193763,0.5657333632588935
IL10,0.003386550556361877,0.004713275726630008,21,12,0.0013267251702681311,0.391762989563461
IL10RA,0.007901951298177712,0.018460329929300863,49,47,0.01055837863112315,1.336173589624381
IL10RB,0.004999193678438961,0.01178318931657502,31,30,0.006783995638136058,1.3570179661961839
IL11,0.0024189646831156266,0.009426551453260016,15,24,0.00700758677014439,2.8969363707776905
IL12A,0.0041928721174004195,0.006677140612725845,26,17,0.002484268495325425,0.5924980361351139
IL12B,0.005805515239477504,0.012961508248232521,36,33,0.007155993008755018,1.2326197957580518
IL12RB1,0.012901144976616674,0.0204241948153967,80,52,0.007523049838780027,0.5831304006284368
IL12RB2,0.010159651669085631,0.0204241948153967,63,52,0.01026454314631107,1.0103243182583326
IL13,0.0017739074342847927,0.0054988216810683424,11,14,0.0037249142467835495,2.0998357494822537
IL13RA1,0.006289308176100629,0.0192458758837392,39,49,0.01295656770763857,2.0600942655145325
IL13RA2,0.0059667795516852125,0.013747054202670856,37,35,0.007780274650985643,1.3039319759665398
IL15,0.002580228995323335,0.004713275726630008,16,12,0.002133046731306673,0.8266889238020425
IL15RA,0.002902757619738752,0.015318146111547526,18,39,0.012415388491808774,4.277101335428123
IL16,0.017739074342847928,0.0408483896307934,110,104,0.023109315287945475,1.3027351281868171
IL17RA,0.009837123044670215,0.02631578947368421,61,67,0.016478666429013994,1.6751509922346848
IL17RB,0.004031607805192711,0.018853102906520033,25,48,0.014821495101327322,3.676323644933229
IL18,0.0019351717464925011,0.005106048703849175,12,13,0.0031708769573566744,1.6385506677140615
IL18BP,0.0020964360587002098,0.003927729772191673,13,10,0.0018312937134914633,0.873527101335428
IL18R1,0.010965973230124174,0.015710919088766692,68,40,0.004744945858642519,0.43269719513885674
IL18RAP,0.012901144976616674,0.0192458758837392,80,49,0.0063447309071225245,0.4917959544383347
IL1A,0.004515400741815836,0.005106048703849175,28,13,0.000590647962033339,0.13080742902031195
IL1B,0.00516045799064667,0.01021209740769835,32,26,0.005051639417051681,0.978913000785546
IL1R1,0.008547008547008548,0.014532600157109192,53,37,0.005985591610100644,0.7003142183817752
IL1R2,0.008385744234800839,0.01728201099764336,52,44,0.008896266762842522,1.0608798114689706
IL1RL1,0.010965973230124174,0.018853102906520033,68,48,0.007887129676395859,0.7192366341666283
IL1RL2,0.010804708917916465,0.020816967792615867,67,53,0.010012258874699403,0.9266569743583731
IL2,0.002580228995323335,0.007855459544383346,16,20,0.0052752305490600115,2.0444815396700706
IL23A,0.0019351717464925011,0.0054988216810683424,12,14,0.0035636499345758415,1.8415161036920662
IL27RA,0.009675858732462506,0.023173605655930872,60,59,0.013497746923468366,1.3949921445404556
IL2RA,0.00612804386389292,0.007069913589945012,38,18,0.0009418697260520914,0.15369826766444786
IL2RB,0.008708272859216255,0.018853102906520033,54,48,0.010144830047303778,1.1649646504320506
IL2RG,0.005321722302854378,0.009426551453260016,33,24,0.004104829150405638,0.7713347139898595
IL32,0.0059667795516852125,0.03809897879025923,37,97,0.03213219923857402,5.385182904821554
IL33,0.005482986615062087,0.006677140612725845,34,17,0.001194153997663758,0.2177926158680283
IL3RA,0.008385744234800839,0.015710919088766692,52,40,0.007325174853965853,0.873527101335428
IL4,0.002580228995323335,0.003534956794972506,16,9,0.0009547277996491709,0.3700166928515318
IL4I1,0.00725689404934688,0.018853102906520033,45,48,0.011596208857173152,1.5979575805184603
IL4R,0.013223673601032092,0.025923016496465043,82,66,0.01269934289543295,0.9603490889582893
IL5,0.001128850185453959,0.001178318931657502,7,3,4.946874620354296e-05,0.0438222421725957
IL6,0.0041928721174004195,0.009819324430479183,26,25,0.005626452313078763,1.3419088766692848
IL6ST,0.011127237542331882,0.023959151610369208,69,61,0.012831914068037326,1.1531985382014414
IL7,0.0032252862441541686,0.005106048703849175,20,13,0.0018807624596950067,0.5831304006284368
IL7R,0.01644895984518626,0.02749410840534171,102,70,0.011045148560155451,0.6714800609953329
IL9,0.002580228995323335,0.004713275726630008,16,12,0.002133046731306673,0.8266889238020425
IL9R,0.008385744234800839,0.031029065200314218,52,79,0.02264332096551338,2.7002160251374705
ILF2,0.0035478148685695854,0.008248232521602514,22,21,0.004700417653032928,1.3248768121116905
ILF3,0.010159651669085631,0.02474469756480754,63,63,0.01458504589572191,1.4355852317360565
ILVBL,0.008708272859216255,0.022780832678711706,54,58,0.01407255981949545,1.6159989526053944
IMMT,0.008869537171423964,0.0204241948153967,55,52,0.011554657643972737,1.3027351281868171
IMP3,0.001451378809869376,0.0054988216810683424,9,14,0.004047442871198966,2.788688138256088
IMP4,0.0041928721174004195,0.01021209740769835,26,26,0.006019225290297931,1.4355852317360565
IMPA2,0.004837929366231253,0.013747054202670856,30,35,0.008909124836439603,1.8415161036920658
IMPDH2,0.0003225286244154169,0.007069913589945012,2,18,0.006747384965529595,20.92026708562451
INCENP,0.011127237542331882,0.02474469756480754,69,63,0.013617460022475658,1.223795211585095
ING3,0.004515400741815836,0.009426551453260016,28,24,0.00491115071144418,1.0876444843451913
INHA,0.005805515239477504,0.01728201099764336,36,44,0.011476495758165856,1.9768263943440687
INHBA,0.01564263828414772,0.024351924587588374,97,62,0.008709286303440655,0.5567658182230464
INHBB,0.006934365424931463,0.04241948153967007,43,108,0.035485116114738605,5.117283837848699
INHBE,0.004837929366231253,0.012175962293794187,30,31,0.007338032927562934,1.5167714061272584
INMT,0.007901951298177712,0.01178318931657502,49,30,0.0038812380183973066,0.49117463167513675
INPP4B,0.014997581035316884,0.02749410840534171,93,70,0.012496527370024827,0.8332361959303651
INPP5F,0.010804708917916465,0.027101335428122545,67,69,0.01629662651020608,1.5082892685042972
INPPL1,0.015481373971940009,0.0408483896307934,96,104,0.025367015658853395,1.6385506677140615
INS,0.0008063215610385422,0.002356637863315004,5,6,0.001550316302276462,1.9227022780832683
INSIG1,0.003709079180777294,0.01021209740769835,23,26,0.006503018226921057,1.753270261962499
INSL5,0.0038703434929850023,0.005106048703849175,24,13,0.001235705210864173,0.3192753338570307
INSM1,0.002902757619738752,0.02945797329143755,18,75,0.026555215671698797,9.148271798900236
IP6K1,0.005321722302854378,0.009819324430479183,33,25,0.004497602127624805,0.8451403270727702
IP6K2,0.005482986615062087,0.012568735271013355,34,32,0.007085748655951268,1.292315512222171
IPCEF1,0.005321722302854378,0.010604870384917517,33,27,0.005283148082063139,0.9927515532385918
IPO4,0.009030801483631673,0.025923016496465043,56,66,0.01689221501283337,1.8705111659746378
IPO7,0.010482180293501049,0.01728201099764336,65,44,0.006799830704142312,0.6487038491751765
IQGAP2,0.01967424608934043,0.03534956794972506,122,90,0.01567532186038463,0.7967432037397139
IRAG2,0.0,0.010997643362136685,0,28,0.010997643362136685,
IRAK1,0.007418158361554588,0.018853102906520033,46,48,0.011434944544965445,1.5414802418115376
IRAK2,0.008869537171423964,0.015318146111547526,55,39,0.006448608940123562,0.7270513461401129
IRAK4,0.005805515239477504,0.008248232521602514,36,21,0.0024427172821250105,0.42075805184603304
IRF1,0.0041928721174004195,0.009033778476040848,26,23,0.004840906358640429,1.1545561665357422
IRF2,0.0075794226737622965,0.01767478397486253,47,45,0.010095361301100234,1.331943306981331
IRF4,0.009998387356877922,0.015710919088766692,62,40,0.00571253173188877,0.5713453107974559
IRF5,0.006611836800516046,0.011390416339355853,41,29,0.004778579538839807,0.7227310175694058
IRF6,0.01032091598129334,0.012568735271013355,64,32,0.002247819289720015,0.21779261586802834
IRF7,0.0041928721174004195,0.010604870384917517,26,27,0.006411998267517097,1.5292615868028276
IRF8,0.009030801483631673,0.016496465043205028,56,42,0.0074656635595733555,0.8266889238020424
IRF9,0.005482986615062087,0.012175962293794187,34,31,0.0066929756787321,1.220680652465228
IRS1,0.018222867279471054,0.0396700706991359,113,101,0.021447203419664843,1.176939012436652
IRS2,0.006450572488308337,0.05145326001571092,40,131,0.04500268752740258,6.976541633935585
IRS4,0.02547976132881793,0.05106048703849175,158,130,0.025580725709673822,1.0039625324410593
ISCA1,0.0008063215610385422,0.002356637863315004,5,6,0.001550316302276462,1.9227022780832683
ISCU,0.0024189646831156266,0.00589159465828751,15,15,0.003472629975171883,1.4355852317360565
ISG15,0.001128850185453959,0.007069913589945012,7,18,0.0059410634044910525,5.262933453035574
ISG20,0.002902757619738752,0.003534956794972506,18,9,0.0006321991752337541,0.21779261586802828
ISG20L2,0.005805515239477504,0.011390416339355853,36,29,0.005584901099878349,0.9619992144540457
ISL1,0.009192065795839382,0.014532600157109192,57,37,0.00534053436126981,0.580993922354984
ISOC1,0.0035478148685695854,0.007462686567164179,22,19,0.003914871698594594,1.1034599728629582
ITGA10,0.019351717464925013,0.034171249018067555,120,87,0.014819531553142543,0.7657992930086409
ITGA2,0.0133849379132398,0.02631578947368421,83,67,0.01293085156044441,0.9660748256182625
ITGA3,0.010965973230124174,0.029065200314218383,68,74,0.01809922708409421,1.6504898110068853
ITGA4,0.020158039025963553,0.03260015710919089,125,83,0.012442118083227337,0.6172285938727418
ITGA5,0.012739880664408966,0.02945797329143755,79,75,0.016718092627028586,1.3122644605089147
ITGA6,0.01241735203999355,0.031421838177533384,77,80,0.019004486137539835,1.530478162842656
ITGA7,0.019190453152717304,0.03181461115475255,119,81,0.012624158002035247,0.6578353258035342
ITGA9,0.01225608772778584,0.021602513747054203,76,55,0.009346426019268363,0.7625945755984621
ITGAE,0.01435252378648605,0.03220738413197172,89,82,0.017854860345485668,1.2440223483410857
ITGAL,0.02048056765037897,0.030636292223095052,127,78,0.01015572457271608,0.49587124468828675
ITGAM,0.01951298177713272,0.03181461115475255,121,81,0.01230162937761983,0.630433089013393
ITGAV,0.013223673601032092,0.025923016496465043,82,66,0.01269934289543295,0.9603490889582893
ITGB1,0.010965973230124174,0.021602513747054203,68,55,0.01063654051693003,0.9699586433159282
ITGB1BP1,0.0027414933075310434,0.0054988216810683424,17,14,0.002757328373537299,1.0057760731943994
ITGB1BP2,0.004515400741815836,0.005106048703849175,28,13,0.000590647962033339,0.13080742902031195
ITGB2,0.014675052410901468,0.032992930086410056,91,84,0.01831787767550859,1.2482325216025139
ITGB3,0.012739880664408966,0.02356637863315004,79,60,0.010826497968741073,0.8498115684071316
ITGB4,0.02144815352362522,0.04948939512961508,133,126,0.02804124160598986,1.3073965353288957
ITGB5,0.010643444605708756,0.018067556952081697,66,46,0.007424112346372941,0.6975291009069486
ITGB7,0.007901951298177712,0.020816967792615867,49,53,0.012915016494438155,1.6344085159594084
ITGB8,0.01241735203999355,0.022388059701492536,77,57,0.009970707661498986,0.8029656910253924
ITGBL1,0.009675858732462506,0.022780832678711706,60,58,0.0131049739462492,1.3543990573448548
ITIH1,0.016126431220770843,0.025530243519245877,100,65,0.009403812298475034,0.5831304006284369
ITIH3,0.010804708917916465,0.02788688138256088,67,71,0.017082172464644416,1.5809933052725378
ITIH4,0.012094823415578132,0.021602513747054203,75,55,0.009507690331476071,0.7860958366064417
ITIH5,0.024189646831156264,0.040455616653574236,150,103,0.016265969822417972,0.672435192458759
ITK,0.013707466537655217,0.02199528672427337,85,56,0.008287820186618153,0.6046208585555196
ITPA,0.002580228995323335,0.006677140612725845,16,17,0.004096911617402509,1.58780930871956
ITPK1,0.004676665054023544,0.015710919088766692,29,40,0.011034254034743148,2.359427905842837
ITPR2,0.0325753910659571,0.05420267085624509,202,138,0.021627279790287987,0.6639146632652267
ITSN1,0.02064183196258668,0.04359780047132757,128,111,0.022955968508740893,1.1121090681461114
JAG1,0.016932752781809387,0.032992930086410056,105,84,0.01606017730460067,0.9484681853888451
JAG2,0.010965973230124174,0.037706205813040065,68,96,0.026740232582915892,2.4384732683332566
JAGN1,0.002257700370907918,0.0054988216810683424,14,14,0.0032411213101604243,1.4355852317360565
JAK1,0.013707466537655217,0.031421838177533384,85,80,0.017714371639878167,1.2923155122221708
JAK2,0.014997581035316884,0.032992930086410056,93,84,0.017995349051093172,1.1998834351164382
JAM3,0.004515400741815836,0.013747054202670856,28,35,0.00923165346085502,2.0444815396700706
JMJD6,0.00516045799064667,0.01021209740769835,32,26,0.005051639417051681,0.978913000785546
JPT1,0.0,0.0015710919088766694,0,4,0.0015710919088766694,
JUN,0.004031607805192711,0.014139827179890024,25,36,0.010108219374697313,2.5072427336999215
JUNB,0.0038703434929850023,0.009426551453260016,24,24,0.0055562079602750145,1.435585231736057
JUP,0.011449766166747298,0.021602513747054203,71,55,0.010152747580306905,0.8867209541617341
KALRN,0.04370262860828899,0.06559308719560095,271,167,0.021890458587311958,0.5008956963096732
KARS1,0.0,0.01335428122545169,0,34,0.01335428122545169,
KAT2A,0.0077406869859700045,0.022780832678711706,48,58,0.015040145692741702,1.9429988216810687
KAT2B,0.011933559103370425,0.022780832678711706,74,58,0.01084727357534128,0.9089722086579902
KATNA1,0.00516045799064667,0.012961508248232521,32,33,0.007801050257585851,1.5116972702278082
KATNB1,0.005482986615062087,0.020031421838177535,34,51,0.014548435223115448,2.653377847604085
KAZN,0.009675858732462506,0.031029065200314218,60,79,0.021353206467851712,2.2068538884524744
KCNA3,0.014191259474278342,0.030243519245875882,88,77,0.016052259771597542,1.1311370777690495
KCND1,0.009998387356877922,0.015710919088766692,62,40,0.00571253173188877,0.5713453107974559
KCNE2,0.002580228995323335,0.0054988216810683424,16,14,0.0029185926857450075,1.1311370777690495
KCNH1,0.02386711820674085,0.03220738413197172,148,82,0.008340265925230867,0.3494458716375446
KCNH2,0.013868730849862926,0.05066771406127259,86,129,0.03679898321140966,2.653377847604085
KCNIP2,0.002580228995323335,0.009819324430479183,16,25,0.007239095435155848,2.8056019245875885
KCNIP3,0.004031607805192711,0.011390416339355853,25,29,0.007358808534163142,1.825278868813826
KCNJ2,0.010159651669085631,0.013747054202670856,63,35,0.0035874025335852246,0.3531029065200314
KCNJ8,0.009514594420254797,0.010604870384917517,59,27,0.0010902759646627194,0.11458985181141565
KCNK15,0.0009675858732462506,0.021209740769835034,6,54,0.020242154896588784,20.92026708562451
KCNK5,0.010804708917916465,0.013747054202670856,67,35,0.002942345284754391,0.27232064344420864
KCNMA1,0.019996774713755845,0.05616653574234093,124,143,0.03616976102858509,1.8087797430504529
KCNMB1,0.0041928721174004195,0.00864100549882168,26,22,0.004448133381421261,1.0608798114689706
KCNMB2,0.005321722302854378,0.010604870384917517,33,27,0.005283148082063139,0.9927515532385918
KCNN1,0.00822447992259313,0.02474469756480754,51,63,0.01652021764221441,2.0086641097915994
KCNN4,0.00612804386389292,0.009819324430479183,38,25,0.003691280566586262,0.6023587050895108
KCNQ2,0.01854539590388647,0.047918303220738416,115,122,0.029372907316851948,1.58383824584173
KDELR3,0.0035478148685695854,0.00589159465828751,22,15,0.002343779789717924,0.6606262943654931
KDM3A,0.01241735203999355,0.0204241948153967,77,52,0.008006842775403152,0.6448108058477265
KDM4B,0.012094823415578132,0.04831107619795758,75,123,0.03621625278237945,2.994359780047133
KDM6B,0.01435252378648605,0.13982717989002358,89,356,0.12547465610353753,8.742340926944227
KDM7A,0.01032091598129334,0.025530243519245877,64,65,0.015209327537952537,1.4736412509819325
KEL,0.021931946460248347,0.031029065200314218,136,79,0.009097118740065871,0.41478848019962106
KHNYN,0.006289308176100629,0.022388059701492536,39,57,0.016098751525391905,2.5597014925373127
KHSRP,0.004999193678438961,0.02670856245090338,31,68,0.02170936877246442,4.34257405671135
KIF11,0.008708272859216255,0.014925373134328358,54,38,0.006217100275112103,0.7139303482587065
KIF13B,0.016771488469601678,0.0408483896307934,104,104,0.024076901161191724,1.4355852317360565
KIF15,0.012739880664408966,0.023959151610369208,79,61,0.011219270945960242,0.8806417612139174
KIF18B,0.008547008547008548,0.019638648860958365,53,50,0.011091640313949817,1.2977219167321286
KIF1B,0.022093210772456056,0.0396700706991359,137,101,0.01757685992667984,0.7955774336156328
KIF20A,0.0077406869859700045,0.01610369206598586,48,41,0.008363005080015855,1.0803957187745483
KIF20B,0.02080309627479439,0.0420267085624509,129,107,0.021223612287656513,1.0202141069438606
KIF22,0.005805515239477504,0.018460329929300863,36,47,0.012654814689823358,2.1797918303220736
KIF23,0.0075794226737622965,0.020031421838177535,47,51,0.012451999164415238,1.6428690812455082
KIF2A,0.006450572488308337,0.014925373134328358,40,38,0.00847480064602002,1.3138059701492535
KIF2C,0.008547008547008548,0.018460329929300863,53,47,0.009913321382292315,1.1598586017282007
KIF3B,0.010965973230124174,0.02788688138256088,68,71,0.016920908152436707,1.5430375213714709
KIF3C,0.009514594420254797,0.018853102906520033,59,48,0.009338508486265235,0.9814930698869614
KIF4A,0.01628769553297855,0.02631578947368421,101,67,0.010028093940705658,0.6156852527357999
KIF5A,0.014675052410901468,0.032992930086410056,91,84,0.01831787767550859,1.2482325216025139
KIF5B,0.010804708917916465,0.014139827179890024,67,36,0.003335118261973559,0.308672661828329
KIF5C,0.012578616352201259,0.02474469756480754,78,63,0.012166081212606282,0.9672034564021994
KIFAP3,0.009353330108047089,0.01610369206598586,58,41,0.00675036195793877,0.7217068017444537
KIFC3,0.005644250927269795,0.02749410840534171,35,70,0.021849857478071916,3.871170463472113
KIT,0.02144815352362522,0.029850746268656716,133,76,0.008402592745031495,0.39176298956346095
KLC1,0.0059667795516852125,0.01021209740769835,37,26,0.004245317856013138,0.7114923250037154
KLF1,0.0020964360587002098,0.010997643362136685,13,28,0.008901207303436475,4.245875883739198
KLF10,0.0059667795516852125,0.014532600157109192,37,37,0.00856582060542398,1.4355852317360567
KLF2,0.0008063215610385422,0.03652788688138256,5,93,0.03572156532034402,44.30188531029065
KLF3,0.008063215610385421,0.01610369206598586,50,41,0.008040476455600437,0.9971798900235662
KLF4,0.006289308176100629,0.014925373134328358,39,38,0.008636064958227729,1.3731343283582087
KLF5,0.00725689404934688,0.012568735271013355,45,32,0.005311841221666475,0.7319717203456403
KLF6,0.004999193678438961,0.008248232521602514,31,21,0.003249038843163553,0.6499125763373288
KLF7,0.003386550556361877,0.01021209740769835,21,26,0.006825546851336474,2.0154864773874985
KLF9,0.0035478148685695854,0.0027494108405341712,22,7,-0.0007984040280354142,-0.22504106262943654
KLHDC3,0.005805515239477504,0.010997643362136685,36,28,0.005192128122659181,0.894344069128044
KLHDC8A,0.005644250927269795,0.014532600157109192,35,37,0.008888349229839398,1.5747615306924032
KLHL24,0.009030801483631673,0.018853102906520033,56,48,0.00982230142288836,1.0876444843451913
KLK1,0.00516045799064667,0.008248232521602514,32,21,0.003087774530955844,0.5983528083267872
KLK10,0.0043541364296081275,0.01610369206598586,27,41,0.01174955563637773,2.698481277821419
KLK11,0.005482986615062087,0.01335428122545169,34,34,0.007871294610389603,1.4355852317360567
KLK2,0.004837929366231253,0.006677140612725845,30,17,0.0018392112464945915,0.38016496465043204
KLK3,0.0075794226737622965,0.011390416339355853,47,29,0.0038109936655935563,0.5028079089435243
KLK7,0.004999193678438961,0.009819324430479183,31,25,0.0048201307520402215,0.9641816384968198
KLK8,0.006450572488308337,0.011390416339355853,40,29,0.004939843851047516,0.7657992930086411
KLKB1,0.01241735203999355,0.021209740769835034,77,54,0.008792388729841484,0.7080727599187927
KLRD1,0.0027414933075310434,0.00589159465828751,17,15,0.003150101350756466,1.149045792708285
KLRK1,0.00516045799064667,0.0007855459544383347,32,2,-0.004374912036208335,-0.8477759230164964
KMT2D,0.0727302048056765,0.19324430479183033,451,492,0.12051409998615382,1.657002070984789
KMT5A,0.0,0.014925373134328358,0,38,0.014925373134328358,
KNL1,0.0,0.02749410840534171,0,70,0.02749410840534171,
KNTC1,0.022093210772456056,0.030636292223095052,137,78,0.008543081450638996,0.3866835625942512
KPNA2,0.00612804386389292,0.013747054202670856,38,35,0.007619010338777935,1.2433021871253152
KPNB1,0.008063215610385421,0.016889238020424194,50,43,0.008826022410038773,1.0946032992930086
KPTN,0.004999193678438961,0.014532600157109192,31,37,0.00953340647867023,1.9069888249752935
KRT1,0.012578616352201259,0.03260015710919089,78,83,0.02002154075698963,1.5917124901806756
KRT13,0.010482180293501049,0.014925373134328358,65,38,0.004443192840827309,0.42388059701492525
KRT15,0.008869537171423964,0.051846032992930086,55,132,0.042976495821506124,4.845404556166536
KRT17,0.007418158361554588,0.011390416339355853,46,29,0.003972257977801265,0.5354776460944706
KRT18,0.005321722302854378,0.007855459544383346,33,20,0.002533737241528968,0.47611226165821613
KRT19,0.006450572488308337,0.009426551453260016,40,24,0.002975978964951679,0.46135113904163405
KRT31,0.010159651669085631,0.014532600157109192,63,37,0.0043729484880235606,0.43042307260689044
KRT4,0.0133849379132398,0.020816967792615867,83,53,0.007432029879376068,0.5552532202651927
KRT5,0.013062409288824383,0.023959151610369208,81,61,0.010896742321544825,0.8342061621715983
KRT8,0.008869537171423964,0.013747054202670856,55,35,0.004877517031246892,0.5499178747411269
KYNU,0.01128850185453959,0.024351924587588374,70,62,0.013063422733048785,1.1572326338233645
L1CAM,0.022899532333494597,0.036920659858601726,142,94,0.01402112752510713,0.6122888153745726
L3MBTL4,0.013062409288824383,0.018853102906520033,81,48,0.005790693617695649,0.44330976695470026
LAD1,0.008547008547008548,0.016496465043205028,53,42,0.00794945649619648,0.9300864100549882
LALBA,0.002902757619738752,0.004713275726630008,18,12,0.0018105181068912564,0.6237234878240379
LAMA1,0.0477342364134817,0.07619795758051846,296,194,0.028463721167036764,0.5962957262053884
LAMA2,0.04725044347685857,0.07384131971720345,293,188,0.026590876240344882,0.5627645855507802
LAMA3,0.03838090630543461,0.059308719560094265,238,151,0.020927813254659658,0.5452662604711955
LAMA4,0.024028382518948555,0.04556166535742341,149,116,0.021533282838474856,0.8961603146401517
LAMB3,0.02048056765037897,0.03181461115475255,127,81,0.01133404350437358,0.5534047540993745
LAMC1,0.017900338655055636,0.04399057344854674,111,112,0.026090234793491103,1.457527441030976
LAMC2,0.015158845347524593,0.03613511390416339,94,92,0.0209762685566388,1.3837642693586936
LAMP2,0.004999193678438961,0.011390416339355853,31,29,0.006391222660916892,1.2784507006563113
LAMP3,0.00822447992259313,0.01728201099764336,51,44,0.00905753107505023,1.1012892195369899
LAMTOR5,0.001128850185453959,0.006677140612725845,7,17,0.005548290427271885,4.914992705644709
LAP3,0.005805515239477504,0.016889238020424194,36,43,0.01108372278094669,1.9091712490180675
LAPTM5,0.0038703434929850023,0.00864100549882168,24,22,0.0047706620058366785,1.2326197957580518
LARGE1,0.0,0.015318146111547526,0,39,0.015318146111547526,
LAS1L,0.01032091598129334,0.013747054202670856,64,35,0.0034261382213775157,0.33196067360565584
LAT2,0.003386550556361877,0.010997643362136685,21,28,0.007611092805774808,2.2474469756480753
LATS1,0.01435252378648605,0.029065200314218383,89,74,0.014712676527732333,1.0250933387468337
LATS2,0.0133849379132398,0.0420267085624509,83,107,0.028641770649211102,2.1398508409127475
LAYN,0.006289308176100629,0.010997643362136685,39,28,0.004708335186036056,0.7486252945797328
LBR,0.008385744234800839,0.01767478397486253,52,45,0.009289039740061691,1.1077179890023567
LCAT,0.004999193678438961,0.01021209740769835,31,26,0.0052129037292593895,1.0427489040366928
LCK,0.008063215610385421,0.01335428122545169,50,34,0.005291065615066268,0.6561979575805186
LCLAT1,0.0059667795516852125,0.009033778476040848,37,23,0.003066998924355636,0.5140124413494405
LCP1,0.009030801483631673,0.018067556952081697,56,46,0.009036755468450024,1.0006592974974748
LCP2,0.008547008547008548,0.02788688138256088,53,71,0.019339872835552333,2.2627651217596227
LCT,0.03580067731011127,0.06284367635506677,222,160,0.027042999044955496,0.7553767435935542
LDB1,0.006289308176100629,0.01021209740769835,39,26,0.003922789231597721,0.6237234878240376
LDB3,0.011933559103370425,0.027101335428122545,74,69,0.01516777632475212,1.2710186620241606
LDHA,0.004515400741815836,0.011390416339355853,28,29,0.0068750155975400165,1.522570418583773
LDHB,0.003709079180777294,0.009033778476040848,23,23,0.0053246992952635545,1.4355852317360567
LDHC,0.00612804386389292,0.009426551453260016,38,24,0.003298507589367096,0.5382643568859306
LDLR,0.012739880664408966,0.024351924587588374,79,62,0.011612043923179409,0.9114719540207027
LDLRAP1,0.0038703434929850023,0.013747054202670856,24,35,0.009876710709685854,2.5518951296150827
LEAP2,0.0006450572488308337,0.0015710919088766694,4,4,0.0009260346600458356,1.4355852317360567
LEF1,0.006773101112723754,0.014532600157109192,42,37,0.007759499044385438,1.1456346089103357
LEFTY2,0.0041928721174004195,0.01335428122545169,26,34,0.00916140910805127,2.184996072270228
LEP,0.003709079180777294,0.006284367635506678,23,16,0.0025752884547293837,0.6943201612076917
LEPR,0.02144815352362522,0.02788688138256088,133,71,0.0064387278589356604,0.30019963498691754
LFNG,0.003709079180777294,0.01610369206598586,23,41,0.012394612885208565,3.3416954130947096
LGALS1,0.0019351717464925011,0.004713275726630008,12,12,0.0027781039801375073,1.435585231736057
LGALS3,0.0012901144976616675,0.006677140612725845,8,17,0.005387026115064177,4.17561861743912
LGALS3BP,0.0059667795516852125,0.011390416339355853,37,29,0.00542363678767064,0.9089722086579902
LGALS7,0.0003225286244154169,0.003142183817753339,2,8,0.002819655193337922,8.742340926944227
LGMN,0.005321722302854378,0.014925373134328358,33,38,0.00960365083147398,1.8046132971506108
LHPP,0.0027414933075310434,0.006677140612725845,17,17,0.003935647305194801,1.4355852317360567
LHX2,0.004837929366231253,0.023173605655930872,30,59,0.01833567628969962,3.7899842890809117
LHX9,0.01032091598129334,0.015318146111547526,64,39,0.004997230130254186,0.4841847505891595
LIF,0.0027414933075310434,0.00589159465828751,17,15,0.003150101350756466,1.149045792708285
LIFR,0.021286889211417512,0.031421838177533384,132,80,0.010134948966115873,0.47611226165821613
LIG1,0.012578616352201259,0.024351924587588374,78,62,0.011773308235387116,0.9359780047132756
LIG3,0.011772294791162716,0.020031421838177535,73,51,0.008259127047014819,0.7015732440895739
LIMA1,0.011611030478955007,0.016889238020424194,72,43,0.005278207541469187,0.4545856245090337
LIPA,0.004676665054023544,0.011390416339355853,29,29,0.006713751285332309,1.435585231736057
LIPE,0.013707466537655217,0.03613511390416339,85,92,0.022427647366508176,1.6361628390554965
LITAF,0.0019351717464925011,0.00432050274941084,12,11,0.0023853310029183393,1.2326197957580518
LLGL1,0.008869537171423964,0.01610369206598586,55,41,0.007234154894561895,0.8156180818396056
LLGL2,0.01435252378648605,0.022780832678711706,89,58,0.008428308892225655,0.5872353195583291
LMAN1,0.007418158361554588,0.028672427336999214,46,73,0.021254268975444628,2.8651678677550465
LMNA,0.00725689404934688,0.018853102906520033,45,48,0.011596208857173152,1.5979575805184603
LMNB1,0.005482986615062087,0.010997643362136685,34,28,0.005514656747074598,1.0057760731943994
LMO2,0.003386550556361877,0.029850746268656716,21,76,0.026464195712294837,7.814498933901919
LONP1,0.006773101112723754,0.02199528672427337,42,56,0.015222185611549616,2.2474469756480753
LONP2,0.010804708917916465,0.020031421838177535,67,51,0.00922671292026107,0.8539529375901328
LOX,0.004031607805192711,0.012961508248232521,25,33,0.00892990044303981,2.214972505891595
LOXL1,0.0035478148685695854,0.020816967792615867,22,53,0.017269152924046283,4.86754624009141
LOXL2,0.013868730849862926,0.029850746268656716,86,76,0.01598201541879379,1.1523776466504685
LPAR1,0.009675858732462506,0.01178318931657502,60,30,0.002107330584112513,0.2177926158680282
LPAR6,0.00306402193194646,0.015318146111547526,19,39,0.012254124179601065,3.999359159879274
LPCAT3,0.005482986615062087,0.00864100549882168,34,22,0.0031580188837595936,0.5759669146527423
LPIN1,0.015320109659732302,0.02356637863315004,95,60,0.008246268973417736,0.5382643568859303
LPIN2,0.01128850185453959,0.016496465043205028,70,42,0.005207963188665439,0.4613511390416341
LPL,0.009030801483631673,0.018460329929300863,56,47,0.00942952844566919,1.044151890921333
LRIG1,0.01983551040154814,0.032992930086410056,123,84,0.013157419684861917,0.6633264997221849
LRP1,0.0477342364134817,0.08326787117046347,296,212,0.03553363475698177,0.7444056389460944
LRP10,0.00822447992259313,0.014532600157109192,51,37,0.0063081202345160615,0.7669932073379234
LRPAP1,0.00516045799064667,0.009819324430479183,32,25,0.004658866439832513,0.902800962293794
LRPPRC,0.013707466537655217,0.03220738413197172,85,82,0.0184999175943165,1.349623400027725
LRRC15,0.012094823415578132,0.0204241948153967,75,52,0.00832937139981857,0.6886724273369993
LRRC8C,0.010482180293501049,0.02199528672427337,65,56,0.011513106430772321,1.0983503534956793
LSM1,0.0020964360587002098,0.003534956794972506,13,9,0.0014385207362722962,0.6861743912018853
LSM2,0.0004837929366231253,0.00039277297721916735,3,1,-9.101995940395793e-05,-0.18813825608798107
LSM4,0.0024189646831156266,0.003142183817753339,15,8,0.0007232191346377122,0.29897879025923024
LSM7,0.0008063215610385422,0.003142183817753339,5,8,0.0023358622567147967,2.896936370777691
LSP1,0.0041928721174004195,0.02356637863315004,26,60,0.01937350651574962,4.620581304006284
LSR,0.007418158361554588,0.0192458758837392,46,49,0.011827717522184611,1.5944277468492778
LSS,0.0077406869859700045,0.025923016496465043,48,66,0.01818232951049504,2.348929693637078
LTA,0.0035478148685695854,0.013747054202670856,22,35,0.01019923933410127,2.874794686852817
LTA4H,0.004999193678438961,0.012175962293794187,31,31,0.007176768615355226,1.4355852317360567
LTB,0.0019351717464925011,0.007069913589945012,12,18,0.005134741843452511,2.653377847604085
LTBP1,0.029511369134010642,0.044383346425765906,183,113,0.014871977291755264,0.5039406075747235
LTBP2,0.023060796645702306,0.053809897879025924,143,137,0.03074910123332362,1.3333928443904879
LTBR,0.004999193678438961,0.009819324430479183,31,25,0.0048201307520402215,0.9641816384968198
LTC4S,0.0003225286244154169,0.0027494108405341712,2,7,0.0024268822161187544,7.524548311076198
LTF,0.0133849379132398,0.024351924587588374,83,62,0.010966986674348575,0.819352823706452
LUC7L3,0.005321722302854378,0.010604870384917517,33,27,0.005283148082063139,0.9927515532385918
LUM,0.009837123044670215,0.015710919088766692,61,40,0.005873796044096477,0.5971050699908566
LXN,0.0019351717464925011,0.006284367635506678,12,16,0.004349195889014177,2.2474469756480757
LY6E,0.001451378809869376,0.009033778476040848,9,23,0.007582399666171472,5.224273369992145
LY75,0.01757781003064022,0.010997643362136685,109,28,-0.006580166668503534,-0.3743450780861506
LY86,0.003709079180777294,0.003142183817753339,23,8,-0.0005668953630239551,-0.15283991939615416
LY96,0.0041928721174004195,0.007069913589945012,26,18,0.0028770414725445923,0.6861743912018853
LYAR,0.004837929366231253,0.009819324430479183,30,25,0.0049813950642479295,1.029654359780047
LYN,0.009192065795839382,0.013747054202670856,57,35,0.004554988406831474,0.4955347914168767
LYPD3,0.004999193678438961,0.006284367635506678,31,16,0.0012851739570677164,0.25707624863796485
LYSMD2,0.0009675858732462506,0.006284367635506678,6,16,0.005316781762260427,5.494893951296151
M6PR,0.0020964360587002098,0.007462686567164179,13,19,0.005366250508463969,2.559701492537313
MACROH2A2,0.0,0.01178318931657502,0,30,0.01178318931657502,
MAD2L1,0.003386550556361877,0.005106048703849175,21,13,0.0017194981474872983,0.5077432386937494
MADCAM1,0.0043541364296081275,0.04752553024351924,27,121,0.043171393813911114,9.91503011259492
MADD,0.020158039025963553,0.03927729772191673,125,100,0.019119258695953177,0.9484681853888453
MAF,0.00306402193194646,0.014532600157109192,19,37,0.011468578225162732,3.742981767064953
MAFB,0.004031607805192711,0.012961508248232521,25,33,0.00892990044303981,2.214972505891595
MAFF,0.0008063215610385422,0.004713275726630008,5,12,0.003906954165591466,4.845404556166536
MAGEE1,0.018061602967263345,0.1539670070699136,112,392,0.13590540410265026,7.524548311076198
MAGI2,0.02789872601193356,0.05695208169677926,173,145,0.0290533556848457,1.0413864659059433
MAGIX,0.0041928721174004195,0.012175962293794187,26,31,0.007983090176393768,1.9039670070699135
MAK,0.00725689404934688,0.020031421838177535,45,51,0.012774527788830654,1.760329929300864
MAL,0.002580228995323335,0.006284367635506678,16,16,0.0037041386401833426,1.4355852317360567
MAL2,0.0019351717464925011,0.00589159465828751,12,15,0.003956422911795009,2.0444815396700706
MALL,0.0035478148685695854,0.031029065200314218,22,79,0.027481250331744634,7.745965150324931
MAML1,0.011449766166747298,0.02513747054202671,71,64,0.013687704375279412,1.1954571102972906
MAML2,0.017094017094017096,0.05106048703849175,106,130,0.03396646994447466,1.9870384917517672
MAN1A1,0.009998387356877922,0.014139827179890024,62,36,0.004141439823012101,0.41421077971771036
MAOA,0.0059667795516852125,0.010604870384917517,37,27,0.004638090833232304,0.7773189528884734
MAOB,0.006450572488308337,0.012568735271013355,40,32,0.006118162782705018,0.9484681853888454
MAP1B,0.03176906950491856,0.05852317360565593,197,149,0.02675410410073737,0.842143144815596
MAP1S,0.013707466537655217,0.031421838177533384,85,80,0.017714371639878167,1.2923155122221708
MAP2K3,0.01128850185453959,0.02474469756480754,70,63,0.013456195710267951,1.192026708562451
MAP2K5,0.0035478148685695854,0.009819324430479183,22,25,0.006271509561909597,1.767710490609155
MAP2K6,0.005644250927269795,0.01021209740769835,35,26,0.004567846480428556,0.8092918864324994
MAP3K1,0.02370585389453314,0.05106048703849175,147,130,0.027354633143958612,1.1539189124196418
MAP3K11,0.006773101112723754,0.03652788688138256,42,93,0.029754785768658806,4.393081584558411
MAP3K20,0.0,0.0192458758837392,0,49,0.0192458758837392,
MAP3K6,0.010482180293501049,0.03652788688138256,65,93,0.02604570658788151,2.4847604084838957
MAP3K7,0.006934365424931463,0.018460329929300863,43,47,0.0115259645043694,1.6621512998045267
MAP3K8,0.005321722302854378,0.01610369206598586,33,41,0.01078196976313148,2.026030136399343
MAP4K1,0.010159651669085631,0.06284367635506677,63,160,0.052684024685981136,5.185613286948715
MAP4K2,0.007095629737139171,0.023173605655930872,44,59,0.0160779759187917,2.265898378918803
MAP4K3,0.01128850185453959,0.01767478397486253,70,45,0.006386282120322941,0.5657333632588937
MAP6,0.009030801483631673,0.044383346425765906,56,113,0.03535254494213423,3.9146630568959706
MAP7,0.011772294791162716,0.020816967792615867,73,53,0.009044673001453151,0.7683016066028903
MAPK1,0.0059667795516852125,0.008248232521602514,37,21,0.0022814529699173016,0.382359185579924
MAPK10,0.008869537171423964,0.018067556952081697,55,46,0.009198019780657733,1.0370349210883383
MAPK11,0.0027414933075310434,0.016496465043205028,17,42,0.013754971735673985,5.017328219583199
MAPK12,0.0027414933075310434,0.015318146111547526,17,39,0.012576652804016483,4.587519061041542
MAPK13,0.005482986615062087,0.008248232521602514,34,21,0.0027652459065404273,0.5043320548957997
MAPK14,0.0041928721174004195,0.007462686567164179,26,19,0.0032698144497637594,0.7798507462686566
MAPK8,0.0059667795516852125,0.010997643362136685,37,28,0.005030863810451472,0.8431455807732319
MAPK8IP2,0.004515400741815836,0.032992930086410056,28,84,0.02847752934459422,6.306755695208169
MAPK9,0.007095629737139171,0.013747054202670856,44,35,0.006651424465531685,0.9373973434264086
MAPKAP1,0.0059667795516852125,0.014532600157109192,37,37,0.00856582060542398,1.4355852317360567
MAPKAPK2,0.004999193678438961,0.04124116260801257,31,105,0.036241968929573605,7.249562881686643
MAPKAPK3,0.005321722302854378,0.01021209740769835,33,26,0.004890375104843973,0.9189459401556811
MAPRE1,0.003386550556361877,0.008248232521602514,21,21,0.004861681965240637,1.4355852317360567
MAPRE3,0.004515400741815836,0.01610369206598586,28,41,0.011588291324170021,2.566392660756368
MAPT,0.011772294791162716,0.038884524744697564,73,99,0.02711222995353485,2.3030539444091724
MARCHF1,0.0,0.011390416339355853,0,29,0.011390416339355853,
MARCHF2,0.0,0.007462686567164179,0,19,0.007462686567164179,
MARCHF6,0.0,0.0192458758837392,0,49,0.0192458758837392,
MARCHF8,0.0,0.01178318931657502,0,30,0.01178318931657502,
MARCKS,0.0027414933075310434,0.03809897879025923,17,97,0.035357485482728185,12.89716279284691
MARCO,0.019996774713755845,0.02513747054202671,124,64,0.005140695828270866,0.25707624863796485
MARK2,0.009030801483631673,0.025530243519245877,56,65,0.016499442035614202,1.8270185725507797
MARK3,0.009514594420254797,0.01335428122545169,59,34,0.003839686805196892,0.40355759116993095
MARK4,0.009998387356877922,0.02670856245090338,62,68,0.016710175094025455,1.671287028355675
MASP2,0.008869537171423964,0.016496465043205028,55,42,0.007626927871781064,0.8599014496893523
MAST2,0.012901144976616674,0.0589159465828751,80,150,0.046014801606258426,3.5667223095051064
MAST3,0.013062409288824383,0.037706205813040065,81,96,0.02464379652421568,1.8866195339094003
MAST4,0.023544589582325432,0.07344854673998429,146,187,0.04990395715765886,2.119550947497552
MATN2,0.013707466537655217,0.032992930086410056,85,84,0.01928546354875484,1.4069312878332796
MATN3,0.005321722302854378,0.015710919088766692,33,40,0.010389196785912314,1.9522245233164324
MB,0.0019351717464925011,0.003534956794972506,12,9,0.0015997850484800048,0.8266889238020425
MBL2,0.00725689404934688,0.014532600157109192,45,37,0.007275706107762312,1.0025923016496465
MBOAT2,0.004676665054023544,0.009426551453260016,29,24,0.004749886399236472,1.0156567435057022
MBP,0.0043541364296081275,0.011390416339355853,27,29,0.007036279909747725,1.6159989526053944
MCCC1,0.009192065795839382,0.01728201099764336,57,44,0.00808994520180398,0.8801008806383591
MCCC2,0.004999193678438961,0.014925373134328358,31,38,0.009926179455889396,1.9855560905151661
MCEE,0.002902757619738752,0.008248232521602514,18,21,0.005345474901863762,1.841516103692066
MCL1,0.004676665054023544,0.009033778476040848,29,23,0.004357113422017304,0.9316710458596311
MCM2,0.012739880664408966,0.021209740769835034,79,54,0.008469860105426068,0.6648304115664184
MCM3,0.007418158361554588,0.014139827179890024,46,36,0.006721668818335436,0.9061101813586531
MCM4,0.011611030478955007,0.016496465043205028,72,42,0.004885434564250021,0.42075805184603304
MCM5,0.008385744234800839,0.018067556952081697,52,46,0.009681812717280858,1.1545561665357422
MCM6,0.008869537171423964,0.016889238020424194,55,43,0.00801970084900023,0.9041848175390987
MCM7,0.009192065795839382,0.022780832678711706,57,58,0.013588766882872324,1.47831479720511
MDGA1,0.015320109659732302,0.03181461115475255,95,81,0.01649450149502025,1.0766568817960058
MDH1,0.0041928721174004195,0.009819324430479183,26,25,0.005626452313078763,1.3419088766692848
MDH2,0.0038703434929850023,0.009033778476040848,24,23,0.0051634349830558465,1.3341025137470544
MDK,0.0012901144976616675,0.003142183817753339,8,8,0.0018520693200916713,1.4355852317360567
MDM2,0.005321722302854378,0.01335428122545169,33,34,0.008032558922597311,1.5093908448189677
ME1,0.010482180293501049,0.015710919088766692,65,40,0.005228738795265643,0.49882168106834235
ME2,0.008063215610385421,0.01335428122545169,50,34,0.005291065615066268,0.6561979575805186
MED13L,0.022738268021286888,0.0420267085624509,141,107,0.019288440541164013,0.8482809914592769
MED24,0.013546202225447508,0.019638648860958365,84,50,0.006092446635510857,0.4497531141286051
MEF2A,0.006773101112723754,0.018853102906520033,42,48,0.012080001793796279,1.783525979126922
MEF2C,0.009030801483631673,0.016496465043205028,56,42,0.0074656635595733555,0.8266889238020424
MEF2D,0.007095629737139171,0.015318146111547526,44,39,0.008222516374408354,1.158814182675141
MEFV,0.02048056765037897,0.045168892380204245,127,115,0.024688324729825274,1.205451194091705
MEIS1,0.006611836800516046,0.016496465043205028,41,42,0.009884628242688983,1.4949897495832776
MEIS2,0.008547008547008548,0.016496465043205028,53,42,0.00794945649619648,0.9300864100549882
MELK,0.007418158361554588,0.012568735271013355,46,32,0.0051505769094587674,0.6943201612076917
MEP1A,0.013546202225447508,0.025530243519245877,84,65,0.011984041293798368,0.8846790483671867
MEP1B,0.009514594420254797,0.01610369206598586,59,41,0.006589097645731061,0.6925253305284459
MERTK,0.015803902596355425,0.025530243519245877,98,65,0.009726340922890452,0.6154391843147315
MEST,0.003709079180777294,0.010604870384917517,23,27,0.006895791204140223,1.8591652720379794
MET,0.022415739396871474,0.03613511390416339,139,92,0.01371937450729192,0.6120420238828574
METAP1,0.004676665054023544,0.007069913589945012,29,18,0.0023932485359214675,0.5117425576292766
METTL3,0.004999193678438961,0.012961508248232521,31,33,0.007962314569793561,1.5927197628158025
METTL7B,0.0043541364296081275,0.0054988216810683424,27,14,0.001144685251460215,0.2628960460853627
MFAP5,0.0038703434929850023,0.007462686567164179,24,19,0.0035923430741791767,0.9281716417910448
MFHAS1,0.010804708917916465,0.07501963864886096,67,191,0.0642149297309445,5.943235511366968
MFN2,0.008385744234800839,0.018067556952081697,52,46,0.009681812717280858,1.1545561665357422
MFSD6,0.009030801483631673,0.020031421838177535,56,51,0.011000620354545862,1.218122264616766
MGAT1,0.005321722302854378,0.015710919088766692,33,40,0.010389196785912314,1.9522245233164324
MGLL,0.003709079180777294,0.007855459544383346,23,20,0.004146380363606052,1.1179002015096144
MGMT,0.004676665054023544,0.011390416339355853,29,29,0.006713751285332309,1.435585231736057
MGP,0.0020964360587002098,0.005106048703849175,13,13,0.0030096126451489656,1.4355852317360565
MGST1,0.0027414933075310434,0.005106048703849175,17,13,0.002364555396318132,0.8625063536805139
MGST3,0.002580228995323335,0.00432050274941084,16,11,0.0017402737540875052,0.6744648468185387
MICB,0.00612804386389292,0.013747054202670856,38,35,0.007619010338777935,1.2433021871253152
MID1,0.0077406869859700045,0.020031421838177535,48,51,0.012290734852207531,1.5878093087195606
MID1IP1,0.002580228995323335,0.00432050274941084,16,11,0.0017402737540875052,0.6744648468185387
MIF,0.0004837929366231253,0.0019638648860958365,3,5,0.0014800719494727113,3.0593087195600943
MIGA2,0.0,0.012175962293794187,0,31,0.012175962293794187,
MINDY1,0.0,0.006677140612725845,0,17,0.006677140612725845,
MINPP1,0.0027414933075310434,0.00864100549882168,17,22,0.005899512191290637,2.151933829305485
MIOS,0.008869537171423964,0.016496465043205028,55,42,0.007626927871781064,0.8599014496893523
MIOX,0.004999193678438961,0.01335428122545169,31,34,0.008355087547012727,1.671287028355675
MIX23,0.0,0.0,0,0,0.0,
MKI67,0.04241251411062732,0.08091123330714847,263,206,0.038498719196521154,0.9077207518540976
MKNK1,0.0041928721174004195,0.009426551453260016,26,24,0.005233679335859597,1.2482325216025139
MKNK2,0.005482986615062087,0.014139827179890024,34,36,0.008656840564827937,1.5788549512499424
MKRN1,0.005805515239477504,0.014139827179890024,36,36,0.00833431194041252,1.4355852317360565
MLF1,0.004676665054023544,0.012568735271013355,29,32,0.00789207021698981,1.6875423246742696
MLH1,0.009353330108047089,0.02749410840534171,58,70,0.018140778297294623,1.939499417612482
MLLT10,0.010965973230124174,0.02474469756480754,68,63,0.013778724334683367,1.2564980823436993
MLLT11,0.001451378809869376,0.0027494108405341712,9,7,0.0012980320306647953,0.894344069128044
MLPH,0.007418158361554588,0.016889238020424194,46,43,0.009471079658869607,1.2767427166228356
MLYCD,0.0038703434929850023,0.01610369206598586,24,41,0.012233348573000857,3.1607914375490966
MMD,0.0032252862441541686,0.007462686567164179,20,19,0.00423740032301001,1.3138059701492535
MMP1,0.0075794226737622965,0.012961508248232521,47,33,0.005382085574470225,0.7100917584529758
MMP10,0.0077406869859700045,0.01178318931657502,48,30,0.004042502330605015,0.5222407698350353
MMP11,0.00725689404934688,0.01610369206598586,45,41,0.008846798016638978,1.2190887666928512
MMP12,0.0,0.014532600157109192,0,37,0.014532600157109192,
MMP13,0.010482180293501049,0.014925373134328358,65,38,0.004443192840827309,0.42388059701492525
MMP14,0.007095629737139171,0.015318146111547526,44,39,0.008222516374408354,1.158814182675141
MMP15,0.00725689404934688,0.0204241948153967,45,52,0.01316730076604982,1.8144540455616653
MMP16,0.017900338655055636,0.029850746268656716,111,76,0.01195040761360108,0.6676079064138765
MMP2,0.013868730849862926,0.02670856245090338,86,68,0.012839831601040453,0.9258115785819983
MMP3,0.00822447992259313,0.022388059701492536,51,57,0.014163579778899406,1.7221246707638278
MMP7,0.00516045799064667,0.009033778476040848,32,23,0.0038733204853941784,0.7505768853102907
MMP8,0.007901951298177712,0.0204241948153967,49,52,0.012522243517218989,1.5847026949035705
MMP9,0.012578616352201259,0.04556166535742341,78,116,0.032983049005222156,2.6221523959151614
MMS22L,0.013546202225447508,0.02749410840534171,84,70,0.013947906179894203,1.0296543597800472
MNAT1,0.0024189646831156266,0.007855459544383346,15,20,0.0054364948612677195,2.2474469756480753
MOCOS,0.011611030478955007,0.027101335428122545,72,69,0.015490304949167538,1.3341025137470541
MOCS2,0.0038703434929850023,0.01021209740769835,24,26,0.006341753914713349,1.6385506677140615
MON2,0.015481373971940009,0.03456402199528672,96,88,0.019082648023346714,1.2326197957580518
MOSPD1,0.0024189646831156266,0.003142183817753339,15,8,0.0007232191346377122,0.29897879025923024
MOV10,0.010643444605708756,0.019638648860958365,66,50,0.00899520425524961,0.8451403270727702
MPC1,0.0009675858732462506,0.003142183817753339,6,8,0.0021745979445070883,2.2474469756480757
MPC2,0.001128850185453959,0.004713275726630008,7,12,0.003584425541176049,3.1752889686903827
MPG,0.00306402193194646,0.01178318931657502,19,30,0.008719167384628558,2.8456608922148257
MPHOSPH10,0.009192065795839382,0.022388059701492536,57,57,0.013195993905653155,1.4355852317360562
MPI,0.0038703434929850023,0.012175962293794187,24,31,0.008305618800809185,2.1459642576590734
MPO,0.015803902596355425,0.02199528672427337,98,56,0.006191384127917945,0.391762989563461
MPP1,0.00612804386389292,0.01021209740769835,38,26,0.00408405354380543,0.6664530532930913
MPP2,0.00822447992259313,0.02199528672427337,51,56,0.01377080680168024,1.6743680975925326
MPPED2,0.007418158361554588,0.01178318931657502,46,30,0.0043650309550204314,0.5884251511322108
MPZL1,0.003709079180777294,0.006284367635506678,23,16,0.0025752884547293837,0.6943201612076917
MPZL2,0.004031607805192711,0.00432050274941084,25,11,0.0002888949442181295,0.07165750196386485
MRAP,0.0035478148685695854,0.007855459544383346,22,20,0.00430764467581376,1.2141683924873239
MRAS,0.002902757619738752,0.01021209740769835,18,26,0.007309339787959598,2.5180675569520816
MRE11,0.0,0.014532600157109192,0,37,0.014532600157109192,
MREG,0.0020964360587002098,0.01178318931657502,13,30,0.00968675325787481,4.620581304006284
MRPL11,0.0019351717464925011,0.003927729772191673,12,10,0.001992558025699172,1.0296543597800472
MRPL15,0.0035478148685695854,0.007462686567164179,22,19,0.003914871698594594,1.1034599728629582
MRPL23,0.0027414933075310434,0.003142183817753339,17,8,0.0004006905102222954,0.1461577561110855
MRPL3,0.004515400741815836,0.007462686567164179,28,19,0.0029472858253483426,0.6527185501066097
MRPL34,0.0009675858732462506,0.0019638648860958365,6,5,0.000996279012849586,1.0296543597800472
MRPL35,0.002580228995323335,0.004713275726630008,16,12,0.002133046731306673,0.8266889238020425
MRPL40,0.0016126431220770843,0.007462686567164179,10,19,0.005850043445087095,3.6276119402985074
MRPL9,0.0038703434929850023,0.010604870384917517,24,27,0.006734526891932515,1.7400333857030637
MRPS11,0.002580228995323335,0.007462686567164179,16,19,0.0048824575718408435,1.892257462686567
MRPS12,0.0012901144976616675,0.002356637863315004,8,6,0.0010665233656533366,0.8266889238020425
MRPS15,0.0027414933075310434,0.004713275726630008,17,12,0.0019717824190989648,0.7192366341666283
MRPS18B,0.00306402193194646,0.006284367635506678,19,16,0.0032203457035602174,1.051019142514574
MRPS22,0.004999193678438961,0.009426551453260016,31,24,0.004427357774821055,0.8856143729569472
MRPS30,0.006773101112723754,0.016889238020424194,42,43,0.01011613690770044,1.4935753563012009
MRPS31,0.0038703434929850023,0.01021209740769835,24,26,0.006341753914713349,1.6385506677140615
MRTO4,0.0027414933075310434,0.006677140612725845,17,17,0.003935647305194801,1.4355852317360567
MSC,0.004031607805192711,0.01610369206598586,25,41,0.012072084260793148,2.9943597800471324
MSH2,0.010482180293501049,0.0204241948153967,65,52,0.009942014521895652,0.9484681853888451
MSH5,0.01032091598129334,0.023173605655930872,64,59,0.012852689674637532,1.245305135506677
MSMB,0.0017739074342847927,0.0027494108405341712,11,7,0.0009755034062493785,0.549917874741127
MSN,0.010482180293501049,0.015710919088766692,65,40,0.005228738795265643,0.49882168106834235
MSR1,0.015158845347524593,0.02749410840534171,94,70,0.012335263057817118,0.8137336832077016
MSRA,0.0019351717464925011,0.009819324430479183,12,25,0.007884152683986682,4.074135899450118
MSRB1,0.001128850185453959,0.003927729772191673,7,10,0.0027988795867377137,2.4794074739086516
MSRB2,0.0024189646831156266,0.010997643362136685,15,28,0.008578678679021057,3.546425765907305
MST1,0.0,0.02749410840534171,0,70,0.02749410840534171,
MSX1,0.004837929366231253,0.012175962293794187,30,31,0.007338032927562934,1.5167714061272584
MT1E,0.00016126431220770844,0.00432050274941084,1,11,0.004159238437203131,25.791437549096617
MT2A,0.0006450572488308337,0.001178318931657502,4,3,0.0005332616828266683,0.8266889238020425
MT3,0.0004837929366231253,0.0015710919088766694,3,4,0.0010872989722535442,2.2474469756480757
MTA1,0.006934365424931463,0.023173605655930872,43,59,0.01623924023099941,2.341849504009938
MTARC2,0.0,0.009426551453260016,0,24,0.009426551453260016,
MTCH2,0.0043541364296081275,0.0828750981932443,27,211,0.07852096176363618,18.03364755171511
MTF2,0.0059667795516852125,0.018067556952081697,37,46,0.012100777400396483,2.028024882698881
MTHFD1,0.010804708917916465,0.021602513747054203,67,55,0.010797804829137739,0.9993610111266137
MTHFD2,0.0038703434929850023,0.0054988216810683424,24,14,0.0016284781880833402,0.42075805184603304
MTHFD2L,0.004676665054023544,0.013747054202670856,29,35,0.009070389148647311,1.939499417612482
MTHFR,0.009675858732462506,0.018853102906520033,60,48,0.009177244174057526,0.9484681853888454
MTIF2,0.009837123044670215,0.018853102906520033,61,48,0.009015979861849818,0.9165260839890281
MTMR10,0.007901951298177712,0.0192458758837392,49,49,0.011343924585561486,1.435585231736057
MTNR1A,0.009353330108047089,0.010997643362136685,58,28,0.0016443132540895963,0.17579976704499287
MTOR,0.03563941299790356,0.061272584446190104,221,156,0.025633171448286543,0.7192366341666283
MTREX,0.0,0.014532600157109192,0,37,0.014532600157109192,
MTRF1,0.004837929366231253,0.009819324430479183,30,25,0.0049813950642479295,1.029654359780047
MTRR,0.010804708917916465,0.02474469756480754,67,63,0.013939988646891076,1.2901771581995756
MTX2,0.002257700370907918,0.007069913589945012,14,18,0.004812213219037093,2.131466726517787
MUC1,0.0038703434929850023,0.08837391987431265,24,225,0.08450357638132765,21.833611547525532
MVB12A,0.003386550556361877,0.00589159465828751,21,15,0.0025050441019256325,0.7397037369543261
MVD,0.004031607805192711,0.012961508248232521,25,33,0.00892990044303981,2.214972505891595
MVK,0.0043541364296081275,0.014532600157109192,27,37,0.010178463727501065,2.337653836082745
MVP,0.011449766166747298,0.02356637863315004,71,60,0.01211661246640274,1.0582410409037097
MX1,0.009192065795839382,0.016889238020424194,57,43,0.007697172224584813,0.8373713151693056
MX2,0.010965973230124174,0.018460329929300863,68,47,0.007494356699176689,0.6834192042881566
MXD1,0.0043541364296081275,0.006284367635506678,27,16,0.00193023120589855,0.44330976695470037
MXD3,0.0008063215610385422,0.01021209740769835,5,26,0.009405775846659808,11.665043205027494
MXD4,0.0017739074342847927,0.007462686567164179,11,19,0.005688779132879386,3.206919945725916
MXI1,0.0027414933075310434,0.008248232521602514,17,21,0.005506739214071471,2.0086641097915994
MXRA5,0.053055958716336074,0.08798114689709348,329,224,0.034925188180757405,0.658270796075613
MYB,0.008385744234800839,0.014925373134328358,52,38,0.006539628899527519,0.7798507462686566
MYBBP1A,0.013223673601032092,0.02945797329143755,82,75,0.016234299690405456,1.2276694192707833
MYBL1,0.00725689404934688,0.015710919088766692,45,40,0.008454025039419812,1.16496465043205
MYBL2,0.01128850185453959,0.023173605655930872,70,59,0.011885103801391282,1.0528504096061049
MYBPC3,0.014191259474278342,0.030243519245875882,88,77,0.016052259771597542,1.1311370777690495
MYBPH,0.007095629737139171,0.018067556952081697,44,46,0.010971927214942525,1.5462936513604226
MYC,0.006450572488308337,0.014139827179890024,40,36,0.007689254691581686,1.192026708562451
MYCN,0.0077406869859700045,0.018853102906520033,48,48,0.011112415920550029,1.435585231736057
MYD88,0.002580228995323335,0.006677140612725845,16,17,0.004096911617402509,1.58780930871956
MYF6,0.011449766166747298,0.01610369206598586,71,41,0.00465392589923856,0.4064647112842016
MYH1,0.04321883567166586,0.05420267085624509,268,138,0.010983835184579231,0.25414463425214856
MYH10,0.02467343976777939,0.046347211311861744,153,118,0.021673771544082353,0.8784252114042789
MYH11,0.033381712626995644,0.06323644933228594,207,161,0.02985473670529029,0.894344069128044
MYH2,0.0477342364134817,0.06402199528672427,296,163,0.016287758873242568,0.34121754315194985
MYH3,0.02902757619738752,0.04556166535742341,180,116,0.016534089160035893,0.5695993715632365
MYH4,0.0477342364134817,0.04281225451688924,296,109,-0.004921981896592459,-0.10311219507016836
MYH7,0.03854217061764231,0.056559308719560095,239,144,0.018017138101917782,0.46746557895394214
MYH8,0.04176745686179648,0.04713275726630008,259,120,0.005365300404503594,0.12845647802442775
MYH9,0.030962747943880018,0.04006284367635507,192,102,0.009100095732475052,0.2939046543597802
MYL1,0.006289308176100629,0.030243519245875882,39,77,0.02395421106977525,3.8087195600942647
MYL11,0.0,0.0,0,0,0.0,
MYL12A,0.001451378809869376,0.001178318931657502,9,3,-0.00027305987821187386,-0.1881382560879811
MYL12B,0.0016126431220770843,0.0054988216810683424,10,14,0.0038861785589912583,2.4098193244304795
MYL2,0.0041928721174004195,0.007069913589945012,26,18,0.0028770414725445923,0.6861743912018853
MYL3,0.00306402193194646,0.007069913589945012,19,18,0.004005891657998552,1.3073965353288957
MYL4,0.002902757619738752,0.003142183817753339,18,8,0.00023942619801458698,0.08248232521602522
MYL6B,0.00306402193194646,0.005106048703849175,19,13,0.002042026771902715,0.6664530532930913
MYL7,0.0027414933075310434,0.007069913589945012,17,18,0.0043284202824139684,1.5788549512499424
MYL9,0.004031607805192711,0.00589159465828751,25,15,0.001859986853094799,0.46135113904163394
MYLK,0.030962747943880018,0.05420267085624509,192,138,0.023239922912365072,0.7505768853102908
MYO15A,0.04160619254958878,0.08208955223880597,258,209,0.040483359689217194,0.9730128427629295
MYO1C,0.008869537171423964,0.030243519245875882,55,77,0.021373982074451917,2.4098193244304786
MYO1E,0.012094823415578132,0.01610369206598586,75,41,0.0040088686504077264,0.33145326001571085
MYO9B,0.01983551040154814,0.05066771406127259,123,129,0.030832203659724448,1.5543942674304982
MYOF,0.022899532333494597,0.034956794972505895,142,89,0.012057262639011298,0.5265287720035849
MYOG,0.003709079180777294,0.009426551453260016,23,24,0.0057174722724827225,1.5414802418115376
MYOM1,0.02370585389453314,0.038884524744697564,147,99,0.015178670850164423,0.6402920948426503
MYOM2,0.031124012256087727,0.05420267085624509,193,138,0.023078658600157363,0.7415065387542789
MYOT,0.005482986615062087,0.012568735271013355,34,32,0.007085748655951268,1.292315512222171
MYOZ1,0.004999193678438961,0.00864100549882168,31,22,0.0036418118203827192,0.7284798418772014
NAA11,0.007095629737139171,0.012568735271013355,44,32,0.005473105533874184,0.7713347139898595
NAA38,0.0027414933075310434,0.007855459544383346,17,20,0.005113966236852303,1.8653943902777135
NAB2,0.009514594420254797,0.016889238020424194,59,43,0.007374643600169397,0.7750875417737362
NABP1,0.0027414933075310434,0.0027494108405341712,17,7,7.917533003127825e-06,0.0028880365971997437
NADSYN1,0.008547008547008548,0.022388059701492536,53,57,0.013841051154483988,1.6194029850746265
NAGK,0.00516045799064667,0.010997643362136685,32,28,0.005837185371490015,1.1311370777690495
NAMPT,0.0041928721174004195,0.01178318931657502,26,30,0.0075903171991746,1.8102906520031419
NANP,0.0017739074342847927,0.0054988216810683424,11,14,0.0037249142467835495,2.0998357494822537
NAP1L1,0.0035478148685695854,0.009033778476040848,22,23,0.0054859636074712625,1.5462936513604226
NAP1L2,0.011611030478955007,0.015318146111547526,72,39,0.0037071156325925187,0.31927533385703066
NAPA,0.004515400741815836,0.010604870384917517,28,27,0.0060894696431016805,1.34860004488834
NAPG,0.002257700370907918,0.007069913589945012,14,18,0.004812213219037093,2.131466726517787
NARF,0.006934365424931463,0.011390416339355853,43,29,0.00445605091442439,0.6426039934964103
NASP,0.008063215610385421,0.01728201099764336,50,44,0.00921879538725794,1.1433150039277298
NAT1,0.0027414933075310434,0.009033778476040848,17,23,0.006292285168509805,2.2952035488193707
NAV2,0.03160780519271085,0.05145326001571092,196,131,0.01984545482300007,0.627865639578691
NBL1,0.002257700370907918,0.001178318931657502,14,3,-0.0010793814392504161,-0.47808887891370216
NBN,0.00822447992259313,0.0204241948153967,51,52,0.012199714892803571,1.483341804907352
NCAM1,0.016126431220770843,0.03613511390416339,100,92,0.02000868268339255,1.2407384131971722
NCAN,0.02177068214804064,0.036920659858601726,135,94,0.015149977710561088,0.6958889761717726
NCAPD2,0.013546202225447508,0.031421838177533384,84,80,0.017875635952085876,1.319604982605768
NCAPH,0.008869537171423964,0.018067556952081697,55,46,0.009198019780657733,1.0370349210883383
NCAPH2,0.006934365424931463,0.01610369206598586,43,41,0.009169326641054396,1.322302197701821
NCBP1,0.0059667795516852125,0.018460329929300863,37,47,0.01249355037761565,2.093851510583639
NCBP2,0.0024189646831156266,0.00432050274941084,15,11,0.0019015380662952136,0.7860958366064413
NCF4,0.005644250927269795,0.014532600157109192,35,37,0.008888349229839398,1.5747615306924032
NCK1,0.004837929366231253,0.010997643362136685,30,28,0.006159713995905432,1.2732128829536526
NCK2,0.006934365424931463,0.016496465043205028,43,42,0.009562099618273565,1.378943714718939
NCL,0.009192065795839382,0.0192458758837392,57,49,0.010053810087899817,1.0937487079836274
NCOA3,0.02048056765037897,0.04124116260801257,127,105,0.020760594957633598,1.0136728293880783
NCOA4,0.007418158361554588,0.016496465043205028,46,42,0.00907830668165044,1.2237952115850952
NCOA6,0.028382518948556684,0.04281225451688924,176,109,0.014429735568332557,0.5084022173819898
NCOA7,0.011127237542331882,0.0192458758837392,69,49,0.008118638341407317,0.7296184978995184
NCOR2,0.029511369134010642,0.08955223880597014,183,228,0.0600408696719595,2.034499632982628
NCR1,0.010965973230124174,0.012961508248232521,68,33,0.001995535018108348,0.18197518598955684
NCS1,0.001128850185453959,0.009819324430479183,7,25,0.008690474245025224,7.6985186847716305
NCSTN,0.009998387356877922,0.016889238020424194,62,43,0.006890850663546272,0.6891962091072651
NDC80,0.007901951298177712,0.016889238020424194,49,43,0.008987286722246482,1.1373503054010294
NDP,0.002257700370907918,0.0019638648860958365,14,5,-0.00029383548481208164,-0.13014813152283702
NDRG1,0.006934365424931463,0.011390416339355853,43,29,0.00445605091442439,0.6426039934964103
NDRG2,0.005644250927269795,0.01178318931657502,35,30,0.006138938389305224,1.0876444843451913
NDST1,0.013223673601032092,0.02199528672427337,82,56,0.008771613123241278,0.6633264997221848
NDST2,0.009837123044670215,0.01610369206598586,61,41,0.006266569021315643,0.6370326967406279
NDST3,0.01628769553297855,0.030243519245875882,101,77,0.01395582371289733,0.8568323053829342
NDUFA1,0.0017739074342847927,0.003142183817753339,11,8,0.001368276383468546,0.7713347139898595
NDUFA2,0.001128850185453959,0.003534956794972506,7,9,0.0024061066095185466,2.131466726517787
NDUFA3,0.0009675858732462506,0.002356637863315004,6,6,0.0013890519900687536,1.435585231736057
NDUFA4,0.0012901144976616675,0.0019638648860958365,8,5,0.000673750388434169,0.5222407698350353
NDUFA5,0.0008063215610385422,0.00432050274941084,5,11,0.003514181188372298,4.358287509819324
NDUFA6,0.0024189646831156266,0.00432050274941084,15,11,0.0019015380662952136,0.7860958366064413
NDUFA7,0.001451378809869376,0.0054988216810683424,9,14,0.004047442871198966,2.788688138256088
NDUFA8,0.002257700370907918,0.0054988216810683424,14,14,0.0032411213101604243,1.4355852317360565
NDUFA9,0.004837929366231253,0.007069913589945012,30,18,0.0022319842237137587,0.4613511390416339
NDUFAB1,0.0008063215610385422,0.004713275726630008,5,12,0.003906954165591466,4.845404556166536
NDUFAF4,0.002257700370907918,0.006677140612725845,14,17,0.004419440241817927,1.9574963528223546
NDUFB1,0.0003225286244154169,0.001178318931657502,2,3,0.0008557903072420852,2.653377847604085
NDUFB2,0.0016126431220770843,0.003142183817753339,10,8,0.0015295406956762545,0.9484681853888454
NDUFB3,0.0016126431220770843,0.001178318931657502,10,3,-0.00043432419041958227,-0.269324430479183
NDUFB4,0.0012901144976616675,0.004713275726630008,8,12,0.003423161228968341,2.653377847604085
NDUFB5,0.003709079180777294,0.00589159465828751,23,15,0.0021825154775102157,0.5884251511322108
NDUFB6,0.0020964360587002098,0.003534956794972506,13,9,0.0014385207362722962,0.6861743912018853
NDUFB7,0.00306402193194646,0.004713275726630008,19,12,0.001649253794683548,0.5382643568859306
NDUFB8,0.001128850185453959,0.006284367635506678,7,16,0.005155517450052718,4.567051958253844
NDUFC1,0.0004837929366231253,0.0007855459544383347,3,2,0.0003017530178152094,0.6237234878240379
NDUFC2,0.001451378809869376,0.00039277297721916735,9,1,-0.0010586058326502086,-0.7293794186959937
NDUFS1,0.009030801483631673,0.01610369206598586,56,41,0.007072890582354186,0.783196330378184
NDUFS2,0.0043541364296081275,0.013747054202670856,27,35,0.009392917773062729,2.157240115213407
NDUFS3,0.002580228995323335,0.004713275726630008,16,12,0.002133046731306673,0.8266889238020425
NDUFS4,0.0020964360587002098,0.004713275726630008,13,12,0.0026168396679297984,1.2482325216025139
NDUFS6,0.0012901144976616675,0.003534956794972506,8,9,0.0022448422973108386,1.7400333857030639
NDUFS7,0.0027414933075310434,0.00864100549882168,17,22,0.005899512191290637,2.151933829305485
NDUFS8,0.0024189646831156266,0.00589159465828751,15,15,0.003472629975171883,1.4355852317360565
NDUFV1,0.005482986615062087,0.01335428122545169,34,34,0.007871294610389603,1.4355852317360567
NDUFV2,0.0027414933075310434,0.004713275726630008,17,12,0.0019717824190989648,0.7192366341666283
NDUFV3,0.0012901144976616675,0.009819324430479183,8,25,0.008529209932817515,6.611203849175176
NECTIN1,0.0,0.016889238020424194,0,43,0.016889238020424194,
NECTIN2,0.0,0.012961508248232521,0,33,0.012961508248232521,
NECTIN3,0.0,0.01767478397486253,0,45,0.01767478397486253,
NECTIN4,0.0,0.01335428122545169,0,34,0.01335428122545169,
NEDD4,0.012094823415578132,0.03338570306362922,75,85,0.02129087964805109,1.7603299293008643
NEDD4L,0.010804708917916465,0.0204241948153967,67,52,0.009619485897480236,0.890304955974253
NEDD9,0.011449766166747298,0.020031421838177535,71,51,0.008581655671430237,0.7495048847681535
NEFH,0.015481373971940009,0.04752553024351924,96,121,0.032044156271579236,2.069852219167321
NEGR1,0.010965973230124174,0.010997643362136685,68,28,3.16701320125113e-05,0.0028880365971997437
NEK2,0.0043541364296081275,0.013747054202670856,27,35,0.009392917773062729,2.157240115213407
NEK7,0.0041928721174004195,0.012568735271013355,26,32,0.008375863153612936,1.9976433621366851
NELFB,0.0059667795516852125,0.0192458758837392,37,49,0.013279096332053986,2.2255047663531555
NELFCD,0.00612804386389292,0.018067556952081697,38,46,0.011939513088188776,1.9483400173647
NELFE,0.005321722302854378,0.014532600157109192,33,37,0.009210877854254814,1.7308076840677
NET1,0.00612804386389292,0.014925373134328358,38,38,0.008797329270435437,1.4355852317360565
NEUROD1,0.01225608772778584,0.016496465043205028,76,42,0.004240377315419187,0.34598131227518925
NEUROG3,0.005482986615062087,0.012175962293794187,34,31,0.0066929756787321,1.220680652465228
NEXN,0.009353330108047089,0.027101335428122545,58,69,0.017748005320075456,1.8975065687894468
NF1,0.05079825834542816,0.05341712490180676,315,136,0.0026188665563786004,0.05155425878128159
NF2,0.008063215610385421,0.01728201099764336,50,44,0.00921879538725794,1.1433150039277298
NFASC,0.024350911143363973,0.05027494108405342,151,128,0.025924029940689448,1.0646020507431475
NFAT5,0.014997581035316884,0.036920659858601726,93,94,0.02192307882328484,1.4617743202493474
NFE2,0.006934365424931463,0.012961508248232521,43,33,0.0060271428233010585,0.8691700615648805
NFE2L1,0.009514594420254797,0.0204241948153967,59,52,0.010909600395141904,1.1466174923775414
NFE2L2,0.01741654571843251,0.019638648860958365,108,50,0.0022221031425258553,0.12758575543335954
NFIB,0.005805515239477504,0.016889238020424194,36,43,0.01108372278094669,1.9091712490180675
NFIL3,0.006450572488308337,0.014532600157109192,40,37,0.008082027668800854,1.2529163393558524
NFKB1,0.008869537171423964,0.01610369206598586,55,41,0.007234154894561895,0.8156180818396056
NFKB2,0.010965973230124174,0.02199528672427337,68,56,0.011029313494149196,1.0057760731943994
NFKBIA,0.003709079180777294,0.01021209740769835,23,26,0.006503018226921057,1.753270261962499
NFKBIB,0.004515400741815836,0.012175962293794187,28,31,0.007660561551978351,1.6965407922792055
NFKBIE,0.0043541364296081275,0.009033778476040848,27,23,0.004679642046432721,1.0747577899973817
NFKBIZ,0.01032091598129334,0.012568735271013355,64,32,0.002247819289720015,0.21779261586802834
NFS1,0.0035478148685695854,0.010997643362136685,22,28,0.007449828493567099,2.0998357494822537
NFX1,0.010643444605708756,0.02356637863315004,66,60,0.012922934027441282,1.214168392487324
NFYA,0.004031607805192711,0.00589159465828751,25,15,0.001859986853094799,0.46135113904163394
NFYB,0.0027414933075310434,0.0019638648860958365,17,5,-0.0007776284214352069,-0.28365140243057163
NFYC,0.004031607805192711,0.012175962293794187,25,31,0.008144354488601476,2.0201256873527105
NGB,0.002580228995323335,0.00432050274941084,16,11,0.0017402737540875052,0.6744648468185387
NGF,0.007418158361554588,0.01335428122545169,46,34,0.005936122863897102,0.8002151712831723
NGLY1,0.006934365424931463,0.014925373134328358,43,38,0.007991007709396895,1.1523776466504685
NHERF1,0.0,0.0,0,0,0.0,
NHERF4,0.0,0.0,0,0,0.0,
NHLH2,0.0016126431220770843,0.003142183817753339,10,8,0.0015295406956762545,0.9484681853888454
NHP2,0.002580228995323335,0.003927729772191673,16,10,0.001347500776868338,0.5222407698350353
NIBAN1,0.0,0.022388059701492536,0,57,0.022388059701492536,
NID2,0.021931946460248347,0.044383346425765906,136,113,0.02245139996551756,1.023684788133635
NIN,0.01967424608934043,0.0420267085624509,122,107,0.02235246247311047,1.1361280311127706
NINJ1,0.001451378809869376,0.004713275726630008,9,12,0.003261896916760632,2.2474469756480757
NIP7,0.0017739074342847927,0.003142183817753339,11,8,0.001368276383468546,0.7713347139898595
NIPBL,0.030962747943880018,0.054595443833464256,192,139,0.02363269588958424,0.7632622250589159
NKD1,0.009192065795839382,0.01728201099764336,57,44,0.00808994520180398,0.8801008806383591
NKIRAS1,0.002257700370907918,0.006677140612725845,14,17,0.004419440241817927,1.9574963528223546
NKX2-2,0.008063215610385421,0.014925373134328358,50,38,0.006862157523942937,0.851044776119403
NKX2-5,0.005321722302854378,0.014532600157109192,33,37,0.009210877854254814,1.7308076840677
NKX3-1,0.003709079180777294,0.010604870384917517,23,27,0.006895791204140223,1.8591652720379794
NKX6-1,0.003709079180777294,0.02749410840534171,23,70,0.02378502922456442,6.41265070528365
NLGN2,0.009998387356877922,0.08366064414768264,62,213,0.07366225679080471,7.367413779996452
NLGN3,0.014029995162070633,0.018853102906520033,87,48,0.0048231077444494,0.34377116233713484
NLRC5,0.026124818577648767,0.04870384917517675,162,124,0.022579030597527982,0.8642751156498211
NLRP3,0.03176906950491856,0.04399057344854674,197,112,0.012221503943628177,0.38469820281440775
NME1,0.0016126431220770843,0.001178318931657502,10,3,-0.00043432419041958227,-0.269324430479183
NME3,0.0006450572488308337,0.004713275726630008,4,12,0.0040682184777991745,6.30675569520817
NME4,0.0009675858732462506,0.009426551453260016,6,24,0.008458965580013765,8.742340926944227
NMI,0.004031607805192711,0.008248232521602514,25,21,0.004216624716409803,1.0458915946582876
NMT1,0.005644250927269795,0.01610369206598586,35,41,0.010459441138716063,1.8531141286050945
NMU,0.004515400741815836,0.007462686567164179,28,19,0.0029472858253483426,0.6527185501066097
NMUR1,0.006934365424931463,0.014925373134328358,43,38,0.007991007709396895,1.1523776466504685
NNMT,0.005482986615062087,0.011390416339355853,34,29,0.005907429724293766,1.0774109329513424
NNT,0.013062409288824383,0.02631578947368421,81,67,0.013253380184859826,1.0146198830409356
NOC4L,0.005805515239477504,0.015710919088766692,36,40,0.009905403849289188,1.7062058130400626
NOCT,0.0,0.00864100549882168,0,22,0.00864100549882168,
NOD1,0.01451378809869376,0.034956794972505895,90,89,0.020443006873812133,1.408523173605656
NOD2,0.018222867279471054,0.03652788688138256,113,93,0.018305019601911506,1.0045081995703826
NOG,0.002257700370907918,0.007855459544383346,14,20,0.0055977591734754275,2.4794074739086516
NOL3,0.0019351717464925011,0.007855459544383346,12,20,0.005920287797890845,3.0593087195600943
NOL8,0.01225608772778584,0.023959151610369208,76,61,0.011703063882583367,0.9548776202092034
NOLC1,0.008869537171423964,0.01728201099764336,55,44,0.008412473826219397,0.9484681853888451
NOP14,0.010643444605708756,0.02945797329143755,66,75,0.018814528685728794,1.7677104906091554
NOP16,0.0019351717464925011,0.008248232521602514,12,21,0.006313060775110013,3.2622741555380994
NOP2,0.008708272859216255,0.04477611940298507,54,114,0.036067846543768815,4.141791044776119
NOP56,0.007418158361554588,0.016496465043205028,46,42,0.00907830668165044,1.2237952115850952
NOS1,0.036284470246734396,0.06166535742340927,225,157,0.025380887176674874,0.6994972505891596
NOS2,0.018061602967263345,0.032992930086410056,112,84,0.014931327119146711,0.8266889238020424
NOTCH1,0.03805837768101919,0.06637863315003928,236,169,0.02832025546902009,0.7441267125567524
NOTCH2,0.03563941299790356,0.04556166535742341,221,116,0.00992225235951985,0.278406727970057
NOTCH3,0.02983389775842606,0.06834249803613511,185,174,0.038508600277709054,1.2907666503895885
NOTCH4,0.0287050475729721,0.0624509033778476,178,159,0.033745855804875505,1.175607032842882
NPC1,0.014997581035316884,0.031029065200314218,93,79,0.016031484164997334,1.0689379925499836
NPFFR2,0.0133849379132398,0.0204241948153967,83,52,0.007039256902156902,0.5259088198828308
NPHP1,0.01032091598129334,0.030243519245875882,64,77,0.01992260326458254,1.9303134819324428
NPHS1,0.022415739396871474,0.036920659858601726,139,94,0.014504920461730252,0.6470864157063978
NPM1,0.009030801483631673,0.010997643362136685,56,28,0.001966841878505012,0.21779261586802823
NPR2,0.013223673601032092,0.021602513747054203,82,55,0.008378840146022111,0.6336242407985745
NPTX2,0.01032091598129334,0.021209740769835034,64,54,0.010888824788541694,1.0550250392772975
NPTXR,0.006611836800516046,0.01728201099764336,41,44,0.010670174197127315,1.6137987852777191
NPY1R,0.012578616352201259,0.014139827179890024,78,36,0.0015612108276887651,0.12411626080125682
NPY4R,0.01032091598129334,0.020816967792615867,64,53,0.010496051811322528,1.0169690200314219
NPY5R,0.01435252378648605,0.014532600157109192,89,37,0.00018007637062314105,0.012546669373416827
NQO1,0.0027414933075310434,0.006284367635506678,17,16,0.003542874327975634,1.292315512222171
NQO2,0.0017739074342847927,0.007462686567164179,11,19,0.005688779132879386,3.206919945725916
NR0B2,0.0041928721174004195,0.006284367635506678,26,16,0.002091495518106258,0.4988216810683425
NR1D2,0.006289308176100629,0.018460329929300863,39,47,0.012171021753200234,1.9351924587588372
NR1H4,0.009837123044670215,0.015710919088766692,61,40,0.005873796044096477,0.5971050699908566
NR1I2,0.006611836800516046,0.009033778476040848,41,23,0.0024219416755248023,0.36630391048608046
NR3C1,0.009514594420254797,0.016889238020424194,59,43,0.007374643600169397,0.7750875417737362
NR3C2,0.014997581035316884,0.025923016496465043,93,66,0.010925435461148159,0.7284798418772014
NR4A1,0.006773101112723754,0.015710919088766692,42,40,0.008937817976042938,1.319604982605768
NR4A2,0.011611030478955007,0.021209740769835034,72,54,0.009598710290880027,0.8266889238020423
NR4A3,0.008385744234800839,0.031029065200314218,52,79,0.02264332096551338,2.7002160251374705
NR6A1,0.006450572488308337,0.010997643362136685,40,28,0.004547070873828348,0.7049096622152397
NRAP,0.020158039025963553,0.04359780047132757,125,111,0.02343976144536402,1.1627996857816183
NRCAM,0.016932752781809387,0.03181461115475255,105,81,0.014881858372943164,0.8788800359106719
NRIP1,0.01451378809869376,0.02749410840534171,90,70,0.012980320306647952,0.8943440691280439
NRIP2,0.0041928721174004195,0.009819324430479183,26,25,0.005626452313078763,1.3419088766692848
NRP1,0.014191259474278342,0.030243519245875882,88,77,0.016052259771597542,1.1311370777690495
NRP2,0.0172552814062248,0.028279654359780047,107,72,0.011024372953555246,0.6388984736915522
NRTN,0.0008063215610385422,0.00864100549882168,5,22,0.007834683937783138,9.716575019638647
NRXN2,0.0248347040799871,0.08680282796543598,154,221,0.06196812388544888,2.495222962426419
NSD2,0.0,0.031029065200314218,0,79,0.031029065200314218,
NSDHL,0.00612804386389292,0.009819324430479183,38,25,0.003691280566586262,0.6023587050895108
NT5C,0.0016126431220770843,0.008248232521602514,10,21,0.00663558939952543,4.114728986645719
NT5C3A,0.0059667795516852125,0.009033778476040848,37,23,0.003066998924355636,0.5140124413494405
NT5E,0.0077406869859700045,0.018460329929300863,48,47,0.01071964294333086,1.3848438727415555
NTF3,0.008063215610385421,0.018460329929300863,50,47,0.010397114318915442,1.2894501178318931
NTHL1,0.0006450572488308337,0.009033778476040848,4,23,0.008388721227210015,13.004615082482324
NTM,0.011933559103370425,0.023959151610369208,74,61,0.012025592506998783,1.0077121504851276
NTNG1,0.013707466537655217,0.0204241948153967,85,52,0.006716728277741484,0.4900050829444111
NTRK3,0.02386711820674085,0.04399057344854674,148,112,0.02012345524180589,0.8431455807732319
NUB1,0.00612804386389292,0.020031421838177535,38,51,0.013903377974284615,2.2688117583826024
NUDT11,0.0019351717464925011,0.005106048703849175,12,13,0.0031708769573566744,1.6385506677140615
NUDT12,0.005482986615062087,0.009033778476040848,34,23,0.0035507918609787616,0.6476017744096854
NUDT15,0.0019351717464925011,0.007855459544383346,12,20,0.005920287797890845,3.0593087195600943
NUDT19,0.004676665054023544,0.010997643362136685,29,28,0.006320978308113141,1.3515995340899858
NUDT21,0.002580228995323335,0.007462686567164179,16,19,0.0048824575718408435,1.892257462686567
NUDT4,0.0024189646831156266,0.003534956794972506,15,9,0.0011159921118568793,0.4613511390416339
NUDT9,0.004031607805192711,0.00864100549882168,25,22,0.00460939769362897,1.1433150039277298
NUFIP1,0.005482986615062087,0.016889238020424194,34,43,0.011406251405362108,2.080298969548542
NUMA1,0.01757781003064022,0.041633935585231735,109,106,0.024056125554591516,1.3685507758167155
NUMB,0.007418158361554588,0.012568735271013355,46,32,0.0051505769094587674,0.6943201612076917
NUP107,0.012578616352201259,0.0192458758837392,78,49,0.00666725953153794,0.5300471327572662
NUP153,0.015481373971940009,0.031421838177533384,96,80,0.015940464205593377,1.0296543597800472
NUP205,0.02064183196258668,0.03731343283582089,128,95,0.016671600873234212,0.8076609141791042
NUP50,0.003386550556361877,0.012961508248232521,21,33,0.009574957691870644,2.8273482212995176
NUP58,0.0,0.012175962293794187,0,31,0.012175962293794187,
NUP93,0.010482180293501049,0.020816967792615867,65,53,0.010334787499114819,0.9859387274155537
NUP98,0.020158039025963553,0.03456402199528672,125,88,0.014405982969323168,0.7146520031421838
NUPR1,0.001128850185453959,0.0015710919088766694,7,4,0.0004422417234227103,0.39176298956346095
NUSAP1,0.004999193678438961,0.012175962293794187,31,31,0.007176768615355226,1.4355852317360567
NXF1,0.009837123044670215,0.01728201099764336,61,44,0.007444887952973146,0.7568155769899422
NXT1,0.0019351717464925011,0.0015710919088766694,12,4,-0.00036407983761583174,-0.18813825608798107
OAS1,0.00822447992259313,0.016889238020424194,51,43,0.008664758097831064,1.0535326463656947
OAS2,0.01225608772778584,0.023173605655930872,76,59,0.010917517928145031,0.8907832720056229
OAS3,0.013062409288824383,0.02474469756480754,81,63,0.011682288275983157,0.8943440691280439
OASL,0.009353330108047089,0.012568735271013355,58,32,0.0032154051629662665,0.34377116233713484
OAT,0.0041928721174004195,0.01021209740769835,26,26,0.006019225290297931,1.4355852317360565
OAZ3,0.002257700370907918,0.001178318931657502,14,3,-0.0010793814392504161,-0.47808887891370216
OCEL1,0.0027414933075310434,0.012175962293794187,17,31,0.009434468986263144,3.441361304930456
OCRL,0.011449766166747298,0.018853102906520033,71,48,0.007403336739772734,0.646592832722968
ODC1,0.004999193678438961,0.010997643362136685,31,28,0.005998449683697724,1.1998834351164382
ODF1,0.008063215610385421,0.028672427336999214,50,73,0.020609211726613792,2.5559544383346426
ODF2,0.013546202225447508,0.02199528672427337,84,56,0.008449084498825862,0.6237234878240377
OGDH,0.01741654571843251,0.03338570306362922,108,85,0.015969157345196713,0.9168957842367113
OGFR,0.008869537171423964,0.047918303220738416,55,122,0.039048766049314454,4.4025708776690715
OLFM1,0.009675858732462506,0.021209740769835034,60,54,0.011533882037372527,1.1920267085624507
OLFML3,0.00612804386389292,0.010997643362136685,38,28,0.0048695994982437645,0.7946417497002523
OLR1,0.002580228995323335,0.011390416339355853,16,29,0.008810187344032518,3.414498232521603
OMD,0.004676665054023544,0.008248232521602514,29,21,0.00357156746757897,0.7636996505674895
ONECUT1,0.008547008547008548,0.020031421838177535,53,51,0.011484413291168987,1.3436763550667714
OPA1,0.008869537171423964,0.02199528672427337,55,56,0.013125749552849406,1.479868599585803
OPHN1,0.009998387356877922,0.018067556952081697,62,46,0.008069169595203774,0.8070471074170743
OPN3,0.0043541364296081275,0.012175962293794187,27,31,0.00782182586418606,1.796412673474732
OPRK1,0.012094823415578132,0.02513747054202671,75,64,0.013042647126448578,1.0783660644147686
OPTN,0.00725689404934688,0.019638648860958365,45,50,0.012381754811611485,1.7062058130400626
ORC2,0.005805515239477504,0.00864100549882168,36,22,0.0028354902593441767,0.48841319717203446
ORC5,0.004031607805192711,0.01178318931657502,25,30,0.0077515815113823085,1.9227022780832679
ORC6,0.0012901144976616675,0.0054988216810683424,8,14,0.004208707183406675,3.262274155538099
ORM1,0.0041928721174004195,0.012175962293794187,26,31,0.007983090176393768,1.9039670070699135
OSBP2,0.011449766166747298,0.023959151610369208,71,61,0.01250938544362191,1.0925450582521052
OSGIN1,0.006450572488308337,0.01767478397486253,40,45,0.011224211486554194,1.7400333857030639
OSM,0.004676665054023544,0.009033778476040848,29,23,0.004357113422017304,0.9316710458596311
OSMR,0.017900338655055636,0.03534956794972506,111,90,0.017449229294669424,0.9747988365427487
OSTC,0.0012901144976616675,0.0015710919088766694,8,4,0.0002809774112150019,0.21779261586802834
OVOL2,0.0035478148685695854,0.007462686567164179,22,19,0.003914871698594594,1.1034599728629582
OXA1L,0.0041928721174004195,0.007069913589945012,26,18,0.0028770414725445923,0.6861743912018853
OXSR1,0.006934365424931463,0.009819324430479183,43,25,0.0028849590055477197,0.41603792542793977
OXT,0.0006450572488308337,0.003927729772191673,4,10,0.0032826725233608394,5.088963079340141
OXTR,0.006450572488308337,0.018067556952081697,40,46,0.01161698446377336,1.8009230164964651
P2RX4,0.004031607805192711,0.014139827179890024,25,36,0.010108219374697313,2.5072427336999215
P2RX6,0.004031607805192711,0.012961508248232521,25,33,0.00892990044303981,2.214972505891595
P2RX7,0.005321722302854378,0.021602513747054203,33,55,0.016280791444199826,3.0593087195600948
P2RY1,0.008063215610385421,0.012175962293794187,50,31,0.004112746683408766,0.5100628436763551
P2RY14,0.006611836800516046,0.01178318931657502,41,30,0.005171352516058973,0.7821355354166266
P2RY2,0.008063215610385421,0.016496465043205028,50,42,0.008433249432819607,1.0458915946582876
P2RY4,0.00612804386389292,0.01335428122545169,38,34,0.007226237361558769,1.1792078389217349
P3H1,0.0,0.01728201099764336,0,44,0.01728201099764336,
P4HA1,0.00612804386389292,0.011390416339355853,38,29,0.0052623724754629325,0.8587360979038328
P4HA2,0.008547008547008548,0.015710919088766692,53,40,0.007163910541758144,0.8381775333857028
PA2G4,0.006289308176100629,0.009426551453260016,39,24,0.003137243277159387,0.4988216810683425
PABPC1,0.01435252378648605,0.09387274155538099,89,239,0.07952021776889494,5.540504161628287
PABPC4,0.008063215610385421,0.012175962293794187,50,31,0.004112746683408766,0.5100628436763551
PACRG,0.004999193678438961,0.018460329929300863,31,47,0.013461136250861903,2.6926614803740216
PAFAH1B1,0.005644250927269795,0.007855459544383346,35,20,0.0022112086171135513,0.39176298956346095
PAICS,0.002257700370907918,0.007855459544383346,14,20,0.0055977591734754275,2.4794074739086516
PAIP1,0.006773101112723754,0.011390416339355853,42,29,0.004617315226632099,0.681713612389182
PAK1,0.004999193678438961,0.00864100549882168,31,22,0.0036418118203827192,0.7284798418772014
PAK3,0.01128850185453959,0.020031421838177535,70,51,0.008742919983637945,0.7744978116934129
PAK4,0.006934365424931463,0.019638648860958365,43,50,0.012704283436026902,1.8320758508558794
PALLD,0.013707466537655217,0.04399057344854674,85,112,0.030283106910891523,2.209241717111039
PALS1,0.0,0.0,0,0,0.0,
PAM,0.010482180293501049,0.022780832678711706,65,58,0.012298652385210657,1.1732914375490966
PAN2,0.012739880664408966,0.02474469756480754,79,63,0.012004816900398575,0.9423021468274881
PANX1,0.006289308176100629,0.009033778476040848,39,23,0.002744470299940219,0.4363707776904948
PAOX,0.005644250927269795,0.018067556952081697,35,46,0.012423306024811901,2.2010548759959603
PAPOLB,0.009353330108047089,0.02788688138256088,58,71,0.018533551274513792,1.981492266435518
PAPSS2,0.007418158361554588,0.015710919088766692,46,40,0.008292760727212104,1.1179002015096144
PARD6G,0.003386550556361877,0.01767478397486253,21,45,0.014288233418500653,4.2191112108629785
PARN,0.004837929366231253,0.013747054202670856,30,35,0.008909124836439603,1.8415161036920658
PARP12,0.01032091598129334,0.018460329929300863,64,47,0.008139413948007523,0.7886329045561664
PARP14,0.018867924528301886,0.03927729772191673,117,100,0.020409373193614844,1.0816967792615868
PARP2,0.0059667795516852125,0.01021209740769835,37,26,0.004245317856013138,0.7114923250037154
PARP9,0.010965973230124174,0.018460329929300863,68,47,0.007494356699176689,0.6834192042881566
PARVA,0.003386550556361877,0.011390416339355853,21,29,0.008003865782993976,2.363427224778364
PAX3,0.009998387356877922,0.0204241948153967,62,52,0.010425807458518779,1.0427489040366928
PAX4,0.010965973230124174,0.021602513747054203,68,55,0.01063654051693003,0.9699586433159282
PAX6,0.009837123044670215,0.04752553024351924,61,121,0.03768840719884903,3.8312428367223412
PAXIP1,0.009192065795839382,0.02749410840534171,57,70,0.018302042609502328,1.991069582833753
PBK,0.0024189646831156266,0.008248232521602514,15,21,0.0058292678384868875,2.409819324430479
PBX2,0.006289308176100629,0.03338570306362922,39,85,0.027096394887528595,4.308326787117046
PC,0.016126431220770843,0.030243519245875882,100,77,0.01411708802510504,0.8754006284367636
PCBD1,0.001128850185453959,0.0019638648860958365,7,5,0.0008350147006418774,0.739703736954326
PCBP1,0.0043541364296081275,0.01610369206598586,27,41,0.01174955563637773,2.698481277821419
PCDH1,0.018061602967263345,0.03220738413197172,112,82,0.014145781164708372,0.783196330378184
PCDH7,0.02080309627479439,0.04320502749410841,129,110,0.022401931219314018,1.0768556239609786
PCDHB1,0.023222060957910014,0.031421838177533384,144,80,0.00819977721962337,0.35310290652003135
PCGF5,0.004837929366231253,0.007855459544383346,30,20,0.003017530178152093,0.6237234878240376
PCK1,0.01435252378648605,0.02513747054202671,89,64,0.01078494675554066,0.7514320767540184
PCLO,0.0956297371391711,0.13786331500392773,593,351,0.042233577864756636,0.4416364525115614
PCM1,0.013707466537655217,0.03260015710919089,85,83,0.018892690571535673,1.3782773439305025
PCNA,0.00306402193194646,0.003927729772191673,19,10,0.0008637078402452128,0.2818869640716087
PCNT,0.037413320432188354,0.06520031421838178,232,166,0.027786993786193426,0.7427032261559717
PCOLCE,0.006289308176100629,0.01178318931657502,39,30,0.00549388114047439,0.873527101335428
PCOLCE2,0.009192065795839382,0.01335428122545169,57,34,0.004162215429612308,0.45280522594782313
PCP4,0.0020964360587002098,0.003142183817753339,13,8,0.001045747759053129,0.4988216810683425
PCSK1,0.013062409288824383,0.02788688138256088,81,71,0.014824472093736498,1.1348956969538275
PCSK1N,0.0004837929366231253,0.01610369206598586,3,41,0.015619899129362734,32.28633150039277
PCSK2,0.01451378809869376,0.025923016496465043,90,66,0.011409228397771283,0.7860958366064414
PCSK4,0.0059667795516852125,0.025923016496465043,37,66,0.01995623694477983,3.344557440394046
PCSK9,0.009192065795839382,0.02199528672427337,57,56,0.012803220928433988,1.3928556662670026
PCYT2,0.004515400741815836,0.011390416339355853,28,29,0.0068750155975400165,1.522570418583773
PDAP1,0.002257700370907918,0.005106048703849175,14,13,0.002848348332941257,1.261614858040624
PDCD1,0.004031607805192711,0.015318146111547526,25,39,0.011286538306354815,2.7995129615082486
PDCD1LG2,0.002257700370907918,0.01021209740769835,14,26,0.007954397036790432,3.523229716081248
PDCD2L,0.004999193678438961,0.00864100549882168,31,22,0.0036418118203827192,0.7284798418772014
PDCD4,0.006450572488308337,0.009426551453260016,40,24,0.002975978964951679,0.46135113904163405
PDE4B,0.011772294791162716,0.020816967792615867,73,53,0.009044673001453151,0.7683016066028903
PDE4DIP,0.04434768585711982,0.0624509033778476,275,159,0.018103217520727785,0.4082110976219382
PDE6B,0.01451378809869376,0.029065200314218383,90,74,0.014551412215524624,1.0025923016496465
PDE6G,0.001128850185453959,0.003142183817753339,7,8,0.0020133336322993795,1.7835259791269216
PDGFA,0.0019351717464925011,0.010604870384917517,12,27,0.008669698638425016,4.480066771406127
PDGFB,0.0041928721174004195,0.009033778476040848,26,23,0.004840906358640429,1.1545561665357422
PDGFC,0.007418158361554588,0.012175962293794187,46,31,0.0047578039322395994,0.6413726561699512
PDGFRB,0.018061602967263345,0.027101335428122545,112,69,0.0090397324608592,0.5004944731231062
PDHA1,0.005644250927269795,0.012961508248232521,35,33,0.007317257320962727,1.2964089327797106
PDHA2,0.017900338655055636,0.02631578947368421,111,67,0.008415450818628573,0.4701280227596016
PDHB,0.0032252862441541686,0.007462686567164179,20,19,0.00423740032301001,1.3138059701492535
PDHX,0.006289308176100629,0.019638648860958365,39,50,0.013349340684857736,2.1225451688923798
PDIA5,0.006773101112723754,0.018460329929300863,42,47,0.011687228816577109,1.7255358545617774
PDIA6,0.006450572488308337,0.01178318931657502,40,30,0.005332616828266682,0.8266889238020424
PDK1,0.003709079180777294,0.009819324430479183,23,25,0.006110245249701889,1.647375251887018
PDK2,0.0027414933075310434,0.018067556952081697,17,46,0.015326063644550653,5.590407097638741
PDK3,0.0059667795516852125,0.007855459544383346,37,20,0.0018886799926981336,0.3165325576951656
PDK4,0.006450572488308337,0.01335428122545169,40,34,0.006903708737143352,1.0702474469756482
PDLIM1,0.004837929366231253,0.008248232521602514,30,21,0.003410303155371261,0.7049096622152397
PDLIM3,0.004999193678438961,0.00864100549882168,31,22,0.0036418118203827192,0.7284798418772014
PDLIM4,0.005644250927269795,0.010997643362136685,35,28,0.00535339243486689,0.9484681853888454
PDLIM5,0.008708272859216255,0.02788688138256088,54,71,0.019178608523344624,2.202343545430741
PDLIM7,0.004676665054023544,0.014925373134328358,29,38,0.010248708080304814,2.191456510550695
PDP1,0.0075794226737622965,0.012961508248232521,47,33,0.005382085574470225,0.7100917584529758
PDPN,0.0059667795516852125,0.009033778476040848,37,23,0.003066998924355636,0.5140124413494405
PDS5B,0.017900338655055636,0.040455616653574236,111,103,0.0225552779985186,1.2600475573767012
PDX1,0.0032252862441541686,0.013747054202670856,20,35,0.010521767958516687,3.262274155538099
PDZK1,0.002902757619738752,0.009819324430479183,18,25,0.00691656681074043,2.3827572663000782
PDZK1IP1,0.0019351717464925011,0.002356637863315004,12,6,0.00042146611682250296,0.21779261586802842
PEA15,0.0016126431220770843,0.0054988216810683424,10,14,0.0038861785589912583,2.4098193244304795
PEBP1,0.002257700370907918,0.00432050274941084,14,11,0.002062802378502922,0.9136741106497585
PECAM1,0.0,0.014925373134328358,0,38,0.014925373134328358,
PECR,0.003709079180777294,0.012568735271013355,23,32,0.008859656090236062,2.388640322415384
PEF1,0.0035478148685695854,0.006677140612725845,22,17,0.0031293257441562593,0.8820431336142256
PEG3,0.048701822286727946,0.06520031421838178,302,166,0.016498491931653834,0.3387653922787597
PELI1,0.004031607805192711,0.007462686567164179,25,19,0.0034310787619714683,0.851044776119403
PEMT,0.0019351717464925011,0.008248232521602514,12,21,0.006313060775110013,3.2622741555380994
PENK,0.01128850185453959,0.01610369206598586,70,41,0.004815190211446269,0.42655706430254736
PER1,0.01451378809869376,0.03809897879025923,90,97,0.02358519069156547,1.625019638648861
PERP,0.0020964360587002098,0.008248232521602514,13,21,0.006151796462902304,2.934406912804399
PES1,0.006934365424931463,0.014532600157109192,43,37,0.007598234732177729,1.095736129633351
PEX1,0.013062409288824383,0.023959151610369208,81,61,0.010896742321544825,0.8342061621715983
PEX11A,0.0032252862441541686,0.00589159465828751,20,15,0.002666308414133341,0.8266889238020424
PEX11B,0.003709079180777294,0.006677140612725845,23,17,0.002968061431948551,0.8002151712831723
PEX11G,0.0016126431220770843,0.015318146111547526,10,39,0.013705502989470441,8.49878240377062
PEX12,0.004676665054023544,0.0054988216810683424,29,14,0.0008221566270447981,0.17579976704499287
PEX13,0.003709079180777294,0.009819324430479183,23,25,0.006110245249701889,1.647375251887018
PEX14,0.004999193678438961,0.01728201099764336,31,44,0.0122828173192044,2.4569596837544028
PEX16,0.0035478148685695854,0.011390416339355853,22,29,0.007842601470786267,2.2105441691066203
PEX19,0.005482986615062087,0.00864100549882168,34,22,0.0031580188837595936,0.5759669146527423
PEX2,0.005805515239477504,0.009426551453260016,36,24,0.0036210362137825127,0.6237234878240379
PEX26,0.0035478148685695854,0.0054988216810683424,22,14,0.001951006812498757,0.549917874741127
PEX5,0.007418158361554588,0.01610369206598586,46,41,0.00868553370443127,1.1708477065473546
PEX6,0.009514594420254797,0.02474469756480754,59,63,0.015230103144552743,1.6007096542266366
PEX7,0.0027414933075310434,0.009426551453260016,17,24,0.006685058145728973,2.4384732683332566
PF4,0.0024189646831156266,0.0019638648860958365,15,5,-0.00045509979701979005,-0.1881382560879812
PFKFB1,0.007418158361554588,0.012961508248232521,46,33,0.005543349886677934,0.747267666245432
PFKFB3,0.007095629737139171,0.018067556952081697,44,46,0.010971927214942525,1.5462936513604226
PFKL,0.0075794226737622965,0.02670856245090338,47,68,0.019129139777141084,2.523825441660678
PFKM,0.0075794226737622965,0.022780832678711706,47,58,0.01520141000494941,2.0056158178870485
PFKP,0.0075794226737622965,0.031421838177533384,47,80,0.023842415503771086,3.145676990189032
PFN1,0.0008063215610385422,0.006677140612725845,5,17,0.005870819051687302,7.280989787902592
PFN2,0.0017739074342847927,0.007462686567164179,11,19,0.005688779132879386,3.206919945725916
PGAM1,0.0027414933075310434,0.00589159465828751,17,15,0.003150101350756466,1.149045792708285
PGAM2,0.004515400741815836,0.012961508248232521,28,33,0.008446107506416684,1.8705111659746378
PGD,0.0075794226737622965,0.01335428122545169,47,34,0.005774858551689393,0.7619127208303388
PGF,0.0024189646831156266,0.00432050274941084,15,11,0.0019015380662952136,0.7860958366064413
PGK1,0.005644250927269795,0.007069913589945012,35,18,0.001425662662675217,0.2525866906071149
PGK2,0.016932752781809387,0.016889238020424194,105,43,-4.3514761385192446e-05,-0.0025698574795197937
PGLS,0.0041928721174004195,0.01178318931657502,26,30,0.0075903171991746,1.8102906520031419
PGLYRP1,0.003386550556361877,0.003927729772191673,21,10,0.000541179215829796,0.15980249130288404
PGM1,0.006450572488308337,0.018460329929300863,40,47,0.012009757440992527,1.8618126472898664
PGM2,0.006934365424931463,0.012175962293794187,43,31,0.005241596868862724,0.7558870275306454
PGM3,0.003709079180777294,0.01178318931657502,23,30,0.008074110135797726,2.176850302264422
PGR,0.016932752781809387,0.04320502749410841,105,110,0.02627227471229902,1.5515654808663448
PGRMC1,0.003709079180777294,0.0054988216810683424,23,14,0.0017897425002910486,0.48253014105673014
PGS1,0.005805515239477504,0.015710919088766692,36,40,0.009905403849289188,1.7062058130400626
PHB1,0.0,0.0,0,0,0.0,
PHB2,0.0038703434929850023,0.002356637863315004,24,6,-0.0015137056296699982,-0.3911036920659858
PHEX,0.01241735203999355,0.02356637863315004,77,60,0.011149026593156489,0.897858622131992
PHF3,0.020319303338171262,0.0396700706991359,126,101,0.019350767360964635,0.9523341936931881
PHF5A,0.0019351717464925011,0.0019638648860958365,12,5,2.8693139603335393e-05,0.014827179890023565
PHF7,0.00516045799064667,0.007855459544383346,32,20,0.002695001553736676,0.5222407698350353
PHGDH,0.007418158361554588,0.013747054202670856,46,35,0.006328895841116268,0.8531626763209126
PHKA2,0.016771488469601678,0.025923016496465043,104,66,0.009151528026863365,0.545659858601728
PHKG1,0.0041928721174004195,0.01335428122545169,26,34,0.00916140910805127,2.184996072270228
PHKG2,0.0059667795516852125,0.01021209740769835,37,26,0.004245317856013138,0.7114923250037154
PHLDA1,0.003709079180777294,0.018067556952081697,23,46,0.014358477771304404,3.8711704634721134
PHLDA2,0.0017739074342847927,0.006677140612725845,11,17,0.004903233178441052,2.764086267228451
PHLDA3,0.001451378809869376,0.003142183817753339,9,8,0.0016908050078839629,1.1649646504320503
PHLDB1,0.014675052410901468,0.0384917517674784,91,98,0.02381669935657693,1.6229379418695993
PHTF2,0.009675858732462506,0.019638648860958365,60,50,0.009962790128495859,1.029654359780047
PHYH,0.006450572488308337,0.014532600157109192,40,37,0.008082027668800854,1.2529163393558524
PIAS1,0.006773101112723754,0.014139827179890024,42,36,0.00736672606716627,1.0876444843451913
PIAS2,0.006773101112723754,0.014139827179890024,42,36,0.00736672606716627,1.0876444843451913
PIAS3,0.007901951298177712,0.016496465043205028,49,42,0.008594513745027316,1.0876444843451916
PICALM,0.006289308176100629,0.01178318931657502,39,30,0.00549388114047439,0.873527101335428
PICK1,0.004837929366231253,0.010604870384917517,30,27,0.005766941018686264,1.1920267085624507
PIDD1,0.005321722302854378,0.018853102906520033,33,48,0.013531380603665655,2.5426694279797193
PIF1,0.005644250927269795,0.023959151610369208,35,61,0.018314900683099412,3.244877118168556
PIGQ,0.008063215610385421,0.0204241948153967,50,52,0.01236097920501128,1.533008641005499
PIGR,0.014836316723109175,0.019638648860958365,92,50,0.00480233213784919,0.32368762594350897
PIK3CA,0.11062731817448798,0.1347211311861744,686,343,0.02409381301168642,0.21779261586802842
PIK3CB,0.012901144976616674,0.02631578947368421,80,67,0.013414644497067535,1.0398026315789473
PIK3CD,0.010159651669085631,0.037706205813040065,63,96,0.027546554143954433,2.711367972169229
PIK3CG,0.0267698758264796,0.04320502749410841,166,110,0.01643515166762881,0.6139420210299171
PIK3R3,0.006289308176100629,0.002356637863315004,39,6,-0.003932670312785625,-0.6252945797329142
PIK3R5,0.012901144976616674,0.027101335428122545,80,69,0.01420019045150587,1.1006922623723487
PIKFYVE,0.026124818577648767,0.03377847604084839,162,86,0.007653657463199622,0.2929649995635855
PIM1,0.005482986615062087,0.01178318931657502,34,30,0.006300202701512932,1.149045792708285
PIM3,0.0024189646831156266,0.007462686567164179,15,19,0.005043721884048552,2.0850746268656715
PIN1,0.0016126431220770843,0.008248232521602514,10,21,0.00663558939952543,4.114728986645719
PINK1,0.0075794226737622965,0.01610369206598586,47,41,0.008524269392223562,1.124659457471879
PIPOX,0.0059667795516852125,0.009426551453260016,37,24,0.003459771901574804,0.5798390692341988
PITPNB,0.00306402193194646,0.007462686567164179,19,19,0.004398664635217719,1.4355852317360565
PITPNC1,0.0041928721174004195,0.009819324430479183,26,25,0.005626452313078763,1.3419088766692848
PITX2,0.008547008547008548,0.01021209740769835,53,26,0.0016650888606898027,0.1948153967007069
PKD1,0.03402676987582648,0.08955223880597014,211,228,0.055525468930143665,1.6318172172313785
PKD2,0.009675858732462506,0.02749410840534171,60,70,0.017818249672879205,1.8415161036920658
PKHD1,0.05805515239477504,0.0840534171249018,360,214,0.025998264730126765,0.4478201099764335
PKIA,0.002257700370907918,0.0019638648860958365,14,5,-0.00029383548481208164,-0.13014813152283702
PKLR,0.011127237542331882,0.014925373134328358,69,38,0.0037981355919964755,0.3413367942894224
PKM,0.005644250927269795,0.01767478397486253,35,45,0.012030533047592735,2.1314667265177873
PKP1,0.009353330108047089,0.02749410840534171,58,70,0.018140778297294623,1.939499417612482
PKP2,0.016932752781809387,0.02356637863315004,105,60,0.006633625851340651,0.39176298956346073
PKP3,0.006934365424931463,0.021602513747054203,43,55,0.01466814832212274,2.1152834359414676
PLA2G12A,0.0020964360587002098,0.00589159465828751,13,15,0.0037951585995873,1.8102906520031419
PLA2G2A,0.0017739074342847927,0.007069913589945012,11,18,0.005296006155660219,2.9855031064771835
PLA2G4A,0.014029995162070633,0.022780832678711706,87,58,0.008750837516641073,0.6237234878240379
PLA2G7,0.007901951298177712,0.018853102906520033,49,48,0.01095115160834232,1.385879410680219
PLAAT3,0.0,0.003927729772191673,0,10,0.003927729772191673,
PLAC1,0.0032252862441541686,0.003927729772191673,20,10,0.0007024435280375044,0.21779261586802826
PLAC8,0.002580228995323335,0.003534956794972506,16,9,0.0009547277996491709,0.3700166928515318
PLAG1,0.00822447992259313,0.01767478397486253,51,45,0.0094503040522694,1.1490457927082853
PLAGL1,0.004999193678438961,0.009426551453260016,31,24,0.004427357774821055,0.8856143729569472
PLAT,0.008385744234800839,0.019638648860958365,52,50,0.011252904626157526,1.3419088766692848
PLAU,0.0,0.01335428122545169,0,34,0.01335428122545169,
PLAUR,0.005482986615062087,0.007462686567164179,34,19,0.001979699952102092,0.3610623353819139
PLCB1,0.02902757619738752,0.036920659858601726,180,94,0.007893083661214207,0.27191673212882944
PLCB2,0.01451378809869376,0.03220738413197172,90,82,0.017693596033277956,1.2190887666928512
PLCB4,0.028382518948556684,0.03456402199528672,176,88,0.006181503046730038,0.21779261586802823
PLCG1,0.01564263828414772,0.03652788688138256,97,93,0.02088524859723484,1.3351487273345695
PLCL1,0.025157232704402517,0.04124116260801257,156,105,0.01608392990361005,0.6393362136684995
PLEC,0.055958716336074826,0.11154752553024352,347,284,0.0555888091941687,0.9933896421125075
PLEK,0.008869537171423964,0.014532600157109192,55,37,0.005663062985685228,0.63848461044062
PLEK2,0.0032252862441541686,0.00589159465828751,20,15,0.002666308414133341,0.8266889238020424
PLEKHG2,0.015803902596355425,0.04006284367635507,98,102,0.024258941079999645,1.5349968738477329
PLG,0.02048056765037897,0.03456402199528672,127,88,0.01408345434490775,0.6876496093919131
PLIN2,0.005644250927269795,0.010997643362136685,35,28,0.00535339243486689,0.9484681853888454
PLK1,0.0075794226737622965,0.022388059701492536,47,57,0.01480863702773024,1.9537948555096853
PLK2,0.00822447992259313,0.02356637863315004,51,60,0.015341898710556908,1.8653943902777135
PLK3,0.0077406869859700045,0.015710919088766692,48,40,0.007970232102796689,1.0296543597800472
PLK4,0.010159651669085631,0.01767478397486253,63,45,0.007515132305776899,0.7397037369543262
PLOD1,0.008385744234800839,0.01728201099764336,52,44,0.008896266762842522,1.0608798114689706
PLOD2,0.011127237542331882,0.0192458758837392,69,49,0.008118638341407317,0.7296184978995184
PLOD3,0.010643444605708756,0.03377847604084839,66,86,0.023135031435139633,2.173641362565165
PLPP1,0.0,0.005106048703849175,0,13,0.005106048703849175,
PLPP3,0.0,0.008248232521602514,0,21,0.008248232521602514,
PLPPR4,0.01757781003064022,0.02945797329143755,109,75,0.01188016326079733,0.6758613979835252
PLSCR1,0.002902757619738752,0.009819324430479183,18,25,0.00691656681074043,2.3827572663000782
PLVAP,0.011449766166747298,0.01767478397486253,71,45,0.006225017808115232,0.5436807806777825
PLXNB1,0.020158039025963553,0.04241948153967007,125,108,0.022261442513706514,1.1043456402199527
PLXNB2,0.02580228995323335,0.05813040062843677,160,148,0.032328110675203414,1.2529163393558524
PMAIP1,0.00016126431220770844,0.00589159465828751,1,15,0.005730330346079801,35.533778476040844
PMEPA1,0.007901951298177712,0.020031421838177535,49,51,0.012129470539999822,1.5349968738477329
PML,0.009837123044670215,0.03652788688138256,61,93,0.026690763836712345,2.7132692877287417
PMM1,0.003386550556361877,0.009426551453260016,21,24,0.006040000896898139,1.783525979126922
PMM2,0.002580228995323335,0.009819324430479183,16,25,0.007239095435155848,2.8056019245875885
PMP22,0.002902757619738752,0.00432050274941084,18,11,0.0014177451296720884,0.48841319717203446
PMPCA,0.006450572488308337,0.014532600157109192,40,37,0.008082027668800854,1.2529163393558524
PMS2,0.0133849379132398,0.02670856245090338,83,68,0.01332362453766358,0.9954192260006248
PMVK,0.0027414933075310434,0.005106048703849175,17,13,0.002364555396318132,0.8625063536805139
PNMT,0.0035478148685695854,0.007462686567164179,22,19,0.003914871698594594,1.1034599728629582
PNN,0.008063215610385421,0.020031421838177535,50,51,0.011968206227792114,1.484296936370778
PNO1,0.003386550556361877,0.00432050274941084,21,11,0.0009339521930489631,0.2757827404331724
PNP,0.0032252862441541686,0.00864100549882168,20,22,0.005415719254667512,1.6791437549096622
PNPLA8,0.009514594420254797,0.01335428122545169,59,34,0.003839686805196892,0.40355759116993095
PNPT1,0.0077406869859700045,0.01335428122545169,48,34,0.005613594239481685,0.7252062058130402
PNRC1,0.0032252862441541686,0.008248232521602514,20,21,0.005022946277448346,1.5573644933228596
PODXL,0.009353330108047089,0.0204241948153967,58,52,0.011070864707349613,1.183628138797844
POLA1,0.013546202225447508,0.02513747054202671,84,64,0.011591268316579202,0.8556839860846147
POLA2,0.006611836800516046,0.012961508248232521,41,33,0.006349671447716475,0.9603490889582893
POLB,0.0043541364296081275,0.006284367635506678,27,16,0.00193023120589855,0.44330976695470037
POLD1,0.012901144976616674,0.037706205813040065,80,96,0.024805060836423393,1.9227022780832683
POLD2,0.0041928721174004195,0.01178318931657502,26,30,0.0075903171991746,1.8102906520031419
POLD3,0.005644250927269795,0.021602513747054203,35,55,0.015958262819784408,2.8273482212995176
POLD4,0.0008063215610385422,0.0015710919088766694,5,4,0.0007647703478381272,0.9484681853888454
POLE,0.028059990324141266,0.05420267085624509,174,138,0.026142680532103824,0.9316710458596311
POLE3,0.0012901144976616675,0.005106048703849175,8,13,0.003815934206187508,2.957826001571092
POLE4,0.0003225286244154169,0.005106048703849175,2,13,0.0047835200794337585,14.831304006284368
POLG2,0.006450572488308337,0.01021209740769835,40,26,0.0037615249193900134,0.5831304006284368
POLH,0.006450572488308337,0.014925373134328358,40,38,0.00847480064602002,1.3138059701492535
POLL,0.0059667795516852125,0.012175962293794187,37,31,0.006209182742108975,1.0406254644275068
POLQ,0.03160780519271085,0.04673998428908091,196,119,0.01513217909637006,0.47874817641117734
POLR1C,0.0038703434929850023,0.009426551453260016,24,24,0.0055562079602750145,1.435585231736057
POLR1D,0.0024189646831156266,0.010997643362136685,15,28,0.008578678679021057,3.546425765907305
POLR1H,0.0,0.0027494108405341712,0,7,0.0027494108405341712,
POLR2A,0.018706660216094177,0.05498821681068342,116,140,0.036281556594589245,1.939499417612482
POLR2C,0.003386550556361877,0.008248232521602514,21,21,0.004861681965240637,1.4355852317360567
POLR2D,0.001451378809869376,0.00589159465828751,9,15,0.0044402158484181335,3.059308719560094
POLR2E,0.0032252862441541686,0.00589159465828751,20,15,0.002666308414133341,0.8266889238020424
POLR2F,0.0017739074342847927,0.007069913589945012,11,18,0.005296006155660219,2.9855031064771835
POLR2G,0.0016126431220770843,0.0019638648860958365,10,5,0.0003512217640187522,0.21779261586802826
POLR2H,0.0019351717464925011,0.006284367635506678,12,16,0.004349195889014177,2.2474469756480757
POLR2I,0.0012901144976616675,0.002356637863315004,8,6,0.0010665233656533366,0.8266889238020425
POLR2J,0.0012901144976616675,0.004713275726630008,8,12,0.003423161228968341,2.653377847604085
POLR2K,0.0006450572488308337,0.0019638648860958365,4,5,0.0013188076372650029,2.0444815396700706
POLR3C,0.005644250927269795,0.011390416339355853,35,29,0.005746165412086058,1.0180563348670186
POLR3G,0.0024189646831156266,0.00432050274941084,15,11,0.0019015380662952136,0.7860958366064413
POLR3GL,0.0016126431220770843,0.00589159465828751,10,15,0.0042789515362104255,2.653377847604085
POLR3K,0.0012901144976616675,0.0019638648860958365,8,5,0.000673750388434169,0.5222407698350353
POM121,0.012094823415578132,0.0396700706991359,75,101,0.027575247283557765,2.279921445404556
POMC,0.005321722302854378,0.020816967792615867,33,53,0.01549524548976149,2.9116974933942728
POP4,0.0027414933075310434,0.009819324430479183,17,25,0.007077831122948139,2.5817429878471416
POP7,0.0012901144976616675,0.002356637863315004,8,6,0.0010665233656533366,0.8266889238020425
POR,0.005644250927269795,0.02749410840534171,35,70,0.021849857478071916,3.871170463472113
POSTN,0.01741654571843251,0.03574234092694423,108,91,0.018325795208511717,1.0522060748887145
POU2F1,0.0077406869859700045,0.01767478397486253,48,45,0.009934096988892527,1.2833611547525534
PPA1,0.0035478148685695854,0.002356637863315004,22,6,-0.0011911770052545814,-0.3357494822538027
PPAN,0.004837929366231253,0.001178318931657502,30,3,-0.003659610434573751,-0.7564414768263943
PPARA,0.005805515239477504,0.011390416339355853,36,29,0.005584901099878349,0.9619992144540457
PPARD,0.006934365424931463,0.009819324430479183,43,25,0.0028849590055477197,0.41603792542793977
PPARG,0.009514594420254797,0.01610369206598586,59,41,0.006589097645731061,0.6925253305284459
PPARGC1A,0.015803902596355425,0.030636292223095052,98,78,0.014832389626739627,0.938527021177678
PPAT,0.005644250927269795,0.014139827179890024,35,36,0.008495576252620228,1.5051733812142296
PPBP,0.002580228995323335,0.004713275726630008,16,12,0.002133046731306673,0.8266889238020425
PPFIA4,0.014029995162070633,0.034956794972505895,87,89,0.020926799810435263,1.4915756968334377
PPIA,0.0009675858732462506,0.00432050274941084,6,11,0.0033529168761645897,3.4652395915161036
PPIB,0.002902757619738752,0.00432050274941084,18,11,0.0014177451296720884,0.48841319717203446
PPIF,0.0024189646831156266,0.003927729772191673,15,10,0.0015087650890760465,0.6237234878240376
PPM1A,0.0043541364296081275,0.01178318931657502,27,30,0.007429052886966892,1.7062058130400628
PPM1B,0.006450572488308337,0.010997643362136685,40,28,0.004547070873828348,0.7049096622152397
PPM1D,0.0077406869859700045,0.019638648860958365,48,50,0.011897961874988362,1.537067949725059
PPM1G,0.004031607805192711,0.013747054202670856,25,35,0.009715446397478145,2.409819324430479
PPOX,0.006289308176100629,0.01610369206598586,39,41,0.00981438388988523,1.5604870384917513
PPP1CA,0.0032252862441541686,0.009819324430479183,20,25,0.006594038186325014,2.0444815396700706
PPP1R15A,0.007901951298177712,0.01610369206598586,49,41,0.008201740767808146,1.0379386632893535
PPP1R15B,0.0077406869859700045,0.018067556952081697,48,46,0.010326869966111693,1.3341025137470544
PPP1R2,0.0019351717464925011,0.023959151610369208,12,61,0.022023979863876705,11.380891594658287
PPP1R3C,0.00516045799064667,0.01178318931657502,32,30,0.006622731325928349,1.283361154752553
PPP1R8,0.0024189646831156266,0.005106048703849175,15,13,0.0026870840207335487,1.110840534171249
PPP2CB,0.0027414933075310434,0.007069913589945012,17,18,0.0043284202824139684,1.5788549512499424
PPP2R1B,0.0059667795516852125,0.015710919088766692,37,40,0.009744139537081479,1.633065115390331
PPP2R2C,0.008869537171423964,0.01767478397486253,55,45,0.008805246803438567,0.9927515532385919
PPP2R5B,0.009675858732462506,0.03338570306362922,60,85,0.023709844331166716,2.45041241162608
PPP3R1,0.0019351717464925011,0.00589159465828751,12,15,0.003956422911795009,2.0444815396700706
PPP4C,0.0038703434929850023,0.00864100549882168,24,22,0.0047706620058366785,1.2326197957580518
PPP4R2,0.00306402193194646,0.006677140612725845,19,17,0.0036131186807793845,1.1792078389217349
PPRC1,0.017900338655055636,0.041633935585231735,111,106,0.0237335969301761,1.3258741852614593
PPT1,0.0035478148685695854,0.010604870384917517,22,27,0.007057055516347931,1.9891273298578873
PRAF2,0.0024189646831156266,0.004713275726630008,15,12,0.0022943110435143816,0.9484681853888454
PRC1,0.009192065795839382,0.012961508248232521,57,33,0.00376944245239314,0.4100756604787694
PRCP,0.005482986615062087,0.015318146111547526,34,39,0.00983515949648544,1.7937595305207708
PRDM1,0.014191259474278342,0.031421838177533384,88,80,0.01723057870325504,1.2141683924873239
PRDM2,0.022738268021286888,0.06166535742340927,141,157,0.03892708940212238,1.711963697748659
PRDM4,0.007901951298177712,0.014139827179890024,49,36,0.006237875881712311,0.7894095580101642
PRDX1,0.003386550556361877,0.0054988216810683424,21,14,0.0021122711247064654,0.6237234878240377
PRDX2,0.0027414933075310434,0.003534956794972506,17,9,0.0007934634874414625,0.2894274756249711
PRDX3,0.0017739074342847927,0.005106048703849175,11,13,0.0033321412695643824,1.8784189102335214
PRDX4,0.0019351717464925011,0.007069913589945012,12,18,0.005134741843452511,2.653377847604085
PRDX5,0.0016126431220770843,0.0054988216810683424,10,14,0.0038861785589912583,2.4098193244304795
PRDX6,0.0035478148685695854,0.005106048703849175,22,13,0.0015582338352795899,0.4392094551167608
PREB,0.0043541364296081275,0.012961508248232521,27,33,0.008607371818624393,1.9768263943440691
PRELID3B,0.0,0.003142183817753339,0,8,0.003142183817753339,
PREP,0.008063215610385421,0.01610369206598586,50,41,0.008040476455600437,0.9971798900235662
PREX1,0.0267698758264796,0.0589159465828751,166,150,0.0321460707563955,1.2008300286771596
PRF1,0.01128850185453959,0.015318146111547526,70,39,0.004029644257007936,0.3569689148243745
PRG2,0.0041928721174004195,0.009819324430479183,26,25,0.005626452313078763,1.3419088766692848
PRIM1,0.002902757619738752,0.012568735271013355,18,32,0.009665977651274603,3.3299293008641007
PRIM2,0.0075794226737622965,0.016496465043205028,47,42,0.008917042369442732,1.176480419849242
PRKAA2,0.01225608772778584,0.0204241948153967,76,52,0.00816810708761086,0.6664530532930913
PRKAB1,0.004837929366231253,0.0054988216810683424,30,14,0.0006608923148370893,0.13660644147682635
PRKACA,0.006450572488308337,0.012568735271013355,40,32,0.006118162782705018,0.9484681853888454
PRKAG1,0.0035478148685695854,0.007462686567164179,22,19,0.003914871698594594,1.1034599728629582
PRKAR2A,0.003386550556361877,0.007462686567164179,21,19,0.004076136010802302,1.2036247334754797
PRKAR2B,0.005805515239477504,0.018853102906520033,36,48,0.013047587667042528,2.2474469756480757
PRKCA,0.010804708917916465,0.022388059701492536,67,57,0.011583350783576071,1.0720650478948541
PRKCB,0.019351717464925013,0.02945797329143755,120,75,0.010106255826512537,0.5222407698350353
PRKCD,0.008869537171423964,0.020031421838177535,55,51,0.011161884666753571,1.2584517603370708
PRKCE,0.011127237542331882,0.019638648860958365,69,50,0.008511411318626483,0.7649168345913452
PRKCG,0.019190453152717304,0.034956794972505895,119,89,0.01576634181978859,0.821572148105118
PRKCH,0.009353330108047089,0.0204241948153967,58,52,0.011070864707349613,1.183628138797844
PRKDC,0.04031607805192711,0.07659073055773763,250,195,0.03627465250581052,0.8997564807541243
PRKG2,0.015965166908563134,0.01767478397486253,99,45,0.0017096170662993966,0.10708419624366221
PRKN,0.0,0.019638648860958365,0,50,0.019638648860958365,
PRLR,0.014191259474278342,0.020031421838177535,88,51,0.005840162363899193,0.4115323502106693
PRM2,0.0016126431220770843,0.007855459544383346,10,20,0.006242816422306262,3.8711704634721134
PRMT2,0.0043541364296081275,0.015318146111547526,27,39,0.010964009681939398,2.5180675569520816
PRMT3,0.007095629737139171,0.01021209740769835,44,26,0.0031164676705591797,0.4392094551167608
PRMT5,0.007095629737139171,0.011390416339355853,44,29,0.004294786602216682,0.6052720845533102
PRNP,0.0041928721174004195,0.007855459544383346,26,20,0.0036625874269829266,0.873527101335428
PROC,0.006611836800516046,0.020816967792615867,41,53,0.014205130992099822,2.148439445902707
PROCR,0.006450572488308337,0.010604870384917517,40,27,0.00415429789660918,0.6440200314218381
PRODH,0.004837929366231253,0.0019638648860958365,30,5,-0.0028740644801354166,-0.5940691280439906
PROK2,0.002580228995323335,0.003142183817753339,16,8,0.0005619548224300038,0.21779261586802834
PROP1,0.005644250927269795,0.016496465043205028,35,42,0.010852214115935233,1.922702278083268
PROS1,0.01661022415739397,0.022780832678711706,103,58,0.0061706085213177365,0.37149459651156586
PROZ,0.0041928721174004195,0.010997643362136685,26,28,0.006804771244736265,1.6229379418695993
PRPF3,0.0077406869859700045,0.010604870384917517,48,27,0.0028641833989475124,0.37001669285153177
PRPF31,0.006611836800516046,0.014139827179890024,41,36,0.007527990379373978,1.138562642499952
PRPF4B,0.010643444605708756,0.024351924587588374,66,62,0.013708479981879618,1.2879740055702351
PRPS1,0.004031607805192711,0.00589159465828751,25,15,0.001859986853094799,0.46135113904163394
PRPS2,0.004837929366231253,0.00864100549882168,30,22,0.003803076132590427,0.7860958366064413
PRRX1,0.006934365424931463,0.010997643362136685,43,28,0.004063277937205222,0.5859624764792926
PRSS2,0.0,0.011390416339355853,0,29,0.011390416339355853,
PRSS23,0.004837929366231253,0.01021209740769835,30,26,0.0053741680414670975,1.110840534171249
PRSS3,0.006773101112723754,0.010604870384917517,42,27,0.003831769272193763,0.5657333632588935
PRSS36,0.01032091598129334,0.0204241948153967,64,52,0.010103278834103361,0.978913000785546
PSAT1,0.006289308176100629,0.010997643362136685,39,28,0.004708335186036056,0.7486252945797328
PSEN1,0.005644250927269795,0.01021209740769835,35,26,0.004567846480428556,0.8092918864324994
PSEN2,0.0059667795516852125,0.012175962293794187,37,31,0.006209182742108975,1.0406254644275068
PSENEN,0.001451378809869376,0.0027494108405341712,9,7,0.0012980320306647953,0.894344069128044
PSIP1,0.008063215610385421,0.010997643362136685,50,28,0.0029344277517512635,0.36392772977219173
PSMA1,0.0043541364296081275,0.0054988216810683424,27,14,0.001144685251460215,0.2628960460853627
PSMA2,0.0024189646831156266,0.005106048703849175,15,13,0.0026870840207335487,1.110840534171249
PSMA3,0.004676665054023544,0.0054988216810683424,29,14,0.0008221566270447981,0.17579976704499287
PSMA4,0.00306402193194646,0.003927729772191673,19,10,0.0008637078402452128,0.2818869640716087
PSMA6,0.003386550556361877,0.006284367635506678,21,16,0.0028978170791448005,0.8556839860846147
PSMA7,0.00306402193194646,0.006677140612725845,19,17,0.0036131186807793845,1.1792078389217349
PSMB10,0.0032252862441541686,0.007855459544383346,20,20,0.004630173300229178,1.4355852317360567
PSMB2,0.0016126431220770843,0.006284367635506678,10,16,0.0046717245134295935,2.896936370777691
PSMB3,0.0017739074342847927,0.005106048703849175,11,13,0.0033321412695643824,1.8784189102335214
PSMB5,0.003386550556361877,0.00589159465828751,21,15,0.0025050441019256325,0.7397037369543261
PSMB8,0.0038703434929850023,0.01178318931657502,24,30,0.007912845823590017,2.0444815396700706
PSMB9,0.0020964360587002098,0.011390416339355853,13,29,0.009293980280655643,4.433228593872742
PSMC2,0.006450572488308337,0.009426551453260016,40,24,0.002975978964951679,0.46135113904163405
PSMC3,0.005482986615062087,0.01021209740769835,34,26,0.004729110792636264,0.8625063536805139
PSMC3IP,0.0024189646831156266,0.005106048703849175,15,13,0.0026870840207335487,1.110840534171249
PSMC4,0.008063215610385421,0.012961508248232521,50,33,0.0048982926378471,0.6074862529457974
PSMC6,0.005482986615062087,0.00864100549882168,34,22,0.0031580188837595936,0.5759669146527423
PSMD1,0.01032091598129334,0.018067556952081697,64,46,0.007746640970788357,0.7505768853102907
PSMD12,0.004676665054023544,0.011390416339355853,29,29,0.006713751285332309,1.435585231736057
PSMD13,0.002580228995323335,0.007462686567164179,16,19,0.0048824575718408435,1.892257462686567
PSMD14,0.002257700370907918,0.003927729772191673,14,10,0.0016700294012837549,0.739703736954326
PSMD3,0.0077406869859700045,0.015318146111547526,48,39,0.007577459125577521,0.9789130007855461
PSMD7,0.002902757619738752,0.007069913589945012,18,18,0.00416715597020626,1.4355852317360565
PSMD8,0.0017739074342847927,0.01610369206598586,11,41,0.014329784631701066,8.078090409198028
PSMD9,0.002257700370907918,0.009426551453260016,14,24,0.007168851082352098,3.1752889686903827
PSME1,0.0012901144976616675,0.004713275726630008,8,12,0.003423161228968341,2.653377847604085
PSME2,0.003386550556361877,0.006677140612725845,21,17,0.0032905900563639677,0.9716642352149031
PSME3,0.0027414933075310434,0.00589159465828751,17,15,0.003150101350756466,1.149045792708285
PSMG1,0.002257700370907918,0.007069913589945012,14,18,0.004812213219037093,2.131466726517787
PSPH,0.0043541364296081275,0.014925373134328358,27,38,0.010571236704720231,2.4278606965174134
PTAFR,0.00612804386389292,0.010997643362136685,38,28,0.0048695994982437645,0.7946417497002523
PTBP2,0.006450572488308337,0.015710919088766692,40,40,0.009260346600458356,1.4355852317360567
PTCD2,0.00516045799064667,0.009426551453260016,32,24,0.004266093462613346,0.8266889238020425
PTCD3,0.0077406869859700045,0.014532600157109192,48,37,0.006791913171139187,0.8774302827965438
PTCH1,0.025157232704402517,0.047918303220738416,156,122,0.0227610705163359,0.904752553024352
PTEN,0.059184002580228996,0.06794972505891594,367,173,0.008765722478686948,0.1481096596466969
PTGDS,0.002580228995323335,0.003142183817753339,16,8,0.0005619548224300038,0.21779261586802834
PTGER2,0.00612804386389292,0.01178318931657502,38,30,0.005655145452682099,0.922830446107413
PTGER3,0.006611836800516046,0.018067556952081697,41,46,0.011455720151565651,1.732607820972161
PTGER4,0.00822447992259313,0.01178318931657502,51,30,0.003558709393981889,0.43269719513885674
PTGES,0.001451378809869376,0.0054988216810683424,9,14,0.004047442871198966,2.788688138256088
PTGES3,0.001128850185453959,0.003142183817753339,7,8,0.0020133336322993795,1.7835259791269216
PTGFR,0.01225608772778584,0.016496465043205028,76,42,0.004240377315419187,0.34598131227518925
PTGIR,0.007095629737139171,0.019638648860958365,44,50,0.012543019123819193,1.767710490609155
PTGIS,0.008869537171423964,0.020031421838177535,55,51,0.011161884666753571,1.2584517603370708
PTGR1,0.0041928721174004195,0.01021209740769835,26,26,0.006019225290297931,1.4355852317360565
PTGS2,0.010965973230124174,0.018460329929300863,68,47,0.007494356699176689,0.6834192042881566
PTH1R,0.006934365424931463,0.016496465043205028,43,42,0.009562099618273565,1.378943714718939
PTHLH,0.0043541364296081275,0.006677140612725845,27,17,0.002323004183117717,0.5335166273893691
PTK2,0.013707466537655217,0.02356637863315004,85,60,0.009858912095494821,0.7192366341666281
PTK2B,0.013546202225447508,0.032992930086410056,84,84,0.019446727860962548,1.4355852317360567
PTP4A3,0.00306402193194646,0.007855459544383346,19,20,0.004791437612436886,1.5637739281432173
PTPA,0.0,0.007069913589945012,0,18,0.007069913589945012,
PTPN1,0.005644250927269795,0.014925373134328358,35,38,0.009281122207058564,1.644349680170576
PTPN11,0.01128850185453959,0.0204241948153967,70,52,0.009135692960857112,0.8092918864324994
PTPN14,0.01741654571843251,0.03377847604084839,108,86,0.01636193032241588,0.9394474993453784
PTPN2,0.004999193678438961,0.01021209740769835,31,26,0.0052129037292593895,1.0427489040366928
PTPN21,0.013223673601032092,0.03574234092694423,82,91,0.022518667325912137,1.7029055620485507
PTPN6,0.00612804386389292,0.014139827179890024,38,36,0.008011783315997103,1.3073965353288957
PTPRC,0.028059990324141266,0.03927729772191673,174,100,0.011217307397775465,0.39976162743451527
PTPRD,0.045476536042573776,0.05420267085624509,282,138,0.008726134813671314,0.1918821346793469
PTPRE,0.010159651669085631,0.021209740769835034,63,54,0.011050089100749403,1.0876444843451913
PTPRG,0.017900338655055636,0.0384917517674784,111,98,0.02059141311242276,1.150336510902104
PTPRJ,0.01757781003064022,0.03377847604084839,109,86,0.01620066601020817,0.9216544030211089
PTPRM,0.024350911143363973,0.032992930086410056,151,84,0.008642018943046084,0.3548950958001905
PTPRR,0.013546202225447508,0.023173605655930872,84,59,0.009627403430483364,0.710708674671754
PTRH2,0.0027414933075310434,0.0054988216810683424,17,14,0.002757328373537299,1.0057760731943994
PTS,0.0009675858732462506,0.001178318931657502,6,3,0.00021073305841125148,0.21779261586802842
PTTG1,0.002257700370907918,0.004713275726630008,14,12,0.00245557535572209,1.0876444843451913
PTTG3P,0.0,0.0,0,0,0.0,
PTX3,0.00306402193194646,0.010604870384917517,19,27,0.007540848452971057,2.4610948029933435
PURA,0.0017739074342847927,0.016889238020424194,11,43,0.015115330586139402,8.520924087695494
PUS1,0.004999193678438961,0.012961508248232521,31,33,0.007962314569793561,1.5927197628158025
PVALB,0.0017739074342847927,0.003927729772191673,11,10,0.00215382233790688,1.2141683924873239
PVR,0.006289308176100629,0.010997643362136685,39,28,0.004708335186036056,0.7486252945797328
PVT1,0.0,0.0,0,0,0.0,
PWP1,0.005321722302854378,0.01178318931657502,33,30,0.006461467013720641,1.214168392487324
PXMP2,0.002257700370907918,0.011390416339355853,14,29,0.009132715968447934,4.045140837167546
PXN,0.006773101112723754,0.018067556952081697,42,46,0.011294455839357943,1.6675457299966334
PYCR1,0.0038703434929850023,0.008248232521602514,24,21,0.004377889028617512,1.1311370777690497
PYGB,0.011449766166747298,0.02513747054202671,71,64,0.013687704375279412,1.1954571102972906
PYGL,0.01032091598129334,0.02631578947368421,64,67,0.01599487349239087,1.5497532894736843
PYGM,0.015158845347524593,0.028279654359780047,94,72,0.013120809012255454,0.8655546455850646
QDPR,0.0035478148685695854,0.00589159465828751,22,15,0.002343779789717924,0.6606262943654931
QSOX1,0.010804708917916465,0.015318146111547526,67,39,0.004513437193631061,0.4177287169806897
RAB14,0.0017739074342847927,0.007462686567164179,11,19,0.005688779132879386,3.206919945725916
RAB17,0.0017739074342847927,0.00589159465828751,11,15,0.004117687224002717,2.321252588730986
RAB1A,0.002902757619738752,0.005106048703849175,18,13,0.0022032910841104235,0.7590337784760409
RAB22A,0.0027414933075310434,0.005106048703849175,17,13,0.002364555396318132,0.8625063536805139
RAB27A,0.0038703434929850023,0.00589159465828751,24,15,0.0020212511653025073,0.5222407698350353
RAB2A,0.002902757619738752,0.009426551453260016,18,24,0.006523793833521264,2.2474469756480757
RAB31,0.002902757619738752,0.005106048703849175,18,13,0.0022032910841104235,0.7590337784760409
RAB34,0.0041928721174004195,0.020816967792615867,26,53,0.016624095675215448,3.9648468185388843
RAB3GAP1,0.011772294791162716,0.023173605655930872,73,59,0.011401310864768156,0.9684866941428402
RAB40C,0.005321722302854378,0.012961508248232521,33,33,0.0076397859453781435,1.4355852317360567
RAB4A,0.004031607805192711,0.00589159465828751,25,15,0.001859986853094799,0.46135113904163394
RAB5A,0.0020964360587002098,0.007855459544383346,13,20,0.005759023485683136,2.747054202670856
RAB9A,0.002580228995323335,0.003927729772191673,16,10,0.001347500776868338,0.5222407698350353
RABEP1,0.00725689404934688,0.019638648860958365,45,50,0.012381754811611485,1.7062058130400626
RABEPK,0.005644250927269795,0.012568735271013355,35,32,0.00692448434374356,1.2268207833015377
RABGAP1,0.013223673601032092,0.028672427336999214,82,73,0.015448753735967121,1.1682649014235624
RABGAP1L,0.009998387356877922,0.023959151610369208,62,61,0.013960764253491286,1.3963015989661205
RABIF,0.0016126431220770843,0.002356637863315004,10,6,0.0007439947412379198,0.46135113904163405
RAC1,0.006450572488308337,0.009426551453260016,40,24,0.002975978964951679,0.46135113904163405
RAC2,0.003386550556361877,0.00589159465828751,21,15,0.0025050441019256325,0.7397037369543261
RACGAP1,0.006934365424931463,0.01021209740769835,43,26,0.0032777319827668877,0.47267944244505744
RACK1,0.0,0.006677140612725845,0,17,0.006677140612725845,
RAD1,0.0024189646831156266,0.00589159465828751,15,15,0.003472629975171883,1.4355852317360565
RAD17,0.006289308176100629,0.014925373134328358,39,38,0.008636064958227729,1.3731343283582087
RAD21,0.009837123044670215,0.01728201099764336,61,44,0.007444887952973146,0.7568155769899422
RAD23A,0.004999193678438961,0.014139827179890024,31,36,0.009140633501451063,1.828421559435421
RAD23B,0.005321722302854378,0.007855459544383346,33,20,0.002533737241528968,0.47611226165821613
RAD50,0.013707466537655217,0.02749410840534171,85,70,0.013786641867686494,1.0057760731943994
RAD51,0.0041928721174004195,0.0054988216810683424,26,14,0.001305949563667923,0.3114689709347996
RAD51AP1,0.00516045799064667,0.011390416339355853,32,29,0.006229958348709183,1.2072491162608012
RAD51C,0.004837929366231253,0.007855459544383346,30,20,0.003017530178152093,0.6237234878240376
RAD52,0.004837929366231253,0.011390416339355853,30,29,0.0065524869731246,1.3543990573448548
RAD54L,0.007418158361554588,0.014532600157109192,46,37,0.007114441795554604,0.9590576863963935
RAD9A,0.0035478148685695854,0.018853102906520033,22,48,0.015305288037950447,4.314004141969578
RAE1,0.005482986615062087,0.008248232521602514,34,21,0.0027652459065404273,0.5043320548957997
RAF1,0.008708272859216255,0.015710919088766692,54,40,0.007002646229550437,0.8041372086933752
RALA,0.002580228995323335,0.0054988216810683424,16,14,0.0029185926857450075,1.1311370777690495
RALB,0.003386550556361877,0.00589159465828751,21,15,0.0025050441019256325,0.7397037369543261
RALBP1,0.00725689404934688,0.012568735271013355,45,32,0.005311841221666475,0.7319717203456403
RALGDS,0.008385744234800839,0.02474469756480754,52,63,0.0163589533300067,1.950805184603299
RAN,0.0027414933075310434,0.00589159465828751,17,15,0.003150101350756466,1.149045792708285
RANBP1,0.0012901144976616675,0.003534956794972506,8,9,0.0022448422973108386,1.7400333857030639
RANBP10,0.0075794226737622965,0.012961508248232521,47,33,0.005382085574470225,0.7100917584529758
RANBP9,0.0059667795516852125,0.031421838177533384,37,80,0.02545505862584817,4.266130230780663
RAP1GAP,0.008385744234800839,0.028279654359780047,52,72,0.01989391012497921,2.3723487824037703
RAP1GDS1,0.006611836800516046,0.010997643362136685,41,28,0.004385806561620639,0.6633264997221848
RAP2B,0.0027414933075310434,0.003927729772191673,17,10,0.0011862364646606297,0.43269719513885674
RAPGEF3,0.009998387356877922,0.028672427336999214,62,73,0.018674039980121293,1.8677051922053571
RAPGEF5,0.0077406869859700045,0.025923016496465043,48,66,0.01818232951049504,2.348929693637078
RAPGEF6,0.016771488469601678,0.030243519245875882,104,77,0.013472030776274204,0.8032698350353493
RAPGEFL1,0.004999193678438961,0.06087981146897094,31,155,0.055880617790531974,11.177926158680284
RARA,0.00612804386389292,0.014532600157109192,38,37,0.008404556293216271,1.3714908835324762
RARS1,0.0,0.01335428122545169,0,34,0.01335428122545169,
RASA1,0.016771488469601678,0.025923016496465043,104,66,0.009151528026863365,0.545659858601728
RASA2,0.01032091598129334,0.022780832678711706,64,58,0.012459916697418366,1.2072491162608012
RASAL2,0.017739074342847928,0.02513747054202671,110,64,0.007398396199178783,0.41706777119188754
RASGRP1,0.009192065795839382,0.018853102906520033,57,48,0.009661037110680651,1.0510191425145738
RB1,0.026447347202064184,0.02749410840534171,164,70,0.001046761203277527,0.039579062326365516
RBBP7,0.006289308176100629,0.00864100549882168,39,22,0.002351697322721051,0.3739198743126471
RBBP8,0.010643444605708756,0.018853102906520033,66,48,0.008209658300811277,0.7713347139898595
RBCK1,0.004999193678438961,0.012175962293794187,31,31,0.007176768615355226,1.4355852317360567
RBL1,0.01128850185453959,0.02670856245090338,70,68,0.01542006059636379,1.3659970822578837
RBM14,0.00822447992259313,0.023173605655930872,51,59,0.014949125733337742,1.8176378171064185
RBM38,0.002902757619738752,0.012961508248232521,18,33,0.01005875062849377,3.4652395915161036
RBM4,0.006450572488308337,0.003534956794972506,40,9,-0.0029156156933358313,-0.45199332285938726
RBM5,0.008385744234800839,0.01767478397486253,52,45,0.009289039740061691,1.1077179890023567
RBP1,0.003709079180777294,0.007069913589945012,23,18,0.003360834409167718,0.9061101813586531
RBP4,0.0027414933075310434,0.005106048703849175,17,13,0.002364555396318132,0.8625063536805139
RBPJ,0.007095629737139171,0.016496465043205028,44,42,0.009400835306065856,1.3248768121116905
RBPMS,0.0016126431220770843,0.004713275726630008,10,12,0.003100632604552924,1.9227022780832683
RBSN,0.0,0.01335428122545169,0,34,0.01335428122545169,
RBX1,0.001128850185453959,0.0019638648860958365,7,5,0.0008350147006418774,0.739703736954326
RCAN1,0.0027414933075310434,0.01021209740769835,17,26,0.007470604100167307,2.725012707361028
RCE1,0.00306402193194646,0.007069913589945012,19,18,0.004005891657998552,1.3073965353288957
RCHY1,0.0032252862441541686,0.003927729772191673,20,10,0.0007024435280375044,0.21779261586802826
RCL1,0.00306402193194646,0.011390416339355853,19,29,0.008326394407409392,2.717472195807665
RDH11,0.004031607805192711,0.006284367635506678,25,16,0.002252759830313967,0.5587745483110764
RDH16,0.005805515239477504,0.006284367635506678,36,16,0.00047885239602917396,0.08248232521602522
REEP1,0.0024189646831156266,0.01021209740769835,15,26,0.007793132724582724,3.221681068342498
REEP5,0.002580228995323335,0.004713275726630008,16,12,0.002133046731306673,0.8266889238020425
REEP6,0.001451378809869376,0.009819324430479183,9,25,0.008367945620609806,5.7655145326001564
REG1A,0.009030801483631673,0.008248232521602514,56,21,-0.0007825689620291586,-0.08665553809897879
REL,0.006934365424931463,0.012175962293794187,43,31,0.005241596868862724,0.7558870275306454
RELA,0.006934365424931463,0.016889238020424194,43,43,0.009954872595492732,1.4355852317360565
RELB,0.007095629737139171,0.003534956794972506,44,9,-0.003560672942166665,-0.501812111690352
RELN,0.06079664570230608,0.08641005498821681,377,220,0.025613409285910736,0.4212964217027387
RER1,0.0024189646831156266,0.005106048703849175,15,13,0.0026870840207335487,1.110840534171249
RET,0.02177068214804064,0.04713275726630008,135,120,0.025362075118259438,1.16496465043205
RETN,0.0012901144976616675,0.007069913589945012,8,18,0.0057797990922833446,4.480066771406127
RETREG1,0.0,0.01335428122545169,0,34,0.01335428122545169,
RETSAT,0.009353330108047089,0.03456402199528672,58,88,0.025210691887239633,2.69537069642712
REV3L,0.026447347202064184,0.04595443833464258,164,117,0.019507091132578393,0.737582147031211
RFC1,0.013707466537655217,0.02788688138256088,85,71,0.014179414844905664,1.0344300170971767
RFC2,0.002580228995323335,0.007462686567164179,16,19,0.0048824575718408435,1.892257462686567
RFC3,0.004031607805192711,0.015318146111547526,25,39,0.011286538306354815,2.7995129615082486
RFC4,0.00612804386389292,0.01178318931657502,38,30,0.005655145452682099,0.922830446107413
RFC5,0.003709079180777294,0.00864100549882168,23,22,0.0049319263180443865,1.3296902216605757
RGN,0.00306402193194646,0.00589159465828751,19,15,0.0028275727263410494,0.922830446107413
RGS1,0.005321722302854378,0.0054988216810683424,33,14,0.0001770993782139645,0.03327858316075133
RGS11,0.0035478148685695854,0.01767478397486253,22,45,0.014126969106292945,3.9818788830964795
RGS16,0.0041928721174004195,0.00589159465828751,26,15,0.00169872254088709,0.40514532600157094
RGS4,0.005482986615062087,0.011390416339355853,34,29,0.005907429724293766,1.0774109329513424
RHAG,0.007418158361554588,0.012175962293794187,46,31,0.0047578039322395994,0.6413726561699512
RHBDF2,0.008547008547008548,0.021602513747054203,53,55,0.013055505200045656,1.5274941084053415
RHCE,0.005321722302854378,0.012568735271013355,33,32,0.007247012968158977,1.3617796186531461
RHCG,0.006611836800516046,0.014532600157109192,41,37,0.007920763356593145,1.1979671603471729
RHD,0.004999193678438961,0.01728201099764336,31,44,0.0122828173192044,2.4569596837544028
RHOA,0.008385744234800839,0.007462686567164179,52,19,-0.0009230576676366601,-0.11007462686567171
RHOB,0.004031607805192711,0.0054988216810683424,25,14,0.0014672138758756318,0.36392772977219173
RHOBTB3,0.005805515239477504,0.01178318931657502,36,30,0.0059776740770975155,1.0296543597800472
RHOD,0.0032252862441541686,0.003927729772191673,20,10,0.0007024435280375044,0.21779261586802826
RHOF,0.0020964360587002098,0.00864100549882168,13,22,0.006544569440121471,3.121759622937941
RHOG,0.002257700370907918,0.005106048703849175,14,13,0.002848348332941257,1.261614858040624
RHOH,0.004837929366231253,0.005106048703849175,30,13,0.00026811933761792216,0.05542026708562451
RHOT1,0.006289308176100629,0.013747054202670856,39,35,0.007457746026570226,1.1857816182246659
RHOT2,0.005482986615062087,0.0192458758837392,34,49,0.013762889268677112,2.510108128090199
RIBC2,0.003709079180777294,0.01021209740769835,23,26,0.006503018226921057,1.753270261962499
RICTOR,0.018222867279471054,0.03927729772191673,113,100,0.021054430442445676,1.1553851608283685
RIGI,0.0,0.0,0,0,0.0,
RIOK3,0.00612804386389292,0.010997643362136685,38,28,0.0048695994982437645,0.7946417497002523
RIPK1,0.006934365424931463,0.016496465043205028,43,42,0.009562099618273565,1.378943714718939
RIPK2,0.004999193678438961,0.013747054202670856,31,35,0.008747860524231894,1.7498542938955477
RIT1,0.003709079180777294,0.003534956794972506,23,9,-0.00017412238580478794,-0.04694490932067348
RMDN3,0.005321722302854378,0.01335428122545169,33,34,0.008032558922597311,1.5093908448189677
RNASEH2A,0.00516045799064667,0.006677140612725845,32,17,0.0015166826220791747,0.2939046543597801
RNASEL,0.01241735203999355,0.016496465043205028,77,42,0.0040791130032114785,0.3285010354923945
RND3,0.003386550556361877,0.009819324430479183,21,25,0.006432773874117306,1.8995062282572102
RNF11,0.0016126431220770843,0.003534956794972506,10,9,0.0019223136728954216,1.192026708562451
RNF123,0.012901144976616674,0.03181461115475255,80,81,0.018913466178135878,1.4660300471327572
RNF144B,0.0019351717464925011,0.009426551453260016,12,24,0.0074913797067675154,3.871170463472114
RNF19A,0.008869537171423964,0.016496465043205028,55,42,0.007626927871781064,0.8599014496893523
RNF19B,0.006934365424931463,0.014532600157109192,43,37,0.007598234732177729,1.095736129633351
RNF213,0.04499274310595065,0.08091123330714847,279,206,0.03591849020119782,0.7983174112459773
RNF31,0.01241735203999355,0.027101335428122545,77,69,0.014683983388128995,1.182537415451791
RNF4,0.001451378809869376,0.0054988216810683424,9,14,0.004047442871198966,2.788688138256088
RNH1,0.0041928721174004195,0.012568735271013355,26,32,0.008375863153612936,1.9976433621366851
RNMT,0.006289308176100629,0.010997643362136685,39,28,0.004708335186036056,0.7486252945797328
RNPS1,0.002902757619738752,0.010604870384917517,18,27,0.007702112765178765,2.6533778476040846
ROCK1,0.018384131591678763,0.03181461115475255,114,81,0.013430479563073788,0.7305474014966715
RORA,0.004999193678438961,0.015710919088766692,31,40,0.010711725410327732,2.142690621594912
ROS1,0.03531688437348815,0.04831107619795758,219,123,0.012994191824469432,0.3679314315229906
RPA1,0.005321722302854378,0.016889238020424194,33,43,0.011567515717569817,2.173641362565165
RPA2,0.0024189646831156266,0.007069913589945012,15,18,0.004650948906829385,1.9227022780832679
RPA3,0.001451378809869376,0.00432050274941084,9,11,0.002869123939541464,1.9768263943440687
RPE,0.00306402193194646,0.009033778476040848,19,23,0.005969756544094388,1.9483400173647
RPL14,0.001451378809869376,0.018460329929300863,9,47,0.017008951119431487,11.719167321288294
RPL18,0.002902757619738752,0.003142183817753339,18,8,0.00023942619801458698,0.08248232521602522
RPL22,0.008063215610385421,0.03574234092694423,50,91,0.027679125316558806,3.432765121759623
RPL34,0.001128850185453959,0.009033778476040848,7,23,0.00790492829058689,7.0026371899899
RPL36,0.001128850185453959,0.0019638648860958365,7,5,0.0008350147006418774,0.739703736954326
RPL39,0.0017739074342847927,0.0007855459544383347,11,2,-0.000988361479846458,-0.5571663215025351
RPL39L,0.0009675858732462506,0.001178318931657502,6,3,0.00021073305841125148,0.21779261586802842
RPL3L,0.005805515239477504,0.014532600157109192,36,37,0.008727084917631689,1.5032403770620584
RPL6,0.004031607805192711,0.002356637863315004,25,6,-0.0016749699418777066,-0.41545954438334637
RPL9,0.0019351717464925011,0.004713275726630008,12,12,0.0027781039801375073,1.435585231736057
RPLP0,0.005321722302854378,0.006284367635506678,33,16,0.0009626453326522996,0.18088980932657303
RPN1,0.004676665054023544,0.014925373134328358,29,38,0.010248708080304814,2.191456510550695
RPS10,0.001128850185453959,0.0015710919088766694,7,4,0.0004422417234227103,0.39176298956346095
RPS12,0.0006450572488308337,0.0027494108405341712,4,7,0.0021043535917033376,3.262274155538099
RPS14,0.0016126431220770843,0.0054988216810683424,10,14,0.0038861785589912583,2.4098193244304795
RPS19,0.0012901144976616675,0.0019638648860958365,8,5,0.000673750388434169,0.5222407698350353
RPS2,0.00306402193194646,0.009819324430479183,19,25,0.006755302498532722,2.204717410179022
RPS27L,0.0009675858732462506,0.0019638648860958365,6,5,0.000996279012849586,1.0296543597800472
RPS3,0.0027414933075310434,0.00589159465828751,17,15,0.003150101350756466,1.149045792708285
RPS3A,0.0016126431220770843,0.00589159465828751,10,15,0.0042789515362104255,2.653377847604085
RPS5,0.00306402193194646,0.011390416339355853,19,29,0.008326394407409392,2.717472195807665
RPS6,0.0027414933075310434,0.009033778476040848,17,23,0.006292285168509805,2.2952035488193707
RPS6KA1,0.010804708917916465,0.02199528672427337,67,56,0.011190577806356905,1.035713029510734
RPS6KA2,0.011449766166747298,0.030636292223095052,71,78,0.019186526056347755,1.675713353174823
RPS6KA3,0.009030801483631673,0.010604870384917517,56,27,0.0015740689012858442,0.17430002244417
RPS6KA5,0.008708272859216255,0.014925373134328358,54,38,0.006217100275112103,0.7139303482587065
RPS9,0.0019351717464925011,0.006284367635506678,12,16,0.004349195889014177,2.2474469756480757
RPTOR,0.017900338655055636,0.034956794972505895,111,89,0.017056456317450258,0.9528566272478293
RRAD,0.006289308176100629,0.012961508248232521,39,33,0.006672200072131892,1.0608798114689708
RRAGD,0.0038703434929850023,0.012175962293794187,24,31,0.008305618800809185,2.1459642576590734
RRAS,0.002580228995323335,0.00864100549882168,16,22,0.006060776503498346,2.3489296936370776
RREB1,0.023060796645702306,0.05145326001571092,143,131,0.028392463370008614,1.231200457044919
RRM1,0.004676665054023544,0.016496465043205028,29,42,0.011819799989181484,2.5273993011349787
RRM2,0.00516045799064667,0.01178318931657502,32,30,0.006622731325928349,1.283361154752553
RRM2B,0.004031607805192711,0.008248232521602514,25,21,0.004216624716409803,1.0458915946582876
RRP12,0.014029995162070633,0.03613511390416339,87,92,0.022105118742092762,1.5755613944795084
RRP8,0.004837929366231253,0.016496465043205028,30,42,0.011658535676973775,2.409819324430479
RRP9,0.008063215610385421,0.009033778476040848,50,23,0.000970562865655427,0.12036920659858606
RSAD2,0.006611836800516046,0.009426551453260016,41,24,0.0028147146527439703,0.4257084283333014
RSL1D1,0.006450572488308337,0.01767478397486253,40,45,0.011224211486554194,1.7400333857030639
RSU1,0.002580228995323335,0.01021209740769835,16,26,0.007631868412375016,2.957826001571092
RTN1,0.01564263828414772,0.028672427336999214,97,73,0.013029789052851494,0.8329662053271352
RTN3,0.012739880664408966,0.02749410840534171,79,70,0.014754227740932746,1.1581134964749868
RTN4RL1,0.005805515239477504,0.01610369206598586,36,41,0.010298176826508354,1.773860958366064
RTP4,0.0032252862441541686,0.00864100549882168,20,22,0.005415719254667512,1.6791437549096622
RUNX1,0.010643444605708756,0.07776904948939513,66,198,0.06712560488368638,6.306755695208171
RUVBL2,0.004999193678438961,0.014532600157109192,31,37,0.00953340647867023,1.9069888249752935
RXRA,0.007418158361554588,0.06952081696779261,46,177,0.06210265860623802,8.371708391680043
RXRB,0.005644250927269795,0.019638648860958365,35,50,0.01399439793368857,2.479407473908652
RXRG,0.009998387356877922,0.019638648860958365,62,50,0.009640261504080443,0.9641816384968198
RYR1,0.07627801967424609,0.12804399057344854,473,326,0.05176597089920244,0.6786485952345758
RYR2,0.10369295274955652,0.1417910447761194,643,361,0.03809809202656288,0.36741254845523547
S100A1,0.0008063215610385422,0.0015710919088766694,5,4,0.0007647703478381272,0.9484681853888454
S100A10,0.0012901144976616675,0.003927729772191673,8,10,0.0026376152745300058,2.0444815396700706
S100A11,0.0016126431220770843,0.003142183817753339,10,8,0.0015295406956762545,0.9484681853888454
S100A12,0.0017739074342847927,0.003534956794972506,11,9,0.0017610493606877132,0.9927515532385918
S100A13,0.0019351717464925011,0.0027494108405341712,12,7,0.0008142390940416701,0.42075805184603304
S100A4,0.001128850185453959,0.00432050274941084,7,11,0.003191652563956881,2.8273482212995167
S100A9,0.0020964360587002098,0.006284367635506678,13,16,0.004187931576806468,1.9976433621366851
SAC3D1,0.0,0.007855459544383346,0,20,0.007855459544383346,
SAMD9,0.02967263344621835,0.04320502749410841,184,110,0.013532394047890056,0.45605638853786
SAMD9L,0.028059990324141266,0.04673998428908091,174,119,0.018679993964939644,0.6657163366470732
SAMHD1,0.010159651669085631,0.01335428122545169,63,34,0.0031946295563660583,0.314442823476602
SAMM50,0.004999193678438961,0.01728201099764336,31,44,0.0122828173192044,2.4569596837544028
SAP30,0.002257700370907918,0.01335428122545169,14,34,0.01109658085454377,4.914992705644709
SAR1B,0.002580228995323335,0.007462686567164179,16,19,0.0048824575718408435,1.892257462686567
SASS6,0.006450572488308337,0.021209740769835034,40,54,0.014759168281526697,2.288040062843676
SAT1,0.0041928721174004195,0.003927729772191673,26,10,-0.00026514234520874647,-0.06323644933228603
SATB1,0.013707466537655217,0.021209740769835034,85,54,0.007502274232179817,0.5473129707499652
SBNO2,0.008869537171423964,0.04831107619795758,55,123,0.03944153902653362,4.446854245518818
SC5D,0.0038703434929850023,0.009033778476040848,24,23,0.0051634349830558465,1.3341025137470544
SCAF4,0.017094017094017096,0.037706205813040065,106,96,0.02061218871902297,1.2058130400628435
SCAF8,0.013868730849862926,0.022780832678711706,86,58,0.00891210182884878,0.6426039934964103
SCAMP1,0.002257700370907918,0.007855459544383346,14,20,0.0055977591734754275,2.4794074739086516
SCAMP3,0.005482986615062087,0.011390416339355853,34,29,0.005907429724293766,1.0774109329513424
SCARB1,0.006773101112723754,0.0192458758837392,42,49,0.012472774771015445,1.8415161036920662
SCARF1,0.009192065795839382,0.020816967792615867,57,53,0.011624901996776486,1.2646669698598418
SCD,0.003386550556361877,0.007855459544383346,21,20,0.004468908988021469,1.319604982605768
SCG2,0.011127237542331882,0.02199528672427337,69,56,0.010868049181941487,0.9767068547423067
SCG3,0.006934365424931463,0.016496465043205028,43,42,0.009562099618273565,1.378943714718939
SCG5,0.002257700370907918,0.001178318931657502,14,3,-0.0010793814392504161,-0.47808887891370216
SCGB1A1,0.0012901144976616675,0.0019638648860958365,8,5,0.000673750388434169,0.5222407698350353
SCGN,0.0077406869859700045,0.008248232521602514,48,21,0.0005075455356325096,0.06556853888452484
SCHIP1,0.0003225286244154169,0.0,2,0,-0.0003225286244154169,-1.0
SCN10A,0.04483147879374295,0.06716417910447761,278,171,0.022332700310734664,0.49814775045635123
SCN1B,0.0041928721174004195,0.009033778476040848,26,23,0.004840906358640429,1.1545561665357422
SCN8A,0.022738268021286888,0.03809897879025923,141,97,0.015360710768972344,0.6755444502014007
SCN9A,0.0382196419932269,0.05970149253731343,237,152,0.02148185054408653,0.5620631022104665
SCNN1A,0.008385744234800839,0.018067556952081697,52,46,0.009681812717280858,1.1545561665357422
SCP2,0.006450572488308337,0.01178318931657502,40,30,0.005332616828266682,0.8266889238020424
SCRN1,0.00612804386389292,0.01178318931657502,38,30,0.005655145452682099,0.922830446107413
SCUBE1,0.01435252378648605,0.0384917517674784,89,98,0.02413922798099235,1.6818803675295906
SCUBE2,0.012739880664408966,0.02749410840534171,79,70,0.014754227740932746,1.1581134964749868
SDAD1,0.00612804386389292,0.022780832678711706,38,58,0.016652788814818784,2.717472195807665
SDC1,0.0059667795516852125,0.01178318931657502,37,30,0.005816409764889807,0.9747988365427483
SDC2,0.0043541364296081275,0.013747054202670856,27,35,0.009392917773062729,2.157240115213407
SDC3,0.0059667795516852125,0.01610369206598586,37,41,0.010136912514300645,1.6988917432750892
SDC4,0.00306402193194646,0.007855459544383346,19,20,0.004791437612436886,1.5637739281432173
SDCBP,0.002257700370907918,0.007462686567164179,14,19,0.005204986196256261,2.3054371002132195
SDCCAG8,0.010965973230124174,0.015318146111547526,68,39,0.004352172881423352,0.39687976526038543
SDF2L1,0.0009675858732462506,0.005106048703849175,6,13,0.004138462830602925,4.277101335428123
SDHA,0.011933559103370425,0.02199528672427337,74,56,0.010061727620902945,0.8431455807732319
SDHB,0.002580228995323335,0.006677140612725845,16,17,0.004096911617402509,1.58780930871956
SDHC,0.0020964360587002098,0.003142183817753339,13,8,0.001045747759053129,0.4988216810683425
SDHD,0.0020964360587002098,0.00432050274941084,13,11,0.0022240666907106304,1.0608798114689706
SEC11A,0.002257700370907918,0.003142183817753339,14,8,0.0008844834468454206,0.39176298956346095
SEC14L1,0.010159651669085631,0.021602513747054203,63,55,0.011442862077968572,1.126304567388621
SEC14L2,0.0038703434929850023,0.01021209740769835,24,26,0.006341753914713349,1.6385506677140615
SEC22B,0.0,0.015710919088766692,0,40,0.015710919088766692,
SEC24D,0.011933559103370425,0.0204241948153967,74,52,0.008490635712026276,0.7114923250037154
SEC31A,0.01451378809869376,0.03534956794972506,90,90,0.0208357798510313,1.4355852317360565
SEC61A1,0.0059667795516852125,0.00864100549882168,37,22,0.002674225947136468,0.44818581346468206
SECTM1,0.002580228995323335,0.009033778476040848,16,23,0.006453549480717514,2.5011537706205815
SELE,0.014191259474278342,0.0204241948153967,88,52,0.0062329353411183595,0.4392094551167608
SELENBP1,0.00725689404934688,0.009819324430479183,45,25,0.002562430381132303,0.35310290652003135
SELENOP,0.0,0.0,0,0,0.0,
SELENOS,0.0,0.004713275726630008,0,12,0.004713275726630008,
SELENOW,0.0,0.0,0,0,0.0,
SELL,0.007095629737139171,0.015710919088766692,44,40,0.00861528935162752,1.2141683924873239
SELP,0.017739074342847928,0.030243519245875882,110,77,0.012504444903027954,0.7049096622152395
SEMA3B,0.0,0.019638648860958365,0,50,0.019638648860958365,
SEMA3C,0.011933559103370425,0.020031421838177535,74,51,0.00809786273480711,0.6785790110613363
SEMA4D,0.014997581035316884,0.028672427336999214,93,73,0.01367484630168233,0.9118034614702379
SEPTIN4,0.0,0.020031421838177535,0,51,0.020031421838177535,
SEPTIN9,0.0,0.014925373134328358,0,38,0.014925373134328358,
SERBP1,0.0043541364296081275,0.010604870384917517,27,27,0.006250733955309389,1.4355852317360565
SERINC1,0.004999193678438961,0.009426551453260016,31,24,0.004427357774821055,0.8856143729569472
SERP1,0.0006450572488308337,0.0,4,0,-0.0006450572488308337,-1.0
SERPINA1,0.0077406869859700045,0.016889238020424194,48,43,0.00914855103445419,1.1818784367635509
SERPINA10,0.012094823415578132,0.01728201099764336,75,44,0.005187187582065229,0.4288766692851531
SERPINA3,0.013062409288824383,0.01610369206598586,81,41,0.003041282777161475,0.2328270926071396
SERPINA5,0.009353330108047089,0.015318146111547526,58,39,0.005964816003500437,0.637721104098383
SERPINA6,0.008063215610385421,0.012175962293794187,50,31,0.004112746683408766,0.5100628436763551
SERPINB2,0.010159651669085631,0.012961508248232521,63,33,0.0028018565791468903,0.27578274043317247
SERPINB5,0.004515400741815836,0.010997643362136685,28,28,0.0064822426203208485,1.4355852317360565
SERPINB6,0.0041928721174004195,0.0192458758837392,26,49,0.01505300376633878,3.5901413982717987
SERPINB8,0.007418158361554588,0.01610369206598586,46,41,0.00868553370443127,1.1708477065473546
SERPINC1,0.007901951298177712,0.010997643362136685,49,28,0.0030956920639589724,0.391762989563461
SERPINE1,0.006611836800516046,0.019638648860958365,41,50,0.01302681206044232,1.9702258923610445
SERPINE2,0.006289308176100629,0.014139827179890024,39,36,0.007850519003789394,1.2482325216025136
SERPING1,0.009998387356877922,0.014139827179890024,62,36,0.004141439823012101,0.41421077971771036
SERPINH1,0.0059667795516852125,0.01610369206598586,37,41,0.010136912514300645,1.6988917432750892
SERTAD1,0.0027414933075310434,0.008248232521602514,17,21,0.005506739214071471,2.0086641097915994
SERTAD3,0.0035478148685695854,0.00432050274941084,22,11,0.0007726878808412547,0.21779261586802823
SESN1,0.003386550556361877,0.01178318931657502,21,30,0.008396638760213142,2.479407473908652
SET,0.003386550556361877,0.007069913589945012,21,18,0.003683363033583135,1.0876444843451913
SF3A1,0.008063215610385421,0.018460329929300863,50,47,0.010397114318915442,1.2894501178318931
SF3A3,0.005321722302854378,0.012175962293794187,33,31,0.006854239990939809,1.2879740055702351
SF3B3,0.013546202225447508,0.023959151610369208,84,61,0.0104129493849217,0.7686987992368983
SFMBT1,0.009353330108047089,0.012568735271013355,58,32,0.0032154051629662665,0.34377116233713484
SFN,0.0038703434929850023,0.0054988216810683424,24,14,0.0016284781880833402,0.42075805184603304
SFPQ,0.006773101112723754,0.05852317360565593,42,149,0.051750072492932175,7.640528560206486
SFRP1,0.005321722302854378,0.01178318931657502,33,30,0.006461467013720641,1.214168392487324
SFRP4,0.009192065795839382,0.021209740769835034,57,54,0.012017674973995652,1.3073965353288952
SGCA,0.0077406869859700045,0.012961508248232521,48,33,0.005220821262262517,0.6744648468185389
SGCB,0.0043541364296081275,0.009819324430479183,27,25,0.005465188000871055,1.255171510866719
SGCD,0.007095629737139171,0.012175962293794187,44,31,0.005080332556655016,0.7159805041776763
SGCE,0.005644250927269795,0.01767478397486253,35,45,0.012030533047592735,2.1314667265177873
SGCG,0.00725689404934688,0.01335428122545169,45,34,0.00609738717610481,0.8402199528672427
SGK1,0.007901951298177712,0.01610369206598586,49,41,0.008201740767808146,1.0379386632893535
SGMS1,0.0077406869859700045,0.016496465043205028,48,42,0.008755778057235025,1.1311370777690497
SGMS2,0.0041928721174004195,0.009426551453260016,26,24,0.005233679335859597,1.2482325216025139
SH2B1,0.010482180293501049,0.04556166535742341,65,116,0.03507948506392236,3.346582875098193
SH2B2,0.0035478148685695854,0.031029065200314218,22,79,0.027481250331744634,7.745965150324931
SH2B3,0.004031607805192711,0.014139827179890024,25,36,0.010108219374697313,2.5072427336999215
SH3BGR,0.004676665054023544,0.003534956794972506,29,9,-0.0011417082590510384,-0.24412872118536172
SH3BGRL2,0.0020964360587002098,0.004713275726630008,13,12,0.0026168396679297984,1.2482325216025139
SH3BP5,0.004031607805192711,0.012961508248232521,25,33,0.00892990044303981,2.214972505891595
SH3GL2,0.00725689404934688,0.01021209740769835,45,26,0.002955203358351471,0.40722702278083267
SHC1,0.007901951298177712,0.0204241948153967,49,52,0.012522243517218989,1.5847026949035705
SHE,0.005805515239477504,0.018460329929300863,36,47,0.012654814689823358,2.1797918303220736
SHH,0.005482986615062087,0.020031421838177535,34,51,0.014548435223115448,2.653377847604085
SHMT1,0.004837929366231253,0.013747054202670856,30,35,0.008909124836439603,1.8415161036920658
SHMT2,0.006773101112723754,0.01767478397486253,42,45,0.010901682862138776,1.6095556054314895
SHOX2,0.006773101112723754,0.03574234092694423,42,91,0.028969239814220473,4.277101335428123
SHROOM1,0.006773101112723754,0.028672427336999214,42,73,0.02189932622427546,3.233279093255527
SHROOM2,0.02080309627479439,0.04948939512961508,129,126,0.028686298854820692,1.3789437147189387
SIAH1,0.003386550556361877,0.009426551453260016,21,24,0.006040000896898139,1.783525979126922
SIAH2,0.00612804386389292,0.009426551453260016,38,24,0.003298507589367096,0.5382643568859306
SIDT1,0.0133849379132398,0.023959151610369208,83,61,0.010574213697129409,0.7900084233240899
SIDT2,0.010804708917916465,0.02199528672427337,67,56,0.011190577806356905,1.035713029510734
SIGMAR1,0.0019351717464925011,0.009033778476040848,12,23,0.0070986067295483474,3.6682050274941087
SIK1,0.008385744234800839,0.00589159465828751,52,15,-0.0024941495765133295,-0.29742733699921453
SIPA1L1,0.02773746169972585,0.04595443833464258,172,117,0.018216976634916726,0.6567643727506897
SIRPA,0.00725689404934688,0.04124116260801257,45,105,0.03398426855866569,4.683032207384132
SIRT1,0.006773101112723754,0.024351924587588374,42,62,0.01757882347486462,2.595387723038941
SIRT2,0.005321722302854378,0.007855459544383346,33,20,0.002533737241528968,0.47611226165821613
SIRT6,0.00306402193194646,0.01767478397486253,19,45,0.01461076204291607,4.76849133832224
SIT1,0.002580228995323335,0.003534956794972506,16,9,0.0009547277996491709,0.3700166928515318
SKAP2,0.005644250927269795,0.007462686567164179,35,19,0.0018184356398943842,0.3221748400852879
SKI,0.006289308176100629,0.02474469756480754,39,63,0.01845538938870691,2.9344069128043984
SKIC3,0.0,0.0,0,0,0.0,
SKIL,0.0075794226737622965,0.012961508248232521,47,33,0.005382085574470225,0.7100917584529758
SKP1,0.0017739074342847927,0.003142183817753339,11,8,0.001368276383468546,0.7713347139898595
SKP2,0.004676665054023544,0.010997643362136685,29,28,0.006320978308113141,1.3515995340899858
SLA,0.005805515239477504,0.010604870384917517,36,27,0.004799355145440013,0.8266889238020423
SLAMF1,0.007901951298177712,0.022388059701492536,49,57,0.014486108403314824,1.8332318001827599
SLAMF7,0.0059667795516852125,0.009426551453260016,37,24,0.003459771901574804,0.5798390692341988
SLBP,0.0016126431220770843,0.004713275726630008,10,12,0.003100632604552924,1.9227022780832683
SLC10A3,0.00612804386389292,0.014532600157109192,38,37,0.008404556293216271,1.3714908835324762
SLC11A2,0.005805515239477504,0.014925373134328358,36,38,0.009119857894850855,1.5708955223880599
SLC12A2,0.011449766166747298,0.030243519245875882,71,77,0.018793753079128582,1.6414093358264275
SLC12A3,0.017094017094017096,0.03574234092694423,106,91,0.01864832383292713,1.090926944226237
SLC12A4,0.011449766166747298,0.028672427336999214,71,73,0.017222661170251917,1.504193266432847
SLC16A1,0.00725689404934688,0.01610369206598586,45,41,0.008846798016638978,1.2190887666928512
SLC16A3,0.004676665054023544,0.014925373134328358,29,38,0.010248708080304814,2.191456510550695
SLC16A6,0.0075794226737622965,0.019638648860958365,47,50,0.012059226187196069,1.5910481188681451
SLC16A7,0.010804708917916465,0.0204241948153967,67,52,0.009619485897480236,0.890304955974253
SLC19A1,0.006611836800516046,0.029065200314218383,41,74,0.022453363513702338,3.395934320694346
SLC19A2,0.005321722302854378,0.010604870384917517,33,27,0.005283148082063139,0.9927515532385918
SLC1A1,0.005644250927269795,0.014925373134328358,35,38,0.009281122207058564,1.644349680170576
SLC1A2,0.008385744234800839,0.013747054202670856,52,35,0.005361309967870017,0.6393362136684995
SLC1A4,0.004515400741815836,0.014532600157109192,28,37,0.010017199415293356,2.2184519133655036
SLC1A5,0.005644250927269795,0.018067556952081697,35,46,0.012423306024811901,2.2010548759959603
SLC20A1,0.007418158361554588,0.015318146111547526,46,39,0.007899987749992938,1.064952696471874
SLC22A1,0.006934365424931463,0.015710919088766692,43,40,0.00877655366383523,1.2656606806847035
SLC22A12,0.010643444605708756,0.02356637863315004,66,60,0.012922934027441282,1.214168392487324
SLC22A18,0.004515400741815836,0.02356637863315004,28,60,0.0190509778913342,4.219111210862978
SLC22A4,0.007095629737139171,0.018067556952081697,44,46,0.010971927214942525,1.5462936513604226
SLC22A5,0.00516045799064667,0.012175962293794187,32,31,0.007015504303147517,1.3594731932443047
SLC23A1,0.0075794226737622965,0.01610369206598586,47,41,0.008524269392223562,1.124659457471879
SLC23A2,0.01128850185453959,0.04399057344854674,70,112,0.03270207159400715,2.8969363707776905
SLC24A3,0.014997581035316884,0.03181461115475255,93,81,0.016817030119435666,1.1213161695765652
SLC25A1,0.002257700370907918,0.011390416339355853,14,29,0.009132715968447934,4.045140837167546
SLC25A10,0.002580228995323335,0.012961508248232521,16,33,0.010381279252909187,4.023394540455617
SLC25A11,0.0043541364296081275,0.007069913589945012,27,18,0.0027157771603368843,0.6237234878240379
SLC25A12,0.009353330108047089,0.016496465043205028,58,42,0.00714313493515794,0.7636996505674895
SLC25A13,0.010643444605708756,0.018460329929300863,66,47,0.007816885323592107,0.7344319074484039
SLC25A17,0.0041928721174004195,0.008248232521602514,26,21,0.004055360404202095,0.9672034564021995
SLC25A19,0.0041928721174004195,0.007855459544383346,26,20,0.0036625874269829266,0.873527101335428
SLC25A20,0.003709079180777294,0.005106048703849175,23,13,0.0013969695230718815,0.37663513098124946
SLC25A23,0.007095629737139171,0.012175962293794187,44,31,0.005080332556655016,0.7159805041776763
SLC25A28,0.004031607805192711,0.022780832678711706,25,58,0.018749224873518995,4.6505577376276515
SLC25A3,0.004837929366231253,0.006677140612725845,30,17,0.0018392112464945915,0.38016496465043204
SLC25A37,0.005482986615062087,0.011390416339355853,34,29,0.005907429724293766,1.0774109329513424
SLC25A38,0.004031607805192711,0.009819324430479183,25,25,0.005787716625286472,1.4355852317360567
SLC25A4,0.00306402193194646,0.008248232521602514,19,21,0.005184210589656054,1.6919626245503785
SLC25A5,0.0041928721174004195,0.00864100549882168,26,22,0.004448133381421261,1.0608798114689706
SLC25A6,0.005321722302854378,0.016496465043205028,33,42,0.01117474274035065,2.099835749482254
SLC26A2,0.0077406869859700045,0.016889238020424194,48,43,0.00914855103445419,1.1818784367635509
SLC27A1,0.008385744234800839,0.018067556952081697,52,46,0.009681812717280858,1.1545561665357422
SLC27A2,0.009675858732462506,0.016496465043205028,60,42,0.006820606310742522,0.7049096622152397
SLC27A5,0.009998387356877922,0.020816967792615867,62,53,0.010818580435737945,1.082032536806629
SLC28A2,0.0077406869859700045,0.012961508248232521,48,33,0.005220821262262517,0.6744648468185389
SLC29A1,0.006289308176100629,0.013747054202670856,39,35,0.007457746026570226,1.1857816182246659
SLC29A2,0.005321722302854378,0.009819324430479183,33,25,0.004497602127624805,0.8451403270727702
SLC29A3,0.008547008547008548,0.01767478397486253,53,45,0.009127775427853983,1.0679497250589158
SLC2A1,0.006611836800516046,0.014139827179890024,41,36,0.007527990379373978,1.138562642499952
SLC2A2,0.008708272859216255,0.014925373134328358,54,38,0.006217100275112103,0.7139303482587065
SLC2A3,0.010482180293501049,0.02513747054202671,65,64,0.014655290248525661,1.398114689709348
SLC2A4,0.007418158361554588,0.015318146111547526,46,39,0.007899987749992938,1.064952696471874
SLC2A5,0.006450572488308337,0.01728201099764336,40,44,0.010831438509335024,1.6791437549096622
SLC2A6,0.005805515239477504,0.022780832678711706,36,58,0.0169753174392342,2.9239984289080914
SLC2A8,0.003709079180777294,0.01610369206598586,23,41,0.012394612885208565,3.3416954130947096
SLC30A1,0.0043541364296081275,0.009426551453260016,27,24,0.005072415023651889,1.1649646504320506
SLC30A10,0.005644250927269795,0.018460329929300863,35,47,0.012816079002031067,2.2706430254741328
SLC30A3,0.007095629737139171,0.012961508248232521,44,33,0.0058658785110933505,0.8266889238020424
SLC30A5,0.00725689404934688,0.016496465043205028,45,42,0.009239570993858148,1.2732128829536526
SLC31A1,0.0016126431220770843,0.002356637863315004,10,6,0.0007439947412379198,0.46135113904163405
SLC31A2,0.0009675858732462506,0.007069913589945012,6,18,0.006102327716698761,6.30675569520817
SLC34A3,0.005644250927269795,0.0204241948153967,35,52,0.014779943888126906,2.6185837728649983
SLC35A3,0.0035478148685695854,0.007069913589945012,22,18,0.0035220987213754264,0.9927515532385918
SLC35B1,0.0043541364296081275,0.00864100549882168,27,22,0.004286869069213553,0.9845509295627127
SLC35B2,0.006611836800516046,0.018067556952081697,41,46,0.011455720151565651,1.732607820972161
SLC35D1,0.004837929366231253,0.00589159465828751,30,15,0.0010536652920562564,0.2177926158680282
SLC37A1,0.006289308176100629,0.015710919088766692,39,40,0.009421610912666063,1.498036135113904
SLC37A4,0.0017739074342847927,0.007462686567164179,11,19,0.005688779132879386,3.206919945725916
SLC38A1,0.010482180293501049,0.016496465043205028,65,42,0.006014284749703979,0.5737627651217596
SLC38A2,0.006289308176100629,0.00864100549882168,39,22,0.002351697322721051,0.3739198743126471
SLC38A3,0.0,0.01021209740769835,0,26,0.01021209740769835,
SLC39A6,0.009353330108047089,0.016889238020424194,58,43,0.007535907912377106,0.8056924993905248
SLC39A8,0.00516045799064667,0.012568735271013355,32,32,0.007408277280366685,1.4355852317360567
SLC3A2,0.004837929366231253,0.022780832678711706,30,58,0.017942903312480454,3.70879811468971
SLC46A3,0.008385744234800839,0.015318146111547526,52,39,0.006932401876746687,0.8266889238020424
SLC4A1,0.015481373971940009,0.03338570306362922,96,85,0.017904329091689215,1.1565077572663003
SLC4A4,0.018384131591678763,0.03338570306362922,114,85,0.01500157147195046,0.8160065324347788
SLC5A5,0.01128850185453959,0.018460329929300863,70,47,0.0071718280747612734,0.6353215127370666
SLC5A6,0.010159651669085631,0.01610369206598586,63,41,0.005944040396900227,0.5850634047806081
SLC66A2,0.0,0.007462686567164179,0,19,0.007462686567164179,
SLC66A3,0.0,0.003927729772191673,0,10,0.003927729772191673,
SLC6A12,0.009192065795839382,0.0204241948153967,57,52,0.01123212901955732,1.2219374043907882
SLC6A14,0.010965973230124174,0.014532600157109192,68,37,0.003566626926985018,0.3252449055034426
SLC6A3,0.016771488469601678,0.031421838177533384,104,80,0.014650349707931706,0.873527101335428
SLC6A6,0.008869537171423964,0.015318146111547526,55,39,0.006448608940123562,0.7270513461401129
SLC6A8,0.006611836800516046,0.012568735271013355,41,32,0.005956898470497309,0.9009445711110686
SLC6A9,0.010965973230124174,0.021602513747054203,68,55,0.01063654051693003,0.9699586433159282
SLC7A1,0.010159651669085631,0.014925373134328358,63,38,0.004765721465242727,0.4690831556503198
SLC7A11,0.005321722302854378,0.012961508248232521,33,33,0.0076397859453781435,1.4355852317360567
SLC7A2,0.011933559103370425,0.020031421838177535,74,51,0.00809786273480711,0.6785790110613363
SLC7A5,0.005805515239477504,0.010997643362136685,36,28,0.005192128122659181,0.894344069128044
SLCO1A2,0.012578616352201259,0.0192458758837392,78,49,0.00666725953153794,0.5300471327572662
SLCO2A1,0.012578616352201259,0.023173605655930872,78,59,0.010594989303729613,0.8423016496465042
SLIT1,0.019996774713755845,0.03456402199528672,124,88,0.014567247281530877,0.7284798418772014
SLIT2,0.03692952749556523,0.05498821681068342,229,140,0.01805868931511819,0.48900407180370264
SLIT3,0.02999516207063377,0.05341712490180676,186,136,0.02342196283117299,0.7808580189037834
SLN,0.0004837929366231253,0.0,3,0,-0.0004837929366231253,-1.0
SLPI,0.0024189646831156266,0.003534956794972506,15,9,0.0011159921118568793,0.4613511390416339
SMAD1,0.004999193678438961,0.007855459544383346,31,20,0.002856265865944385,0.5713453107974559
SMAD2,0.009837123044670215,0.020031421838177535,61,51,0.01019429879350732,1.0363089642383423
SMAD3,0.008869537171423964,0.023173605655930872,55,59,0.014304068484506908,1.6127187031350425
SMAD5,0.003709079180777294,0.008248232521602514,23,21,0.00453915334082522,1.2237952115850952
SMAD6,0.0035478148685695854,0.018067556952081697,22,46,0.01451974208351211,4.092587302720846
SMAD7,0.004676665054023544,0.0192458758837392,29,49,0.014569210829715655,3.1152991846574754
SMARCC1,0.009353330108047089,0.02356637863315004,58,60,0.01421304852510295,1.5195709293821276
SMC1A,0.012901144976616674,0.02788688138256088,80,71,0.014985736405944207,1.1615818931657502
SMC2,0.012578616352201259,0.022780832678711706,78,58,0.010202216326510447,0.8110761979575805
SMC3,0.012739880664408966,0.02356637863315004,79,60,0.010826497968741073,0.8498115684071316
SMC4,0.01644895984518626,0.02474469756480754,102,63,0.00829573771962128,0.5043320548957996
SMC6,0.01032091598129334,0.03534956794972506,64,90,0.025028651968431723,2.42504173212883
SMOX,0.009192065795839382,0.022388059701492536,57,57,0.013195993905653155,1.4355852317360562
SMPDL3A,0.004676665054023544,0.009426551453260016,29,24,0.004749886399236472,1.0156567435057022
SMPX,0.0009675858732462506,0.0027494108405341712,6,7,0.0017818249672879208,1.8415161036920662
SMS,0.005321722302854378,0.01021209740769835,33,26,0.004890375104843973,0.9189459401556811
SMTN,0.011611030478955007,0.034956794972505895,72,89,0.023345764493550886,2.01065396700707
SMURF1,0.006773101112723754,0.016496465043205028,42,42,0.009723363930481274,1.4355852317360567
SMURF2,0.007901951298177712,0.02356637863315004,49,60,0.015664427334972326,1.9823492633502735
SNAI2,0.007418158361554588,0.012961508248232521,46,33,0.005543349886677934,0.747267666245432
SNAP23,0.0020964360587002098,0.00589159465828751,13,15,0.0037951585995873,1.8102906520031419
SNAP25,0.005482986615062087,0.012568735271013355,34,32,0.007085748655951268,1.292315512222171
SNAP91,0.01564263828414772,0.02945797329143755,97,75,0.01381533500728983,0.8831844575278787
SNAPC4,0.012901144976616674,0.040455616653574236,80,103,0.027554471676957563,2.135815985860173
SNAPC5,0.0004837929366231253,0.0019638648860958365,3,5,0.0014800719494727113,3.0593087195600943
SNCA,0.0024189646831156266,0.003927729772191673,15,10,0.0015087650890760465,0.6237234878240376
SNCB,0.0024189646831156266,0.00432050274941084,15,11,0.0019015380662952136,0.7860958366064413
SNCG,0.0017739074342847927,0.003927729772191673,11,10,0.00215382233790688,1.2141683924873239
SNN,0.0009675858732462506,0.0054988216810683424,6,14,0.004531235807822092,4.683032207384132
SNRPA,0.003386550556361877,0.010604870384917517,21,27,0.00721831982855564,2.131466726517787
SNRPA1,0.0024189646831156266,0.002356637863315004,15,6,-6.232681980062249e-05,-0.025765907305577335
SNRPB,0.004837929366231253,0.00864100549882168,30,22,0.003803076132590427,0.7860958366064413
SNRPB2,0.0024189646831156266,0.003927729772191673,15,10,0.0015087650890760465,0.6237234878240376
SNRPD1,0.0012901144976616675,0.002356637863315004,8,6,0.0010665233656533366,0.8266889238020425
SNRPD2,0.00306402193194646,0.003534956794972506,19,9,0.0004709348630260457,0.15369826766444786
SNRPD3,0.0020964360587002098,0.005106048703849175,13,13,0.0030096126451489656,1.4355852317360565
SNRPG,0.0006450572488308337,0.004713275726630008,4,12,0.0040682184777991745,6.30675569520817
SNTB1,0.00725689404934688,0.015318146111547526,45,39,0.008061252062200645,1.1108405341712488
SNX10,0.002257700370907918,0.01021209740769835,14,26,0.007954397036790432,3.523229716081248
SNX14,0.008063215610385421,0.01767478397486253,50,45,0.009611568364477109,1.1920267085624512
SNX2,0.0032252862441541686,0.010997643362136685,20,28,0.007772357117982517,2.4098193244304795
SNX24,0.0024189646831156266,0.00589159465828751,15,15,0.003472629975171883,1.4355852317360565
SNX9,0.0077406869859700045,0.013747054202670856,48,35,0.006006367216700851,0.7759475648075412
SOAT2,0.007901951298177712,0.016496465043205028,49,42,0.008594513745027316,1.0876444843451916
SOCS1,0.0012901144976616675,0.005106048703849175,8,13,0.003815934206187508,2.957826001571092
SOCS2,0.0038703434929850023,0.0054988216810683424,24,14,0.0016284781880833402,0.42075805184603304
SOCS3,0.0032252862441541686,0.008248232521602514,20,21,0.005022946277448346,1.5573644933228596
SOCS5,0.008385744234800839,0.012568735271013355,52,32,0.004182991036212516,0.4988216810683425
SOD1,0.001128850185453959,0.0019638648860958365,7,5,0.0008350147006418774,0.739703736954326
SOD2,0.002580228995323335,0.006284367635506678,16,16,0.0037041386401833426,1.4355852317360567
SOD3,0.0019351717464925011,0.012175962293794187,12,31,0.010240790547301686,5.291928515318147
SORBS1,0.015965166908563134,0.03731343283582089,99,95,0.02134826592725776,1.3371777476255087
SORBS2,0.017094017094017096,0.04399057344854674,106,112,0.026896556354529644,1.573448546739984
SORBS3,0.006450572488308337,0.01767478397486253,40,45,0.011224211486554194,1.7400333857030639
SORD,0.0035478148685695854,0.01178318931657502,22,30,0.008235374448005433,2.321252588730986
SOS1,0.017094017094017096,0.025530243519245877,106,65,0.00843622642522878,0.49351924587588364
SOWAHC,0.00725689404934688,0.015710919088766692,45,40,0.008454025039419812,1.16496465043205
SOX10,0.00725689404934688,0.025530243519245877,45,65,0.018273349469898996,2.5180675569520816
SOX3,0.0077406869859700045,0.025530243519245877,48,65,0.017789556533275873,2.298188334642577
SOX9,0.007901951298177712,0.05734485467399843,49,146,0.04944290337582072,6.257049874152333
SP1,0.009514594420254797,0.015710919088766692,59,40,0.006196324668511895,0.651244224905801
SP110,0.009030801483631673,0.020031421838177535,56,51,0.011000620354545862,1.218122264616766
SPAG4,0.0059667795516852125,0.020031421838177535,37,51,0.014064642286492322,2.3571580221226727
SPAG5,0.01241735203999355,0.015318146111547526,77,39,0.0029007940715539762,0.23360810438579488
SPARC,0.00516045799064667,0.015710919088766692,32,40,0.010550461098120023,2.0444815396700706
SPARCL1,0.008708272859216255,0.01767478397486253,54,45,0.008966511115646275,1.0296543597800474
SPATA6,0.006934365424931463,0.014532600157109192,43,37,0.007598234732177729,1.095736129633351
SPC24,0.001128850185453959,0.00432050274941084,7,11,0.003191652563956881,2.8273482212995167
SPC25,0.0027414933075310434,0.004713275726630008,17,12,0.0019717824190989648,0.7192366341666283
SPCS1,0.0009675858732462506,0.005106048703849175,6,13,0.004138462830602925,4.277101335428123
SPCS3,0.002902757619738752,0.00589159465828751,18,15,0.0029888370385487578,1.0296543597800472
SPDEF,0.00516045799064667,0.015710919088766692,32,40,0.010550461098120023,2.0444815396700706
SPEG,0.03902596355426544,0.09347996857816182,242,238,0.05445400502389638,1.3953276245999233
SPHK1,0.0035478148685695854,0.014532600157109192,22,37,0.010984785288539606,3.0962115261015497
SPHK2,0.00822447992259313,0.016889238020424194,51,43,0.008664758097831064,1.0535326463656947
SPI1,0.003709079180777294,0.009819324430479183,23,25,0.006110245249701889,1.647375251887018
SPINT2,0.0038703434929850023,0.012175962293794187,24,31,0.008305618800809185,2.1459642576590734
SPOCK1,0.009837123044670215,0.018853102906520033,61,48,0.009015979861849818,0.9165260839890281
SPOCK2,0.004676665054023544,0.016889238020424194,29,43,0.01221257296640065,2.6113849987810496
SPON1,0.0,0.0192458758837392,0,49,0.0192458758837392,
SPOP,0.011127237542331882,0.014139827179890024,69,36,0.0030125896375581412,0.2707401209057686
SPP1,0.004837929366231253,0.012175962293794187,30,31,0.007338032927562934,1.5167714061272584
SPPL2A,0.004999193678438961,0.00864100549882168,31,22,0.0036418118203827192,0.7284798418772014
SPR,0.002580228995323335,0.00589159465828751,16,15,0.0033113656629641746,1.283361154752553
SPRED2,0.009192065795839382,0.016889238020424194,57,43,0.007697172224584813,0.8373713151693056
SPRR3,0.005805515239477504,0.014532600157109192,36,37,0.008727084917631689,1.5032403770620584
SPRY2,0.0035478148685695854,0.009819324430479183,22,25,0.006271509561909597,1.767710490609155
SPRY4,0.0041928721174004195,0.014532600157109192,26,37,0.010339728039708772,2.466025137470542
SPSB1,0.0041928721174004195,0.01335428122545169,26,34,0.00916140910805127,2.184996072270228
SPTA1,0.07434284792775359,0.09426551453260015,461,240,0.019922666604846567,0.26798363474328324
SPTAN1,0.028543783260764392,0.044383346425765906,177,113,0.015839563165001513,0.5549216451196293
SPTB,0.03322044831478794,0.06323644933228594,206,161,0.030016001017497997,0.9035399141238111
SPTBN1,0.026124818577648767,0.049096622152395915,162,125,0.022971803574747148,0.8793095923889325
SPTBN2,0.02467343976777939,0.05538098978790259,153,141,0.0307075500201232,1.2445589390508756
SQLE,0.004837929366231253,0.01178318931657502,30,30,0.006945259950343766,1.4355852317360565
SQOR,0.0,0.00589159465828751,0,15,0.00589159465828751,
SQSTM1,0.005644250927269795,0.016496465043205028,35,42,0.010852214115935233,1.922702278083268
SRC,0.006289308176100629,0.01728201099764336,39,44,0.010992702821542731,1.7478397486252941
SRD5A1,0.004999193678438961,0.014139827179890024,31,36,0.009140633501451063,1.828421559435421
SRD5A3,0.004515400741815836,0.008248232521602514,28,21,0.0037328317797866778,0.8266889238020424
SREBF2,0.014029995162070633,0.02199528672427337,87,56,0.007965291562202737,0.5677330227266572
SRF,0.0038703434929850023,0.012568735271013355,24,32,0.008698391778028353,2.2474469756480757
SRGN,0.0017739074342847927,0.0054988216810683424,11,14,0.0037249142467835495,2.0998357494822537
SRI,0.0017739074342847927,0.005106048703849175,11,13,0.0033321412695643824,1.8784189102335214
SRM,0.003709079180777294,0.023173605655930872,23,59,0.01946452647515358,5.247805594453363
SRP14,0.0004837929366231253,0.011390416339355853,3,29,0.010906623402732728,22.54399057344855
SRP19,0.0020964360587002098,0.006284367635506678,13,16,0.004187931576806468,1.9976433621366851
SRP9,0.001128850185453959,0.0015710919088766694,7,4,0.0004422417234227103,0.39176298956346095
SRPK1,0.008063215610385421,0.012568735271013355,50,32,0.004505519660627934,0.5587745483110764
SRPRA,0.0,0.023173605655930872,0,59,0.023173605655930872,
SRPRB,0.002580228995323335,0.009033778476040848,16,23,0.006453549480717514,2.5011537706205815
SRPX,0.0077406869859700045,0.014139827179890024,48,36,0.006399140193920019,0.8266889238020425
SRSF1,0.004999193678438961,0.009033778476040848,31,23,0.004034584797601887,0.8070471074170743
SRSF10,0.00016126431220770844,0.00432050274941084,1,11,0.004159238437203131,25.791437549096617
SRSF2,0.003709079180777294,0.00589159465828751,23,15,0.0021825154775102157,0.5884251511322108
SRSF3,0.002257700370907918,0.005106048703849175,14,13,0.002848348332941257,1.261614858040624
SRSF6,0.005805515239477504,0.014925373134328358,36,38,0.009119857894850855,1.5708955223880599
SRSF7,0.0032252862441541686,0.00589159465828751,20,15,0.002666308414133341,0.8266889238020424
SRXN1,0.0019351717464925011,0.006284367635506678,12,16,0.004349195889014177,2.2474469756480757
SS18,0.005321722302854378,0.010997643362136685,33,28,0.005675921059282307,1.0665571663215028
SSB,0.002902757619738752,0.009819324430479183,18,25,0.00691656681074043,2.3827572663000782
SSBP1,0.002580228995323335,0.00589159465828751,16,15,0.0033113656629641746,1.283361154752553
SSH2,0.016126431220770843,0.029850746268656716,100,76,0.013724315047885873,0.851044776119403
SSPN,0.002257700370907918,0.008248232521602514,14,21,0.0059905321506945955,2.6533778476040846
SSR1,0.002257700370907918,0.006284367635506678,14,16,0.004026667264598759,1.7835259791269216
SSR3,0.0012901144976616675,0.01021209740769835,8,26,0.008921982910036683,6.915652003142184
SSRP1,0.008547008547008548,0.014925373134328358,53,38,0.00637836458731981,0.7462686567164177
SST,0.0020964360587002098,0.007855459544383346,13,20,0.005759023485683136,2.747054202670856
SSTR4,0.014191259474278342,0.029850746268656716,88,76,0.015659486794378376,1.1034599728629582
ST14,0.010643444605708756,0.024351924587588374,66,62,0.013708479981879618,1.2879740055702351
ST3GAL4,0.0043541364296081275,0.01178318931657502,27,30,0.007429052886966892,1.7062058130400628
ST3GAL5,0.004676665054023544,0.00864100549882168,29,22,0.003964340444798136,0.8476853482135601
ST3GAL6,0.004999193678438961,0.015710919088766692,31,40,0.010711725410327732,2.142690621594912
ST6GAL1,0.005321722302854378,0.012961508248232521,33,33,0.0076397859453781435,1.4355852317360567
ST6GALNAC2,0.0038703434929850023,0.012961508248232521,24,33,0.00909116475524752,2.348929693637078
ST8SIA4,0.008708272859216255,0.014139827179890024,54,36,0.005431554320673769,0.6237234878240379
STAB1,0.028382518948556684,0.07344854673998429,176,187,0.0450660277914276,1.58780930871956
STAG1,0.017739074342847928,0.02631578947368421,110,67,0.008576715130836281,0.4834928229665071
STAG3,0.013546202225447508,0.031029065200314218,84,79,0.01748286297486671,1.290609920323196
STAM,0.007095629737139171,0.012175962293794187,44,31,0.005080332556655016,0.7159805041776763
STAM2,0.004999193678438961,0.008248232521602514,31,21,0.003249038843163553,0.6499125763373288
STARD3,0.004999193678438961,0.012568735271013355,31,32,0.007569541592574394,1.5141524972759297
STARD4,0.005321722302854378,0.007069913589945012,33,18,0.0017481912870906339,0.32850103549239457
STARD7,0.002902757619738752,0.010604870384917517,18,27,0.007702112765178765,2.6533778476040846
STAT1,0.011772294791162716,0.022780832678711706,73,58,0.01100853788754899,0.935122512886182
STAT2,0.010804708917916465,0.01610369206598586,67,41,0.005298983148069394,0.49043275374893003
STAT3,0.010804708917916465,0.01767478397486253,67,45,0.006870075056946066,0.6358408272854112
STAT4,0.011933559103370425,0.0192458758837392,74,49,0.007312316780368774,0.6127523831765779
STAT5A,0.004999193678438961,0.019638648860958365,31,50,0.014639455182519405,2.92836327699364
STAU1,0.008869537171423964,0.014925373134328358,55,38,0.006055835962904394,0.6827679782903663
STBD1,0.0,0.003927729772191673,0,10,0.003927729772191673,
STC1,0.0075794226737622965,0.01021209740769835,47,26,0.002632674733936054,0.34734502181143556
STC2,0.0075794226737622965,0.014532600157109192,47,37,0.006953177483346895,0.9173756079624276
STEAP3,0.010482180293501049,0.015318146111547526,65,39,0.004835965818046477,0.4613511390416339
STEAP4,0.009514594420254797,0.014925373134328358,59,38,0.0054107787140735605,0.568682013660511
STIL,0.013546202225447508,0.025530243519245877,84,65,0.011984041293798368,0.8846790483671867
STIP1,0.00612804386389292,0.01021209740769835,38,26,0.00408405354380543,0.6664530532930913
STK25,0.0032252862441541686,0.013747054202670856,20,35,0.010521767958516687,3.262274155538099
STK38L,0.005644250927269795,0.008248232521602514,35,21,0.0026039815943327193,0.4613511390416341
STK39,0.005805515239477504,0.014139827179890024,36,36,0.00833431194041252,1.4355852317360565
STMN1,0.0017739074342847927,0.005106048703849175,11,13,0.0033321412695643824,1.8784189102335214
STOM,0.0017739074342847927,0.009033778476040848,11,23,0.007259871041756055,4.092587302720846
STRBP,0.006450572488308337,0.014139827179890024,40,36,0.007689254691581686,1.192026708562451
STRN,0.010965973230124174,0.012175962293794187,68,31,0.0012099890636700136,0.11034032623261403
STS,0.008708272859216255,0.018067556952081697,54,46,0.009359284092865442,1.0747577899973817
STX12,0.002580228995323335,0.00589159465828751,16,15,0.0033113656629641746,1.283361154752553
STX16,0.00516045799064667,0.015318146111547526,32,39,0.010157688120900857,1.968369501178319
STX3,0.004837929366231253,0.007855459544383346,30,20,0.003017530178152093,0.6237234878240376
STX4,0.0038703434929850023,0.00864100549882168,24,22,0.0047706620058366785,1.2326197957580518
STX5,0.004676665054023544,0.015318146111547526,29,39,0.010641481057523982,2.275442208196766
STX7,0.0024189646831156266,0.007069913589945012,15,18,0.004650948906829385,1.9227022780832679
STXBP1,0.008869537171423964,0.016496465043205028,55,42,0.007626927871781064,0.8599014496893523
SUCLA2,0.004031607805192711,0.010604870384917517,25,27,0.006573262579724806,1.630432050274941
SUCLG1,0.005805515239477504,0.00864100549882168,36,22,0.0028354902593441767,0.48841319717203446
SUCLG2,0.005482986615062087,0.01767478397486253,34,45,0.012191797359800444,2.2235686890624278
SULF2,0.01564263828414772,0.03181461115475255,97,81,0.01617197287060483,1.0338392141301087
SULT1A1,0.006934365424931463,0.01610369206598586,43,41,0.009169326641054396,1.322302197701821
SULT1B1,0.0077406869859700045,0.009426551453260016,48,24,0.0016858644672900118,0.21779261586802842
SULT2B1,0.004676665054023544,0.01610369206598586,29,41,0.011427027011962314,2.4434136034889073
SUN2,0.0075794226737622965,0.022388059701492536,47,57,0.01480863702773024,1.9537948555096853
SUPT4H1,0.0016126431220770843,0.0019638648860958365,10,5,0.0003512217640187522,0.21779261586802826
SUPT5H,0.015965166908563134,0.027101335428122545,99,69,0.011136168519559411,0.6975291009069486
SUPV3L1,0.008063215610385421,0.016889238020424194,50,43,0.008826022410038773,1.0946032992930086
SURF1,0.0012901144976616675,0.010604870384917517,8,27,0.00931475588725585,7.22010015710919
SUV39H1,0.004999193678438961,0.010604870384917517,31,27,0.005605676706478556,1.1213161695765654
SVIL,0.027092404450895016,0.08248232521602514,168,210,0.05538992076513012,2.0444815396700706
SWAP70,0.004837929366231253,0.018460329929300863,30,47,0.01362240056306961,2.8157501963864884
SYBU,0.010965973230124174,0.022780832678711706,68,58,0.011814859448587532,1.0774109329513424
SYCP1,0.016771488469601678,0.04399057344854674,104,112,0.02721908497894506,1.6229379418695993
SYK,0.009514594420254797,0.021602513747054203,59,55,0.012087919326799406,1.2704608092454766
SYMPK,0.014997581035316884,0.03456402199528672,93,88,0.019566440959969837,1.3046397891696018
SYNCRIP,0.009514594420254797,0.015710919088766692,59,40,0.006196324668511895,0.651244224905801
SYNE1,0.10353168843734882,0.1743912018853103,642,444,0.07085951344796147,0.6844234312940951
SYNGR1,0.0043541364296081275,0.006677140612725845,27,17,0.002323004183117717,0.5335166273893691
SYNGR2,0.0024189646831156266,0.01178318931657502,15,30,0.009364224633459393,3.8711704634721134
SYNJ1,0.018706660216094177,0.03220738413197172,116,82,0.01350072391587754,0.7217068017444537
SYNJ2,0.019190453152717304,0.04477611940298507,119,114,0.02558566625026777,1.3332497177975666
SYNPO,0.010643444605708756,0.03338570306362922,66,85,0.022742258457920467,2.1367385560237095
SYT11,0.00725689404934688,0.016496465043205028,45,42,0.009239570993858148,1.2732128829536526
SYT12,0.008547008547008548,0.018460329929300863,53,47,0.009913321382292315,1.1598586017282007
SYT13,0.0077406869859700045,0.00864100549882168,48,22,0.0009003185128516758,0.11630989787902588
SYTL2,0.014836316723109175,0.031421838177533384,92,80,0.01658552145442421,1.1179002015096144
TACC3,0.011127237542331882,0.021209740769835034,69,54,0.010082503227503151,0.9061101813586527
TACR1,0.007901951298177712,0.01610369206598586,49,41,0.008201740767808146,1.0379386632893535
TACR3,0.017094017094017096,0.02199528672427337,106,56,0.004901269630256274,0.286724273369992
TAF10,0.0020964360587002098,0.007855459544383346,13,20,0.005759023485683136,2.747054202670856
TAF12,0.0008063215610385422,0.003534956794972506,5,9,0.002728635233933964,3.384053417124902
TAF13,0.0012901144976616675,0.0054988216810683424,8,14,0.004208707183406675,3.262274155538099
TAF1C,0.009837123044670215,0.03809897879025923,61,97,0.028261855745589017,2.8729797947278275
TAF6,0.008063215610385421,0.018067556952081697,50,46,0.010004341341696275,1.2407384131971722
TAF9,0.002257700370907918,0.003534956794972506,14,9,0.0012772564240645877,0.5657333632588935
TAGLN,0.002580228995323335,0.007069913589945012,16,18,0.004489684594621677,1.7400333857030639
TAL1,0.005805515239477504,0.014532600157109192,36,37,0.008727084917631689,1.5032403770620584
TALDO1,0.0043541364296081275,0.007855459544383346,27,20,0.0035013231147752186,0.8041372086933752
TANK,0.005644250927269795,0.01178318931657502,35,30,0.006138938389305224,1.0876444843451913
TAOK2,0.015481373971940009,0.032992930086410056,96,84,0.01751155611447005,1.1311370777690497
TAP1,0.0075794226737622965,0.015710919088766692,47,40,0.008131496415004396,1.072838495094516
TAP2,0.005321722302854378,0.029850746268656716,33,76,0.024529023965802338,4.609226594301221
TAPBP,0.004837929366231253,0.009033778476040848,30,23,0.004195849109809595,0.8672820109976433
TARBP2,0.0,0.008248232521602514,0,21,0.008248232521602514,
TARDBP,0.004031607805192711,0.012175962293794187,25,31,0.008144354488601476,2.0201256873527105
TARP,0.0,0.028672427336999214,0,73,0.028672427336999214,
TARS1,0.0,0.020816967792615867,0,53,0.020816967792615867,
TAS2R4,0.005644250927269795,0.009033778476040848,35,23,0.0033895275487710536,0.6005274379979801
TAT,0.010159651669085631,0.011390416339355853,63,29,0.0012307646702702218,0.12114240825945469
TATDN2,0.009675858732462506,0.020031421838177535,60,51,0.010355563105715029,1.0702474469756482
TAX1BP3,0.0003225286244154169,0.0027494108405341712,2,7,0.0024268822161187544,7.524548311076198
TBC1D30,0.0006450572488308337,0.014532600157109192,4,37,0.013887542908278358,21.529163393558523
TBCD,0.013062409288824383,0.03574234092694423,81,91,0.022679931638119842,1.7362747665182856
TBK1,0.005805515239477504,0.0204241948153967,36,52,0.014618679575919197,2.5180675569520816
TBRG4,0.004999193678438961,0.01767478397486253,31,45,0.01267559029642357,2.5355269492942765
TCAP,0.001128850185453959,0.00432050274941084,7,11,0.003191652563956881,2.8273482212995167
TCEA1,0.0035478148685695854,0.007855459544383346,22,20,0.00430764467581376,1.2141683924873239
TCF19,0.002902757619738752,0.010604870384917517,18,27,0.007702112765178765,2.6533778476040846
TCF7,0.005321722302854378,0.01767478397486253,33,45,0.012353061672008152,2.3212525887309865
TCF7L1,0.006934365424931463,0.022780832678711706,43,58,0.015846467253780243,2.2852079869928206
TCF7L2,0.013223673601032092,0.07776904948939513,82,198,0.06454537588836304,4.881047266874868
TCHH,0.0343492985002419,0.2882953652788688,213,734,0.2539460667786269,7.39304957790735
TCIRG1,0.0077406869859700045,0.022388059701492536,48,57,0.014647372715522532,1.8922574626865671
TCL1A,0.003386550556361877,0.006284367635506678,21,16,0.0028978170791448005,0.8556839860846147
TCN2,0.006934365424931463,0.012961508248232521,43,33,0.0060271428233010585,0.8691700615648805
TCOF1,0.013223673601032092,0.04713275726630008,82,120,0.033909083665267986,2.5642710708332532
TCP1,0.0038703434929850023,0.012175962293794187,24,31,0.008305618800809185,2.1459642576590734
TCP11,0.008869537171423964,0.01728201099764336,55,44,0.008412473826219397,0.9484681853888451
TDO2,0.004999193678438961,0.015710919088766692,31,40,0.010711725410327732,2.142690621594912
TDRD7,0.009353330108047089,0.022388059701492536,58,57,0.013034729593445447,1.393592382913021
TEAD4,0.00822447992259313,0.016496465043205028,51,42,0.008271985120611898,1.0057760731943997
TEKT2,0.004515400741815836,0.01335428122545169,28,34,0.008838880483635854,1.9574963528223546
TENM2,0.04128366392517336,0.06559308719560095,256,167,0.024309423270427587,0.5888388035153183
TENT4A,0.0,0.01767478397486253,0,45,0.01767478397486253,
TENT5A,0.0,0.009819324430479183,0,25,0.009819324430479183,
TENT5C,0.0,0.009819324430479183,0,25,0.009819324430479183,
TES,0.005805515239477504,0.01021209740769835,36,26,0.004406582168220847,0.7590337784760409
TEX15,0.0345105628124496,0.05145326001571092,214,131,0.016942697203261317,0.49094236148328707
TF,0.015158845347524593,0.024351924587588374,94,62,0.009193079240063781,0.6064498336982501
TFAP2B,0.011933559103370425,0.031421838177533384,74,80,0.019488279074162958,1.633065115390331
TFAP2C,0.006934365424931463,0.020816967792615867,43,53,0.013882602367684405,2.002000401907232
TFB2M,0.0038703434929850023,0.014925373134328358,24,38,0.011055029641343356,2.8563432835820897
TFCP2L1,0.008385744234800839,0.018460329929300863,52,47,0.010074585694500024,1.2013943440691277
TFDP1,0.00822447992259313,0.013747054202670856,51,35,0.0055225742800777255,0.6714800609953329
TFDP2,0.005805515239477504,0.012175962293794187,36,31,0.0063704470543166835,1.0973095051060486
TFF1,0.002257700370907918,0.0027494108405341712,14,7,0.000491710469626253,0.21779261586802823
TFF2,0.001451378809869376,0.003927729772191673,9,10,0.002476350962322297,1.7062058130400626
TFF3,0.0009675858732462506,0.0015710919088766694,6,4,0.0006035060356304188,0.6237234878240379
TFPI,0.006289308176100629,0.01021209740769835,39,26,0.003922789231597721,0.6237234878240376
TFPI2,0.006289308176100629,0.016889238020424194,39,43,0.010599929844323565,1.6853888452474468
TFRC,0.0077406869859700045,0.015710919088766692,48,40,0.007970232102796689,1.0296543597800472
TG,0.046605386228027734,0.06637863315003928,289,169,0.019773246922011545,0.4242695645792166
TGFA,0.0019351717464925011,0.007462686567164179,12,19,0.005527514820671678,2.8563432835820897
TGFB1,0.002580228995323335,0.014925373134328358,16,38,0.012345144139005023,4.784514925373134
TGFB2,0.008708272859216255,0.014925373134328358,54,38,0.006217100275112103,0.7139303482587065
TGFB3,0.0041928721174004195,0.012568735271013355,26,32,0.008375863153612936,1.9976433621366851
TGFBI,0.010482180293501049,0.020816967792615867,65,53,0.010334787499114819,0.9859387274155537
TGFBR1,0.006934365424931463,0.014139827179890024,43,36,0.007205461754958561,1.0390946126162333
TGFBR2,0.015320109659732302,0.047918303220738416,95,122,0.032598193561006114,2.1278041923347253
TGFBR3,0.013707466537655217,0.02474469756480754,85,63,0.011037231027152324,0.8051984658749595
TGFBRAP1,0.012578616352201259,0.02945797329143755,78,75,0.01687935693923629,1.341908876669285
TGIF1,0.005321722302854378,0.0192458758837392,33,49,0.013924153580884821,2.6164750410626296
TGIF2,0.0043541364296081275,0.00589159465828751,27,15,0.001537458228679382,0.35310290652003146
TGM1,0.012901144976616674,0.022780832678711706,80,58,0.009879687702095031,0.7657992930086411
TGM2,0.012094823415578132,0.02199528672427337,75,56,0.009900463308695238,0.8185703063629223
TH,0.0077406869859700045,0.019638648860958365,48,50,0.011897961874988362,1.537067949725059
THBD,0.004676665054023544,0.02945797329143755,29,75,0.024781308237414007,5.298927323455319
THBS1,0.019351717464925013,0.028279654359780047,120,72,0.008927936894855035,0.4613511390416339
THBS2,0.022738268021286888,0.044383346425765906,141,113,0.021645078404479018,0.9519229162140028
THBS3,0.011611030478955007,0.01728201099764336,72,44,0.0056709805186883535,0.48841319717203446
THEG,0.009514594420254797,0.021209740769835034,59,54,0.011695146349580236,1.2291797036228314
THEM4,0.004515400741815836,0.004713275726630008,28,12,0.00019787498481417184,0.0438222421725957
THNSL2,0.006934365424931463,0.018460329929300863,43,47,0.0115259645043694,1.6621512998045267
THRB,0.007418158361554588,0.015318146111547526,46,39,0.007899987749992938,1.064952696471874
THSD4,0.015965166908563134,0.03220738413197172,99,82,0.016242217223408583,1.0173534242662285
THY1,0.002580228995323335,0.004713275726630008,16,12,0.002133046731306673,0.8266889238020425
TIAL1,0.00516045799064667,0.009033778476040848,32,23,0.0038733204853941784,0.7505768853102907
TIAM1,0.02967263344621835,0.0589159465828751,184,150,0.02924331313665675,0.9855314389152636
TIMELESS,0.01564263828414772,0.029850746268656716,97,76,0.014208107984508996,0.9082935836282503
TIMM10,0.0008063215610385422,0.0007855459544383347,5,2,-2.077560660020746e-05,-0.02576590730557729
TIMM13,0.0009675858732462506,0.003927729772191673,6,10,0.0029601438989454226,3.0593087195600943
TIMM17A,0.0020964360587002098,0.00589159465828751,13,15,0.0037951585995873,1.8102906520031419
TIMM50,0.004837929366231253,0.00864100549882168,30,22,0.003803076132590427,0.7860958366064413
TIMM8B,0.0009675858732462506,0.00039277297721916735,6,1,-0.0005748128960270832,-0.5940691280439905
TIMM9,0.0009675858732462506,0.0007855459544383347,6,2,-0.00018203991880791587,-0.18813825608798107
TIMP1,0.0012901144976616675,0.015710919088766692,8,40,0.014420804591105025,11.177926158680282
TIMP2,0.0024189646831156266,0.010604870384917517,15,27,0.008185905701801891,3.384053417124902
TIMP3,0.005482986615062087,0.013747054202670856,34,35,0.008264067587608769,1.5072200914929992
TIPARP,0.006289308176100629,0.009819324430479183,39,25,0.0035300162543785533,0.56127258444619
TIPIN,0.003386550556361877,0.007462686567164179,21,19,0.004076136010802302,1.2036247334754797
TJP1,0.020964360587002098,0.028279654359780047,130,72,0.00731529377277795,0.34893951296150816
TJP3,0.01241735203999355,0.028279654359780047,77,72,0.015862302319786498,1.2774303465583905
TK1,0.0016126431220770843,0.007462686567164179,10,19,0.005850043445087095,3.6276119402985074
TK2,0.00306402193194646,0.006677140612725845,19,17,0.0036131186807793845,1.1792078389217349
TKFC,0.0,0.015710919088766692,0,40,0.015710919088766692,
TKT,0.006450572488308337,0.010997643362136685,40,28,0.004547070873828348,0.7049096622152397
TKTL1,0.009514594420254797,0.01335428122545169,59,34,0.003839686805196892,0.40355759116993095
TLE1,0.009192065795839382,0.025923016496465043,57,66,0.016730950700625663,1.820151320957539
TLE3,0.008708272859216255,0.023959151610369208,54,61,0.015250878751152953,1.7513092432573976
TLE4,0.01435252378648605,0.02631578947368421,89,67,0.011963265687198158,0.8335304553518627
TLK1,0.008708272859216255,0.020031421838177535,54,51,0.01132314897896128,1.3002749410840537
TLR1,0.01128850185453959,0.022780832678711706,70,58,0.011492330824172116,1.0180563348670186
TLR2,0.01241735203999355,0.021602513747054203,77,55,0.009185161707060654,0.7397037369543261
TLR3,0.01225608772778584,0.025923016496465043,76,66,0.013666928768679202,1.1151134907181544
TLR6,0.008708272859216255,0.022780832678711706,54,58,0.01407255981949545,1.6159989526053944
TLR7,0.015803902596355425,0.018853102906520033,98,48,0.0030492003101646077,0.19293970534010954
TLR8,0.0172552814062248,0.02631578947368421,107,67,0.009060508067459408,0.5250860796851943
TLX1,0.0027414933075310434,0.012175962293794187,17,31,0.009434468986263144,3.441361304930456
TM4SF1,0.003709079180777294,0.005106048703849175,23,13,0.0013969695230718815,0.37663513098124946
TM7SF2,0.0075794226737622965,0.01335428122545169,47,34,0.005774858551689393,0.7619127208303388
TM7SF3,0.0077406869859700045,0.014532600157109192,48,37,0.006791913171139187,0.8774302827965438
TMBIM6,0.001451378809869376,0.006284367635506678,9,16,0.0048329888256373014,3.3299293008641007
TMCC2,0.009353330108047089,0.024351924587588374,58,62,0.014998594479541286,1.6035566270281987
TMED10,0.0032252862441541686,0.003927729772191673,20,10,0.0007024435280375044,0.21779261586802826
TMED2,0.002580228995323335,0.007069913589945012,16,18,0.004489684594621677,1.7400333857030639
TMEM100,0.003709079180777294,0.006284367635506678,23,16,0.0025752884547293837,0.6943201612076917
TMEM140,0.002580228995323335,0.009033778476040848,16,23,0.006453549480717514,2.5011537706205815
TMEM158,0.00016126431220770844,0.014139827179890024,1,36,0.013978562867682315,86.68106834249804
TMEM164,0.0041928721174004195,0.0054988216810683424,26,14,0.001305949563667923,0.3114689709347996
TMEM176A,0.00516045799064667,0.011390416339355853,32,29,0.006229958348709183,1.2072491162608012
TMEM176B,0.006289308176100629,0.014139827179890024,39,36,0.007850519003789394,1.2482325216025136
TMEM45A,0.002902757619738752,0.009426551453260016,18,24,0.006523793833521264,2.2474469756480757
TMEM50A,0.0027414933075310434,0.0054988216810683424,17,14,0.002757328373537299,1.0057760731943994
TMEM8B,0.005644250927269795,0.02670856245090338,35,68,0.021064311523633583,3.7319941645157675
TMEM97,0.0027414933075310434,0.010604870384917517,17,27,0.007863377077386473,2.868282426874913
TMEM9B,0.0008063215610385422,0.0054988216810683424,5,14,0.0046925001200298,5.819638648860958
TMPO,0.00516045799064667,0.0204241948153967,32,52,0.015263736824750032,2.957826001571092
TMPRSS2,0.006289308176100629,0.014925373134328358,39,38,0.008636064958227729,1.3731343283582087
TMPRSS3,0.00725689404934688,0.015710919088766692,45,40,0.008454025039419812,1.16496465043205
TMPRSS6,0.012901144976616674,0.02945797329143755,80,75,0.016556828314820873,1.283361154752553
TMX1,0.002902757619738752,0.007855459544383346,18,20,0.004952701924644594,1.7062058130400626
TNC,0.031446540880503145,0.06323644933228594,195,161,0.03178990845178279,1.0109190887666928
TNF,0.002257700370907918,0.007069913589945012,14,18,0.004812213219037093,2.131466726517787
TNFAIP2,0.004999193678438961,0.018460329929300863,31,47,0.013461136250861903,2.6926614803740216
TNFAIP3,0.010965973230124174,0.022388059701492536,68,57,0.011422086471368362,1.041593503072871
TNFAIP6,0.005644250927269795,0.012961508248232521,35,33,0.007317257320962727,1.2964089327797106
TNFAIP8,0.0027414933075310434,0.009819324430479183,17,25,0.007077831122948139,2.5817429878471416
TNFRSF11B,0.010482180293501049,0.01335428122545169,65,34,0.0028721009319506406,0.2739984289080911
TNFRSF12A,0.0008063215610385422,0.0027494108405341712,5,7,0.0019430892794956292,2.4098193244304795
TNFRSF18,0.0016126431220770843,0.012175962293794187,10,31,0.010563319171717102,6.550314218381775
TNFRSF1A,0.006934365424931463,0.014532600157109192,43,37,0.007598234732177729,1.095736129633351
TNFRSF1B,0.004837929366231253,0.014925373134328358,30,38,0.010087443768097105,2.0850746268656715
TNFRSF21,0.010804708917916465,0.016496465043205028,67,42,0.0056917561252885635,0.5267847721330505
TNFRSF4,0.003386550556361877,0.010997643362136685,21,28,0.007611092805774808,2.2474469756480753
TNFRSF8,0.010482180293501049,0.024351924587588374,65,62,0.013869744294087325,1.3231736056559307
TNFRSF9,0.004515400741815836,0.009033778476040848,28,23,0.004518377734225012,1.0006592974974748
TNFSF10,0.0059667795516852125,0.010604870384917517,37,27,0.004638090833232304,0.7773189528884734
TNFSF11,0.00516045799064667,0.012175962293794187,32,31,0.007015504303147517,1.3594731932443047
TNFSF15,0.005644250927269795,0.007069913589945012,35,18,0.001425662662675217,0.2525866906071149
TNFSF9,0.0035478148685695854,0.009819324430479183,22,25,0.006271509561909597,1.767710490609155
TNIP1,0.006289308176100629,0.04359780047132757,39,111,0.037308492295226946,5.932050274941084
TNIP2,0.005644250927269795,0.016889238020424194,35,43,0.011244987093154399,1.992290427561441
TNNC1,0.00306402193194646,0.0027494108405341712,19,7,-0.000314611091412289,-0.1026791251498739
TNNC2,0.002902757619738752,0.0027494108405341712,18,7,-0.00015334677920458058,-0.05282796543597801
TNNI1,0.0032252862441541686,0.001178318931657502,20,3,-0.002046967312496667,-0.6346622152395915
TNNI2,0.004031607805192711,0.007069913589945012,25,18,0.003038305784752301,0.7536213668499608
TNNI3,0.004031607805192711,0.0007855459544383347,25,2,-0.003246061850754376,-0.8051531814611155
TNNT1,0.0041928721174004195,0.012961508248232521,26,33,0.008768636130832102,2.091319717203456
TNNT2,0.0059667795516852125,0.010997643362136685,37,28,0.005030863810451472,0.8431455807732319
TNNT3,0.00516045799064667,0.012568735271013355,32,32,0.007408277280366685,1.4355852317360567
TNP1,0.0017739074342847927,0.003142183817753339,11,8,0.001368276383468546,0.7713347139898595
TNP2,0.004031607805192711,0.006677140612725845,25,17,0.002645532807533134,0.6561979575805186
TNPO2,0.010482180293501049,0.018067556952081697,65,46,0.007585376658580648,0.7236449332285938
TNRC6B,0.020158039025963553,0.0396700706991359,125,101,0.019512031673172343,0.9679528672427337
TNS1,0.025318497016610222,0.062058130400628436,157,158,0.036739633384018214,1.4510985134668597
TOB1,0.004515400741815836,0.012175962293794187,28,31,0.007660561551978351,1.6965407922792055
TOGARAM1,0.0,0.024351924587588374,0,62,0.024351924587588374,
TOM1L1,0.004837929366231253,0.009819324430479183,30,25,0.0049813950642479295,1.029654359780047
TOMM22,0.0019351717464925011,0.0019638648860958365,12,5,2.8693139603335393e-05,0.014827179890023565
TOMM40,0.0027414933075310434,0.01178318931657502,17,30,0.009041696009043976,3.29809158541657
TOMM70,0.0,0.014139827179890024,0,36,0.014139827179890024,
TOP1,0.010159651669085631,0.01767478397486253,63,45,0.007515132305776899,0.7397037369543262
TOP2A,0.01241735203999355,0.029065200314218383,77,74,0.016647848274224834,1.340692300629457
TOPBP1,0.01451378809869376,0.03220738413197172,90,82,0.017693596033277956,1.2190887666928512
TOR1AIP2,0.006934365424931463,0.009819324430479183,43,25,0.0028849590055477197,0.41603792542793977
TOR1B,0.002902757619738752,0.00864100549882168,18,22,0.005738247879082928,1.9768263943440687
TP53,0.28543783260764394,0.41280439905734484,1770,1051,0.1273665664497009,0.446214733646664
TP53INP1,0.003709079180777294,0.006677140612725845,23,17,0.002968061431948551,0.8002151712831723
TP53INP2,0.0020964360587002098,0.00589159465828751,13,15,0.0037951585995873,1.8102906520031419
TP63,0.02370585389453314,0.030243519245875882,147,77,0.006537665351342741,0.27578274043317236
TPBG,0.004031607805192711,0.01335428122545169,25,34,0.009322673420258979,2.312395915161037
TPD52,0.003386550556361877,0.007462686567164179,21,19,0.004076136010802302,1.2036247334754797
TPD52L1,0.0032252862441541686,0.0054988216810683424,20,14,0.002273535436914174,0.7049096622152397
TPH1,0.008547008547008548,0.012175962293794187,53,31,0.0036289537467856393,0.42458758837391974
TPI1,0.0027414933075310434,0.009426551453260016,17,24,0.006685058145728973,2.4384732683332566
TPM1,0.004031607805192711,0.007855459544383346,25,20,0.0038238517391906354,0.9484681853888453
TPM2,0.004515400741815836,0.009033778476040848,28,23,0.004518377734225012,1.0006592974974748
TPM3,0.0041928721174004195,0.007855459544383346,26,20,0.0036625874269829266,0.873527101335428
TPM4,0.002580228995323335,0.009819324430479183,16,25,0.007239095435155848,2.8056019245875885
TPRKB,0.001451378809869376,0.0054988216810683424,9,14,0.004047442871198966,2.788688138256088
TPSAB1,0.004837929366231253,0.0384917517674784,30,98,0.033653822401247147,6.956245090337785
TPST1,0.0043541364296081275,0.009033778476040848,27,23,0.004679642046432721,1.0747577899973817
TPST2,0.006450572488308337,0.014925373134328358,40,38,0.00847480064602002,1.3138059701492535
TPX2,0.009353330108047089,0.018067556952081697,58,46,0.008714226844034608,0.9316710458596311
TRA2B,0.00612804386389292,0.00864100549882168,38,22,0.00251296163492876,0.4100756604787695
TRAF1,0.005805515239477504,0.012175962293794187,36,31,0.0063704470543166835,1.0973095051060486
TRAF2,0.0059667795516852125,0.011390416339355853,37,29,0.00542363678767064,0.9089722086579902
TRAF4,0.0043541364296081275,0.007855459544383346,27,20,0.0035013231147752186,0.8041372086933752
TRAFD1,0.005805515239477504,0.014925373134328358,36,38,0.009119857894850855,1.5708955223880599
TRAIP,0.006289308176100629,0.006677140612725845,39,17,0.00038783243662521543,0.06166535742340925
TRAK2,0.009192065795839382,0.018067556952081697,57,46,0.008875491156242315,0.9655600115764665
TRAT1,0.008385744234800839,0.007069913589945012,52,18,-0.0013158306448558272,-0.1569128043990574
TRIAP1,0.0003225286244154169,0.0019638648860958365,2,5,0.0016413362616804197,5.088963079340141
TRIB1,0.004515400741815836,0.01610369206598586,28,41,0.011588291324170021,2.566392660756368
TRIB2,0.006611836800516046,0.016889238020424194,41,43,0.01027740121990815,1.5543942674304982
TRIB3,0.005805515239477504,0.014532600157109192,36,37,0.008727084917631689,1.5032403770620584
TRIM10,0.009998387356877922,0.015318146111547526,62,39,0.005319758754669604,0.5320616780275196
TRIM14,0.003709079180777294,0.012568735271013355,23,32,0.008859656090236062,2.388640322415384
TRIM21,0.007418158361554588,0.010604870384917517,46,27,0.003186712023362929,0.42958263601898966
TRIM25,0.007418158361554588,0.01767478397486253,46,45,0.010256625613307943,1.3826377266983165
TRIM26,0.006289308176100629,0.018067556952081697,39,46,0.011778248775981067,1.8727415553809896
TRIM28,0.009514594420254797,0.029850746268656716,59,76,0.02033615184840192,2.137364027321022
TRIM29,0.010804708917916465,0.01767478397486253,67,45,0.006870075056946066,0.6358408272854112
TRIM33,0.010159651669085631,0.031421838177533384,63,80,0.02126218650844775,2.0928066434743573
TRIM5,0.0077406869859700045,0.0204241948153967,48,52,0.012683507829426698,1.6385506677140615
TRIM58,0.016932752781809387,0.030636292223095052,105,78,0.013703539441285665,0.809291886432499
TRIO,0.03080148363167231,0.06991358994501179,191,178,0.03911210631333948,1.2698124149163252
TRIP10,0.008869537171423964,0.031421838177533384,55,80,0.022552301006109422,2.542669427979719
TRIP13,0.006289308176100629,0.009819324430479183,39,25,0.0035300162543785533,0.56127258444619
TRO,0.02144815352362522,0.0396700706991359,133,101,0.018221917175510676,0.8495797624461783
TROAP,0.009192065795839382,0.0204241948153967,57,52,0.01123212901955732,1.2219374043907882
TSC1,0.014997581035316884,0.02474469756480754,93,63,0.009747116529490656,0.6499125763373286
TSC2,0.01967424608934043,0.046347211311861744,122,118,0.026672965222521314,1.3557299782365135
TSC22D1,0.009675858732462506,0.023173605655930872,60,59,0.013497746923468366,1.3949921445404556
TSG101,0.005482986615062087,0.009819324430479183,34,25,0.004336337815417096,0.7908714939235709
TSHB,0.002902757619738752,0.006677140612725845,18,17,0.003774382992987093,1.3002749410840535
TSKU,0.0038703434929850023,0.01178318931657502,24,30,0.007912845823590017,2.0444815396700706
TSN,0.0024189646831156266,0.00432050274941084,15,11,0.0019015380662952136,0.7860958366064413
TSPAN1,0.002257700370907918,0.006284367635506678,14,16,0.004026667264598759,1.7835259791269216
TSPAN13,0.002257700370907918,0.011390416339355853,14,29,0.009132715968447934,4.045140837167546
TSPAN4,0.0017739074342847927,0.006677140612725845,11,17,0.004903233178441052,2.764086267228451
TSPAN5,0.004031607805192711,0.007069913589945012,25,18,0.003038305784752301,0.7536213668499608
TSPAN7,0.0035478148685695854,0.012175962293794187,22,31,0.008628147425224601,2.4319610083553527
TSPAN8,0.0059667795516852125,0.012175962293794187,37,31,0.006209182742108975,1.0406254644275068
TSPO,0.0006450572488308337,0.003927729772191673,4,10,0.0032826725233608394,5.088963079340141
TSPO2,0.0024189646831156266,0.006284367635506678,15,16,0.003865402952391051,1.5979575805184605
TSPYL2,0.0075794226737622965,0.015318146111547526,47,39,0.007738723437785229,1.0210175327171533
TSSK2,0.004837929366231253,0.014925373134328358,30,38,0.010087443768097105,2.0850746268656715
TST,0.004031607805192711,0.008248232521602514,25,21,0.004216624716409803,1.0458915946582876
TTC39A,0.006773101112723754,0.013747054202670856,42,35,0.006973953089947102,1.0296543597800472
TTC39B,0.007418158361554588,0.01767478397486253,46,45,0.010256625613307943,1.3826377266983165
TTK,0.011611030478955007,0.027101335428122545,72,69,0.015490304949167538,1.3341025137470541
TTPA,0.004515400741815836,0.01021209740769835,28,26,0.005696696665882514,1.261614858040624
TTR,0.0027414933075310434,0.003534956794972506,17,9,0.0007934634874414625,0.2894274756249711
TUBA3C,0.020964360587002098,0.034956794972505895,130,89,0.013992434385503797,0.6674391201885311
TUBA4A,0.006450572488308337,0.007462686567164179,40,19,0.0010121140788558417,0.15690298507462686
TUBB,0.004031607805192711,0.010604870384917517,25,27,0.006573262579724806,1.630432050274941
TUBB2A,0.004031607805192711,0.01178318931657502,25,30,0.0077515815113823085,1.9227022780832679
TUBB2B,0.004031607805192711,0.016889238020424194,25,43,0.012857630215231484,3.189206598586017
TUBD1,0.005321722302854378,0.010997643362136685,33,28,0.005675921059282307,1.0665571663215028
TUBG1,0.006289308176100629,0.01178318931657502,39,30,0.00549388114047439,0.873527101335428
TUBGCP2,0.012578616352201259,0.02513747054202671,78,64,0.012558854189825452,0.9984289080911234
TUBGCP3,0.010965973230124174,0.032992930086410056,68,84,0.022026956856285883,2.0086641097915994
TUBGCP5,0.012578616352201259,0.023959151610369208,78,61,0.01138053525816795,0.904752553024352
TUBGCP6,0.019351717464925013,0.13904163393558522,120,354,0.11968991647066021,6.184976433621366
TUFM,0.0008063215610385422,0.006284367635506678,5,16,0.005478046074468135,6.793872741555381
TULP2,0.0077406869859700045,0.021209740769835034,48,54,0.01346905378386503,1.7400333857030637
TWSG1,0.003709079180777294,0.003927729772191673,23,10,0.0002186505914143792,0.058950100754807194
TXN,0.001128850185453959,0.003534956794972506,7,9,0.0024061066095185466,2.131466726517787
TXNIP,0.006611836800516046,0.010997643362136685,41,28,0.004385806561620639,0.6633264997221848
TXNL4A,0.0016126431220770843,0.003534956794972506,10,9,0.0019223136728954216,1.192026708562451
TXNRD1,0.00822447992259313,0.005106048703849175,51,13,-0.003118431218743955,-0.379164548773162
TXNRD2,0.00725689404934688,0.011390416339355853,45,29,0.004133522290008973,0.5695993715632365
TYK2,0.017739074342847928,0.03181461115475255,110,81,0.014075536811904623,0.7934763979147325
TYMS,0.002257700370907918,0.00589159465828751,14,15,0.0036338942873795914,1.609555605431489
TYR,0.015320109659732302,0.02631578947368421,95,67,0.010995679813951907,0.7177285318559555
TYRO3,0.011127237542331882,0.021602513747054203,69,55,0.010475276204722321,0.9414085180504799
U2AF1,0.005321722302854378,0.003927729772191673,33,10,-0.001393992530662705,-0.2619438691708919
UAP1,0.0041928721174004195,0.009819324430479183,26,25,0.005626452313078763,1.3419088766692848
UBA2,0.0077406869859700045,0.016496465043205028,48,42,0.008755778057235025,1.1311370777690497
UBA7,0.00822447992259313,0.016496465043205028,51,42,0.008271985120611898,1.0057760731943997
UBAC1,0.004515400741815836,0.01335428122545169,28,34,0.008838880483635854,1.9574963528223546
UBC,0.011933559103370425,0.11861743912018853,74,302,0.10668388001681811,8.939820810598501
UBE2C,0.0024189646831156266,0.0027494108405341712,15,7,0.00033044615741854464,0.13660644147682635
UBE2D1,0.0020964360587002098,0.003534956794972506,13,9,0.0014385207362722962,0.6861743912018853
UBE2D3,0.00306402193194646,0.004713275726630008,19,12,0.001649253794683548,0.5382643568859306
UBE2E1,0.0020964360587002098,0.009033778476040848,13,23,0.006937342417340639,3.3091123330714844
UBE2I,0.0024189646831156266,0.0027494108405341712,15,7,0.00033044615741854464,0.13660644147682635
UBE2J1,0.004031607805192711,0.007855459544383346,25,20,0.0038238517391906354,0.9484681853888453
UBE2L3,0.001451378809869376,0.00432050274941084,9,11,0.002869123939541464,1.9768263943440687
UBE2L6,0.0027414933075310434,0.0027494108405341712,17,7,7.917533003127825e-06,0.0028880365971997437
UBE2N,0.0027414933075310434,0.004713275726630008,17,12,0.0019717824190989648,0.7192366341666283
UBE2S,0.002257700370907918,0.00864100549882168,14,22,0.006383305127913762,2.8273482212995167
UBE2T,0.0016126431220770843,0.006677140612725845,10,17,0.005064497490648761,3.1404948939512964
UBQLN1,0.006773101112723754,0.010604870384917517,42,27,0.003831769272193763,0.5657333632588935
UBR7,0.004031607805192711,0.010604870384917517,25,27,0.006573262579724806,1.630432050274941
UCHL5,0.00306402193194646,0.007069913589945012,19,18,0.004005891657998552,1.3073965353288957
UCK1,0.0035478148685695854,0.008248232521602514,22,21,0.004700417653032928,1.3248768121116905
UCK2,0.004676665054023544,0.006677140612725845,29,17,0.0020004755587023004,0.42775685998320573
UCP2,0.003709079180777294,0.007069913589945012,23,18,0.003360834409167718,0.9061101813586531
UFM1,0.0009675858732462506,0.0019638648860958365,6,5,0.000996279012849586,1.0296543597800472
UGCG,0.003709079180777294,0.01021209740769835,23,26,0.006503018226921057,1.753270261962499
UGDH,0.005482986615062087,0.014925373134328358,34,38,0.009442386519266271,1.7221246707638278
UGP2,0.006450572488308337,0.00864100549882168,40,22,0.002190433010513343,0.33957187745483103
UGT2B17,0.009192065795839382,0.006677140612725845,57,17,-0.002514925183113537,-0.27359738702608843
UMPS,0.00612804386389292,0.010604870384917517,38,27,0.0044768265210245965,0.7305474014966716
UNC119,0.0020964360587002098,0.006284367635506678,13,16,0.004187931576806468,1.9976433621366851
UNC13B,0.018222867279471054,0.06087981146897094,113,155,0.04265694418949988,2.340846999283971
UNC5C,0.01951298177713272,0.03731343283582089,121,95,0.01780045105868817,0.9122363389663252
UNG,0.0027414933075310434,0.009033778476040848,17,23,0.006292285168509805,2.2952035488193707
UPB1,0.006450572488308337,0.01021209740769835,40,26,0.0037615249193900134,0.5831304006284368
UPF1,0.015320109659732302,0.02474469756480754,95,63,0.009424587905075239,0.6151775747302268
UPF3B,0.008547008547008548,0.012961508248232521,53,33,0.0044144997012239735,0.5164964650432049
UPK3B,0.0038703434929850023,0.012568735271013355,24,32,0.008698391778028353,2.2474469756480757
UPP1,0.005321722302854378,0.007069913589945012,33,18,0.0017481912870906339,0.32850103549239457
UQCR10,0.001451378809869376,0.003142183817753339,9,8,0.0016908050078839629,1.1649646504320503
UQCR11,0.0008063215610385422,0.0027494108405341712,5,7,0.0019430892794956292,2.4098193244304795
UQCRB,0.0032252862441541686,0.006284367635506678,20,16,0.003059081391352509,0.9484681853888454
UQCRC1,0.003709079180777294,0.011390416339355853,23,29,0.007681337158578559,2.070955292188941
UQCRC2,0.004837929366231253,0.01021209740769835,30,26,0.0053741680414670975,1.110840534171249
UQCRFS1,0.006773101112723754,0.00864100549882168,42,22,0.0018679043860979263,0.2757827404331724
UQCRH,0.001128850185453959,0.0015710919088766694,7,4,0.0004422417234227103,0.39176298956346095
UQCRQ,0.0008063215610385422,0.0015710919088766694,5,4,0.0007647703478381272,0.9484681853888454
UROD,0.002257700370907918,0.007069913589945012,14,18,0.004812213219037093,2.131466726517787
UROS,0.003386550556361877,0.006284367635506678,21,16,0.0028978170791448005,0.8556839860846147
USH1C,0.010159651669085631,0.05145326001571092,63,131,0.041293608346625287,4.06447087868926
USO1,0.006289308176100629,0.018853102906520033,39,48,0.012563794730419403,1.9976433621366851
USP1,0.006289308176100629,0.0192458758837392,39,49,0.01295656770763857,2.0600942655145325
USP11,0.01225608772778584,0.027101335428122545,76,69,0.014845247700336704,1.2112550130235251
USP12,0.0043541364296081275,0.009819324430479183,27,25,0.005465188000871055,1.255171510866719
USP14,0.004515400741815836,0.014532600157109192,28,37,0.010017199415293356,2.2184519133655036
USP15,0.011933559103370425,0.021209740769835034,74,54,0.009276181666464609,0.7773189528884734
USP16,0.008063215610385421,0.016889238020424194,50,43,0.008826022410038773,1.0946032992930086
USP18,0.004676665054023544,0.01021209740769835,29,26,0.005535432353674806,1.183628138797844
USP8,0.0133849379132398,0.02199528672427337,83,56,0.00861034881103357,0.6432864214122792
UTP20,0.02547976132881793,0.04477611940298507,158,114,0.01929635807416714,0.757320989986775
UXT,0.0012901144976616675,0.002356637863315004,8,6,0.0010665233656533366,0.8266889238020425
VAMP3,0.0020964360587002098,0.001178318931657502,13,3,-0.0009181171270427077,-0.43794186959937154
VAMP4,0.0017739074342847927,0.00432050274941084,11,11,0.0025465953151260472,1.4355852317360562
VAMP5,0.002580228995323335,0.00432050274941084,16,11,0.0017402737540875052,0.6744648468185387
VAMP7,0.0041928721174004195,0.006284367635506678,26,16,0.002091495518106258,0.4988216810683425
VAMP8,0.0004837929366231253,0.003927729772191673,3,10,0.003443936835568548,7.118617439120189
VAPA,0.0024189646831156266,0.012175962293794187,15,31,0.00975699761067856,4.033542812254517
VASP,0.003386550556361877,0.03220738413197172,21,82,0.02882083357560984,8.51038042868365
VAV2,0.01128850185453959,0.02670856245090338,70,68,0.01542006059636379,1.3659970822578837
VAV3,0.013062409288824383,0.02749410840534171,81,70,0.014431699116517328,1.1048267434756043
VBP1,0.002580228995323335,0.00589159465828751,16,15,0.0033113656629641746,1.283361154752553
VCAM1,0.016126431220770843,0.022388059701492536,100,57,0.006261628480721693,0.3882835820895522
VCAN,0.04741170778906628,0.0816967792615868,294,208,0.03428507147252052,0.7231351299357135
VCL,0.011127237542331882,0.02513747054202671,69,64,0.014010232999694828,1.259093548276922
VCPIP1,0.014029995162070633,0.02356637863315004,87,60,0.009536383471079405,0.6797139529214183
VDAC1,0.00306402193194646,0.009033778476040848,19,23,0.005969756544094388,1.9483400173647
VDAC2,0.0024189646831156266,0.006677140612725845,15,17,0.004258175929610218,1.760329929300864
VDAC3,0.002580228995323335,0.006284367635506678,16,16,0.0037041386401833426,1.4355852317360567
VDR,0.0059667795516852125,0.012961508248232521,37,33,0.006994728696547309,1.1722787201970233
VEGFA,0.0027414933075310434,0.04124116260801257,17,105,0.03849966930048153,14.043320548957997
VEGFB,0.002580228995323335,0.012961508248232521,16,33,0.010381279252909187,4.023394540455617
VEGFC,0.01225608772778584,0.020031421838177535,76,51,0.007775334110391694,0.6344058791913013
VEZF1,0.00612804386389292,0.02199528672427337,38,56,0.01586724286038045,2.5892834994005045
VHL,0.05257216577971295,0.028279654359780047,326,72,-0.024292511419932904,-0.46207933532209794
VIM,0.009192065795839382,0.014532600157109192,57,37,0.00534053436126981,0.580993922354984
VIP,0.004999193678438961,0.006677140612725845,31,17,0.0016779469342868836,0.3356435141778376
VIPR1,0.005805515239477504,0.014925373134328358,36,38,0.009119857894850855,1.5708955223880599
VLDLR,0.008547008547008548,0.018853102906520033,53,48,0.010306094359511485,1.2058130400628435
VNN1,0.009192065795839382,0.015318146111547526,57,39,0.006126080315708144,0.6664530532930912
VPREB1,0.003709079180777294,0.009819324430479183,23,25,0.006110245249701889,1.647375251887018
VPS28,0.0027414933075310434,0.005106048703849175,17,13,0.002364555396318132,0.8625063536805139
VPS37B,0.004515400741815836,0.03377847604084839,28,86,0.02926307529903255,6.480726068903602
VPS37D,0.001451378809869376,0.012175962293794187,9,31,0.010724583483924811,7.3892380204241945
VPS45,0.005805515239477504,0.013747054202670856,36,35,0.007941538963193353,1.367930086410055
VPS4B,0.005805515239477504,0.009033778476040848,36,23,0.0032282632365633447,0.5560683424980362
VPS50,0.0,0.024351924587588374,0,62,0.024351924587588374,
VTN,0.006934365424931463,0.01728201099764336,43,44,0.010347645572711898,1.492226748753174
VWA5A,0.013062409288824383,0.0192458758837392,81,49,0.006183466594914816,0.4733787204329231
VWF,0.04112239961296565,0.06087981146897094,255,155,0.01975741185600529,0.4804537683101522
WARS1,0.0,0.007462686567164179,0,19,0.007462686567164179,
WAS,0.007418158361554588,0.04241948153967007,46,108,0.03500132317811548,4.718330544075959
WASF1,0.007095629737139171,0.01335428122545169,44,34,0.0062586514883125185,0.8820431336142256
WASF2,0.006289308176100629,0.015318146111547526,39,39,0.009028837935446897,1.4355852317360565
WASL,0.007095629737139171,0.021209740769835034,44,54,0.014114111032695862,1.9891273298578873
WDR1,0.007095629737139171,0.015710919088766692,44,40,0.00861528935162752,1.2141683924873239
WDR33,0.01967424608934043,0.02788688138256088,122,71,0.00821263529322045,0.41743074961688537
WDR37,0.00516045799064667,0.012961508248232521,32,33,0.007801050257585851,1.5116972702278082
WDR43,0.006773101112723754,0.011390416339355853,42,29,0.004617315226632099,0.681713612389182
WDR74,0.0032252862441541686,0.008248232521602514,20,21,0.005022946277448346,1.5573644933228596
WDR90,0.01628769553297855,0.046347211311861744,101,118,0.030059515778883193,1.8455352212361849
WEE1,0.005321722302854378,0.02513747054202671,33,64,0.019815748239172332,3.7235592373062922
WFS1,0.011449766166747298,0.02631578947368421,71,67,0.01486602330693691,1.2983691623424758
WIPF1,0.009514594420254797,0.025530243519245877,59,65,0.01601564909899108,1.6832718654719268
WIPI1,0.004999193678438961,0.016496465043205028,31,42,0.011497271364766068,2.2998251526746576
WIZ,0.011933559103370425,0.05420267085624509,74,138,0.042269111752874663,3.542037324048321
WLS,0.009030801483631673,0.0204241948153967,56,52,0.011393393331765029,1.261614858040624
WNK4,0.01564263828414772,0.05734485467399843,97,146,0.04170221638985071,2.6659324106542703
WNT1,0.00306402193194646,0.016496465043205028,19,42,0.013432443111258567,4.3839252491007565
WNT16,0.007095629737139171,0.021602513747054203,44,55,0.014506884009915032,2.0444815396700706
WNT2,0.008547008547008548,0.01335428122545169,53,34,0.0048072726784431415,0.5624509033778475
WNT5A,0.005644250927269795,0.016496465043205028,35,42,0.010852214115935233,1.922702278083268
WNT5B,0.005805515239477504,0.014532600157109192,36,37,0.008727084917631689,1.5032403770620584
WNT6,0.0032252862441541686,0.007069913589945012,20,18,0.003844627345790843,1.192026708562451
WNT7A,0.009675858732462506,0.016496465043205028,60,42,0.006820606310742522,0.7049096622152397
WRAP73,0.004999193678438961,0.014532600157109192,31,37,0.00953340647867023,1.9069888249752935
WRN,0.01757781003064022,0.029850746268656716,109,76,0.012272936238016497,0.6982062166233055
WSB1,0.004515400741815836,0.010997643362136685,28,28,0.0064822426203208485,1.4355852317360565
WWC1,0.015965166908563134,0.02749410840534171,99,70,0.011528941496778577,0.7221309719345855
WWP1,0.010643444605708756,0.020816967792615867,66,53,0.010173523186907112,0.9558487466971364
WWTR1,0.004676665054023544,0.015318146111547526,29,39,0.010641481057523982,2.275442208196766
XAF1,0.003386550556361877,0.009033778476040848,21,23,0.005647227919678971,1.6675457299966334
XBP1,0.001451378809869376,0.01335428122545169,9,34,0.011902902415582313,8.201099764336213
XCL1,0.0032252862441541686,0.003927729772191673,20,10,0.0007024435280375044,0.21779261586802826
XDH,0.025157232704402517,0.036920659858601726,156,94,0.011763427154199209,0.4675962293794185
XIAP,0.005805515239477504,0.01178318931657502,36,30,0.0059776740770975155,1.0296543597800472
XIST,0.0,0.0,0,0,0.0,
XK,0.006773101112723754,0.010997643362136685,42,28,0.004224542249412931,0.6237234878240377
XPC,0.006611836800516046,0.025530243519245877,41,65,0.01891840671872983,2.861293660069358
XPNPEP1,0.00822447992259313,0.014925373134328358,51,38,0.006700893211735228,0.8147497805092185
XPO1,0.009837123044670215,0.02199528672427337,61,56,0.012158163679603155,1.2359470979871994
XPO7,0.01128850185453959,0.024351924587588374,70,62,0.013063422733048785,1.1572326338233645
XPOT,0.012094823415578132,0.03220738413197172,75,82,0.020112560716393585,1.6629065200314217
XRCC3,0.0027414933075310434,0.007462686567164179,17,19,0.004721193259633136,1.7221246707638278
XRCC5,0.0075794226737622965,0.016496465043205028,47,42,0.008917042369442732,1.176480419849242
XRCC6,0.007901951298177712,0.01335428122545169,49,34,0.005452329927273977,0.6899979158984885
XYLT2,0.01032091598129334,0.02945797329143755,64,75,0.019137057310144208,1.854201443440691
YBX2,0.005482986615062087,0.022780832678711706,34,58,0.01729784606364962,3.1548218659026848
YIF1A,0.00306402193194646,0.01021209740769835,19,26,0.00714807547575189,2.332906106586183
YIPF6,0.00306402193194646,0.005106048703849175,19,13,0.002042026771902715,0.6664530532930913
YKT6,0.0019351717464925011,0.00432050274941084,12,11,0.0023853310029183393,1.2326197957580518
YPEL1,0.0009675858732462506,0.0027494108405341712,6,7,0.0017818249672879208,1.8415161036920662
YPEL5,0.0016126431220770843,0.003534956794972506,10,9,0.0019223136728954216,1.192026708562451
YRDC,0.0016126431220770843,0.007462686567164179,10,19,0.005850043445087095,3.6276119402985074
YTHDC1,0.011449766166747298,0.021209740769835034,71,54,0.009759974603087735,0.8524169368133387
YWHAB,0.0027414933075310434,0.009426551453260016,17,24,0.006685058145728973,2.4384732683332566
YWHAE,0.005321722302854378,0.007069913589945012,33,18,0.0017481912870906339,0.32850103549239457
YWHAG,0.0035478148685695854,0.007069913589945012,22,18,0.0035220987213754264,0.9927515532385918
YWHAH,0.002257700370907918,0.003142183817753339,14,8,0.0008844834468454206,0.39176298956346095
YWHAQ,0.002580228995323335,0.0054988216810683424,16,14,0.0029185926857450075,1.1311370777690495
YWHAZ,0.0027414933075310434,0.003927729772191673,17,10,0.0011862364646606297,0.43269719513885674
ZAP70,0.012739880664408966,0.025530243519245877,79,65,0.012790362854836911,1.0039625324410593
ZBP1,0.010804708917916465,0.015710919088766692,67,40,0.0049062101708502275,0.45408073536480986
ZBTB10,0.00612804386389292,0.04870384917517675,38,124,0.042575805311283826,6.947699177243974
ZBTB16,0.014997581035316884,0.018067556952081697,93,46,0.0030699759167648125,0.20469807161138281
ZBTB17,0.005644250927269795,0.023959151610369208,35,61,0.018314900683099412,3.244877118168556
ZC2HC1C,0.0035478148685695854,0.01021209740769835,22,26,0.006664282539128765,1.8784189102335214
ZC3H12A,0.009514594420254797,0.016496465043205028,59,42,0.006981870622950231,0.7338064361510912
ZC3H14,0.008385744234800839,0.022780832678711706,52,58,0.014395088443910867,1.7166142969363707
ZEB1,0.02048056765037897,0.028672427336999214,127,73,0.008191859686620243,0.39998206233647343
ZFP36,0.0043541364296081275,0.009819324430479183,27,25,0.005465188000871055,1.255171510866719
ZFP36L1,0.008385744234800839,0.01178318931657502,52,30,0.00339744508177418,0.40514532600157094
ZFPM2,0.03193033381712627,0.05341712490180676,198,136,0.02148679108468049,0.6729272298793118
ZMAT3,0.0038703434929850023,0.007069913589945012,24,18,0.0031995700969600096,0.8266889238020425
ZMIZ1,0.01241735203999355,0.051846032992930086,77,132,0.039428680952936536,3.1752889686903827
ZNF112,0.0133849379132398,0.022780832678711706,83,58,0.009395894765471906,0.7019752221770036
ZNF185,0.006611836800516046,0.016889238020424194,41,43,0.01027740121990815,1.5543942674304982
ZNF277,0.005644250927269795,0.01178318931657502,35,30,0.006138938389305224,1.0876444843451913
ZNF292,0.028382518948556684,0.05341712490180676,176,136,0.025034605953250074,0.8820431336142256
ZNF365,0.01128850185453959,0.027101335428122545,70,69,0.015812833573582957,1.4007911569969704
ZNF639,0.00516045799064667,0.01021209740769835,32,26,0.005051639417051681,0.978913000785546
ZNF707,0.0043541364296081275,0.009426551453260016,27,24,0.005072415023651889,1.1649646504320506
ZNFX1,0.021931946460248347,0.03377847604084839,136,86,0.011846529580600042,0.540149484774271
ZNRF4,0.009998387356877922,0.03377847604084839,62,86,0.02378008868397047,2.3783924182145304
ZPBP,0.009353330108047089,0.01767478397486253,58,45,0.008321453866815442,0.8896781970365958
ZW10,0.009514594420254797,0.015710919088766692,59,40,0.006196324668511895,0.651244224905801
ZWINT,0.005644250927269795,0.013747054202670856,35,35,0.008102803275401062,1.435585231736057
ZYX,0.006773101112723754,0.019638648860958365,42,50,0.012865547748234611,1.8995062282572102
