ID,burden,pred_hypothesis,nn_train_class,nn_jaccard,is_twin,twin_raw,pred_pre17
TEST_0000,52,STES,STES,0.2,False,,STES
TEST_0001,372,BRCA,UCEC,0.27380952,False,,UCEC
TEST_0002,6,BRCA,THCA,0.33333334,False,,SARC
TEST_0003,8,GBMLGG,LGG,1.0,True,LGG,GBMLGG
TEST_0004,72,LUSC,LUAD,0.2777778,False,,LUSC
TEST_0005,2104,BRCA,PAAD,0.8294314,False,,LUSC
TEST_0006,18,BRCA,BLCA,0.3,False,,BRCA
TEST_0007,1665,COAD,PAAD,0.7773973,False,,SARC
TEST_0008,1,PRAD,PCPG,0.5,False,,PRAD
TEST_0009,20,BRCA,KIPAN,0.22222222,False,,LUAD
TEST_0010,8,KIRC,KIPAN,1.0,True,KIPAN,KIRC
TEST_0011,3,LAML,KIPAN,0.0,False,,LAML
TEST_0012,59,HNSC,COAD,0.25,False,,DLBC
TEST_0013,45,STES,HNSC,0.26086956,False,,STES
TEST_0014,5,KIRC,THCA,1.0,True,KIPAN,KIRC
TEST_0015,619,STES,UCEC,0.41044775,False,,STES
TEST_0016,16,BRCA,PAAD,0.33333334,False,,BRCA
TEST_0017,0,THYM,KIPAN,0.0,False,,THYM
TEST_0018,13,KIPAN,KIRC,1.0,True,KIRC,KIPAN
TEST_0019,6,BRCA,BRCA,0.5,False,,SARC
TEST_0020,53,COAD,KIPAN,0.18518518,False,,COAD
TEST_0021,49,STES,BRCA,0.1724138,False,,STES
TEST_0022,3,LGG,GBMLGG,1.0,True,GBMLGG,LGG
TEST_0023,20,BRCA,KIPAN,0.25,False,,CESC
TEST_0024,43,BRCA,KIPAN,0.2,False,,KIPAN
TEST_0025,35,STES,HNSC,0.26086956,False,,STES
TEST_0026,23,COAD,BRCA,0.5,False,,OV
TEST_0027,1109,STES,PAAD,0.6735395,False,,STES
TEST_0028,39,STES,OV,0.2777778,False,,STES
TEST_0029,7,BRCA,STES,1.0,False,,PRAD
TEST_0030,39,COAD,LIHC,0.30769232,False,,COAD
TEST_0031,925,ACC,PAAD,0.5605536,False,,DLBC
TEST_0032,47,STES,KIPAN,0.2,False,,STES
TEST_0033,25,KIPAN,KIRC,0.2857143,False,,KIPAN
TEST_0034,11,KIPAN,KIRC,0.33333334,False,,KIPAN
TEST_0035,58,COAD,STES,0.21875,False,,COAD
TEST_0036,11,LGG,GBMLGG,1.0,True,GBMLGG,LGG
TEST_0037,5,BRCA,GBMLGG,0.5,False,,PRAD
TEST_0038,48,STES,COAD,0.2,False,,STES
TEST_0039,42,STES,COAD,0.2631579,False,,BLCA
TEST_0040,14,KIPAN,BRCA,0.33333334,False,,SARC
TEST_0041,8,GBMLGG,LGG,1.0,True,LGG,GBMLGG
TEST_0042,69,SKCM,COAD,0.20833333,False,,SKCM
TEST_0043,1423,COAD,PAAD,0.70242214,False,,UCEC
TEST_0044,4,BRCA,BRCA,1.0,False,,BRCA
TEST_0045,49,STES,HNSC,0.23529412,False,,STES
TEST_0046,15,KIRC,KIPAN,1.0,True,KIPAN,KIRC
TEST_0047,27,LUAD,KIRC,0.21428572,False,,LUAD
TEST_0048,39,CESC,LAML,0.18181819,False,,CESC
TEST_0049,18,BRCA,UCEC,0.5,False,,BRCA
TEST_0050,46,STES,HNSC,0.2,False,,STES
TEST_0051,12,KIRC,KIPAN,1.0,True,KIPAN,KIRC
TEST_0052,50,COAD,COAD,0.18181819,False,,COAD
TEST_0053,19,OV,LUAD,0.6666667,False,,OV
TEST_0054,50,CESC,LUSC,0.1724138,False,,CESC
TEST_0055,12,OV,STES,0.5,False,,SARC
TEST_0056,50,STES,KIPAN,0.17391305,False,,LIHC
TEST_0057,18,BRCA,BRCA,0.4,False,,BRCA
TEST_0058,44,LIHC,KIRC,0.15789473,False,,LIHC
TEST_0059,38,SKCM,PAAD,0.25,False,,SKCM
TEST_0060,38,CESC,LIHC,0.5,False,,CESC
TEST_0061,19,BRCA,OV,0.5,False,,BRCA
TEST_0062,7,OV,BRCA,0.6666667,False,,SARC
TEST_0063,300,STES,LUSC,0.22222222,False,,STES
TEST_0064,5,PCPG,BRCA,0.33333334,False,,PCPG
TEST_0065,49,STES,COAD,0.21052632,False,,STES
TEST_0066,548,UCEC,UCEC,0.369863,False,,UCEC
TEST_0067,48,COAD,LUSC,0.2173913,False,,COAD
TEST_0068,16,TGCT,BRCA,0.2,False,,TGCT
TEST_0069,581,COAD,PAAD,0.4280702,False,,COAD
TEST_0070,36,COAD,ACC,0.16666667,False,,COAD
TEST_0071,620,UCEC,COAD,0.46280992,False,,UCEC
TEST_0072,14,BRCA,OV,0.4,False,,UCEC
TEST_0073,39,LUAD,BRCA,0.1875,False,,LUAD
TEST_0074,2,BRCA,PRAD,0.5,False,,PRAD
TEST_0075,2,THCA,KIPAN,0.0,False,,THYM
TEST_0076,52,STES,COAD,0.2413793,False,,STES
TEST_0077,53,STES,COAD,0.20689656,False,,STES
TEST_0078,78,LUAD,HNSC,0.17073171,False,,LUAD
TEST_0079,77,LUSC,COAD,0.18867925,False,,LUSC
TEST_0080,29,BRCA,GBMLGG,0.1875,False,,BRCA
TEST_0081,23,STES,COAD,0.3,False,,PAAD
TEST_0082,65,STES,KIPAN,0.19444445,False,,BLCA
TEST_0083,42,COAD,LUAD,0.19512194,False,,COAD
TEST_0084,44,STES,COAD,0.22222222,False,,STES
TEST_0085,50,LUAD,COAD,0.20689656,False,,LUAD
TEST_0086,673,STES,PAAD,0.46689895,False,,STES
TEST_0087,21,BRCA,PAAD,0.22222222,False,,BRCA
TEST_0088,55,STES,UCEC,0.21875,False,,STES
TEST_0089,12,BRCA,UCEC,0.5,False,,BRCA
TEST_0090,1,THCA,THCA,1.0,True,THCA,THCA
TEST_0091,20,KIRC,KIPAN,1.0,True,KIPAN,KIRC
TEST_0092,990,ACC,PAAD,0.61937714,False,,ACC
TEST_0093,26,LIHC,HNSC,0.21052632,False,,LIHC
TEST_0094,2,THCA,KIPAN,0.0,False,,PRAD
TEST_0095,24,KIPAN,KIPAN,0.21428572,False,,KIPAN
TEST_0096,72,LUSC,HNSC,0.2,False,,LUSC
TEST_0097,1635,BRCA,PAAD,0.7235495,False,,LUSC
TEST_0098,42,COAD,STES,0.2,False,,COAD
TEST_0099,67,STES,HNSC,0.2,False,,STES
TEST_0100,2,THCA,THCA,0.5,False,,PRAD
TEST_0101,19,LIHC,KIPAN,0.4,False,,LIHC
TEST_0102,10,BRCA,LAML,0.6666667,False,,SARC
TEST_0103,8,GBMLGG,LGG,1.0,True,LGG,GBMLGG
TEST_0104,4,LGG,PRAD,1.0,True,GBMLGG,LGG
TEST_0105,41,LIHC,LIHC,0.22727273,False,,CESC
TEST_0106,56,HNSC,COAD,0.16666667,False,,LUSC
TEST_0107,12,KIPAN,LIHC,0.33333334,False,,SARC
TEST_0108,936,ACC,SKCM,0.5503597,False,,ACC
TEST_0109,71,LUSC,STES,0.17857143,False,,LUSC
TEST_0110,1,THCA,KIPAN,0.0,False,,LAML
TEST_0111,4,THCA,THCA,0.5,False,,THCA
TEST_0112,9,UCEC,UCEC,0.42857143,False,,UCEC
TEST_0113,16,BRCA,ACC,0.2857143,False,,BRCA
TEST_0114,59,HNSC,STES,0.22222222,False,,HNSC
TEST_0115,7,PRAD,KIPAN,0.0,False,,PRAD
TEST_0116,9,KIPAN,KIRC,1.0,True,KIRC,KIPAN
TEST_0117,8,GBMLGG,LGG,0.6666667,False,,GBMLGG
TEST_0118,9,PCPG,THYM,1.0,False,,PCPG
TEST_0119,706,STES,UCEC,0.4474708,False,,STES
TEST_0120,412,UCEC,UCEC,0.31687242,False,,UCEC
TEST_0121,23,GBMLGG,PRAD,0.25,False,,GBMLGG
TEST_0122,21,BRCA,CESC,0.375,False,,BRCA
TEST_0123,15,KIPAN,PRAD,0.4,False,,SARC
TEST_0124,7,THCA,THCA,0.5,False,,THCA
TEST_0125,44,STES,PAAD,0.2857143,False,,STES
TEST_0126,36,LIHC,UCEC,0.16666667,False,,LIHC
TEST_0127,9,GBMLGG,LGG,1.0,True,LGG,GBMLGG
TEST_0128,15,TGCT,ACC,0.33333334,False,,TGCT
TEST_0129,19,KIPAN,KIPAN,0.21428572,False,,KIPAN
TEST_0130,16,GBMLGG,THCA,0.4,False,,SARC
TEST_0131,1,LAML,KIPAN,0.0,True,LAML,LAML
TEST_0132,9,BRCA,OV,0.5,False,,BRCA
TEST_0133,44,STES,BRCA,0.16666667,False,,STES
TEST_0134,55,STES,LIHC,0.2173913,False,,STES
TEST_0135,25,KIPAN,KIRC,0.25,False,,KIPAN
TEST_0136,15,GBMLGG,KIPAN,0.33333334,False,,GBMLGG
TEST_0137,6,BRCA,BRCA,1.0,False,,BRCA
TEST_0138,21,GBMLGG,GBMLGG,0.25,False,,GBMLGG
TEST_0139,2,THCA,KIPAN,0.0,False,,THYM
TEST_0140,49,STES,HNSC,0.2,False,,LUSC
TEST_0141,19,GBMLGG,LIHC,0.30769232,False,,GBMLGG
TEST_0142,47,SKCM,TGCT,0.21052632,False,,SKCM
TEST_0143,58,BLCA,OV,0.22222222,False,,LUSC
TEST_0144,9,BRCA,STES,0.33333334,False,,PRAD
TEST_0145,3,THCA,THCA,1.0,False,,THCA
TEST_0146,34,BRCA,COAD,0.2,False,,KIPAN
TEST_0147,13,KIPAN,KIPAN,0.33333334,False,,KIPAN
TEST_0148,35,CESC,LIHC,0.25,False,,CESC
TEST_0149,145,LUSC,CESC,0.17045455,False,,LUSC
TEST_0150,33,COAD,STES,0.1875,False,,COAD
TEST_0151,5,THCA,THCA,0.33333334,False,,THCA
TEST_0152,6,OV,BRCA,0.5,False,,OV
TEST_0153,7,LGG,GBMLGG,0.8,False,,LGG
TEST_0154,19,KIRC,KIPAN,1.0,True,KIPAN,KIRC
TEST_0155,9,KIPAN,KIPAN,0.25,False,,PRAD
TEST_0156,4,PRAD,PCPG,0.33333334,False,,PRAD
TEST_0157,59,STES,BLCA,0.18421052,False,,STES
TEST_0158,62,HNSC,BRCA,0.2631579,False,,HNSC
TEST_0159,19,KIPAN,KIPAN,0.21428572,False,,KIPAN
TEST_0160,12,BRCA,LUAD,0.4,False,,SARC
TEST_0161,91,STES,HNSC,0.19512194,False,,STES
TEST_0162,46,LUAD,BRCA,0.25,False,,LUAD
TEST_0163,11,BRCA,BRCA,0.42857143,False,,OV
TEST_0164,7,GBMLGG,LGG,0.6666667,False,,GBMLGG
TEST_0165,306,BRCA,BLCA,0.23300971,False,,BRCA
TEST_0166,54,STES,BRCA,0.18518518,False,,LUAD
TEST_0167,51,STES,COAD,0.2631579,False,,STES
TEST_0168,17,KIPAN,BRCA,0.4,False,,KIRC
TEST_0169,456,UCEC,SKCM,0.40433213,False,,UCEC
TEST_0170,1,THCA,KIPAN,0.0,False,,THYM
TEST_0171,67,LUSC,BLCA,0.20588236,False,,LUSC
TEST_0172,20,LIHC,THCA,0.25,False,,LUAD
TEST_0173,4,PRAD,KIPAN,0.0,False,,PRAD
TEST_0174,14,BRCA,UCEC,0.33333334,False,,BRCA
TEST_0175,20,KIPAN,BRCA,0.22222222,False,,KIPAN
TEST_0176,21,GBMLGG,SKCM,0.2857143,False,,GBMLGG
TEST_0177,26,OV,KIPAN,0.25,False,,OV
TEST_0178,30,LUAD,KIRC,0.2,False,,LUAD
TEST_0179,147,BLCA,COAD,0.16176471,False,,CESC
TEST_0180,0,THYM,KIPAN,0.0,False,,THYM
TEST_0181,22,BRCA,BRCA,0.33333334,False,,HNSC
TEST_0182,15,BRCA,KIPAN,0.375,False,,BRCA
TEST_0183,32,STES,COAD,0.2631579,False,,STES
TEST_0184,13,THCA,THCA,1.0,False,,THCA
TEST_0185,4,BRCA,PRAD,1.0,False,,KIRC
TEST_0186,535,STES,SKCM,0.39426523,False,,STES
TEST_0187,0,THYM,KIPAN,0.0,False,,THYM
TEST_0188,6,GBMLGG,LGG,1.0,True,LGG,GBMLGG
TEST_0189,57,STES,COAD,0.26086956,False,,STES
TEST_0190,470,COAD,STES,0.3507109,False,,COAD
TEST_0191,13,UCEC,BRCA,0.6666667,False,,UCEC
TEST_0192,1,PCPG,KIPAN,0.0,False,,PRAD
TEST_0193,15,HNSC,OV,0.42857143,False,,HNSC
TEST_0194,63,LUAD,LUSC,0.175,False,,LUAD
TEST_0195,53,LUSC,STES,0.20689656,False,,LUSC
TEST_0196,51,STES,BRCA,0.26666668,False,,STES
TEST_0197,468,COAD,SKCM,0.38628158,False,,COAD
TEST_0198,29,KIPAN,PRAD,0.2,False,,KIPAN
TEST_0199,13,BRCA,KIPAN,0.25,False,,SARC
TEST_0200,15,KIRC,KIPAN,1.0,True,KIPAN,KIRC
TEST_0201,20,KIPAN,KIPAN,1.0,False,,KIPAN
TEST_0202,20,KIRC,KIPAN,1.0,True,KIPAN,KIRC
TEST_0203,14,GBMLGG,KIPAN,0.5,False,,GBMLGG
TEST_0204,9,THCA,THCA,0.33333334,False,,THCA
TEST_0205,18,SARC,SARC,0.33333334,False,,SARC
TEST_0206,10,BRCA,BRCA,0.33333334,False,,OV
TEST_0207,71,SKCM,STES,0.1388889,False,,SKCM
TEST_0208,7,UCEC,UCEC,1.0,False,,UCEC
TEST_0209,53,STES,COAD,0.23076923,False,,STES
TEST_0210,911,ACC,SKCM,0.53763443,False,,DLBC
TEST_0211,8,BRCA,OV,0.6666667,False,,BRCA
TEST_0212,5,GBMLGG,PRAD,1.0,True,LGG,GBMLGG
TEST_0213,10,BRCA,BRCA,1.0,False,,BRCA
TEST_0214,0,THYM,KIPAN,0.0,False,,THYM
TEST_0215,60,SKCM,KIPAN,0.1875,False,,SKCM
TEST_0216,77,BLCA,SKCM,0.19607843,False,,BLCA
TEST_0217,22,BRCA,THYM,0.25,False,,BRCA
TEST_0218,6,PRAD,GBMLGG,1.0,False,,PRAD
TEST_0219,0,THYM,KIPAN,0.0,False,,THYM
TEST_0220,8,BRCA,BRCA,0.6,False,,BRCA
TEST_0221,1845,CESC,PAAD,0.8213059,False,,CESC
TEST_0222,4,PRAD,THCA,0.5,False,,SARC
TEST_0223,8,GBMLGG,LGG,1.0,True,LGG,GBMLGG
TEST_0224,11,UCEC,PRAD,0.375,False,,LIHC
TEST_0225,109,LIHC,COAD,0.16129032,False,,LIHC
TEST_0226,16,BRCA,DLBC,0.2857143,False,,KIRC
TEST_0227,59,LUSC,KIPAN,0.20833333,False,,LUSC
TEST_0228,40,DLBC,BLCA,0.1875,False,,DLBC
TEST_0229,23,KIPAN,ACC,0.2857143,False,,KIPAN
TEST_0230,454,STES,PAAD,0.34494773,False,,STES
TEST_0231,19,TGCT,KIPAN,0.25,False,,KIPAN
TEST_0232,64,LUSC,ACC,0.1923077,False,,LUSC
TEST_0233,117,LUAD,GBMLGG,0.16,False,,LUAD
TEST_0234,182,LUSC,BLCA,0.17777778,False,,LUSC
TEST_0235,59,STES,COAD,0.17391305,False,,STES
TEST_0236,41,BRCA,BRCA,0.25,False,,BRCA
TEST_0237,7,BRCA,PCPG,0.6666667,False,,BRCA
TEST_0238,27,SKCM,THCA,0.25,False,,SKCM
TEST_0239,206,SKCM,SKCM,0.25,False,,SKCM
TEST_0240,68,LUSC,LUSC,0.17021276,False,,LUSC
TEST_0241,3,PCPG,KIPAN,0.5,False,,PCPG
TEST_0242,134,BLCA,UCEC,0.20987654,False,,BLCA
TEST_0243,12,BRCA,BRCA,0.5,False,,SARC
TEST_0244,25,KIPAN,KIRC,0.2857143,False,,KIPAN
TEST_0245,41,STES,TGCT,0.2857143,False,,STES
TEST_0246,6,SARC,BRCA,0.4,False,,SARC
TEST_0247,12,GBMLGG,LGG,1.0,True,LGG,GBMLGG
TEST_0248,949,ACC,SKCM,0.5503597,False,,ACC
TEST_0249,103,LUSC,BRCA,0.1724138,False,,LUSC
TEST_0250,33,STES,HNSC,0.27272728,False,,STES
TEST_0251,4,OV,HNSC,0.6666667,False,,OV
TEST_0252,65,COAD,COAD,0.17857143,False,,COAD
TEST_0253,4,THCA,THCA,0.5,False,,THCA
TEST_0254,74,SKCM,SKCM,0.20338982,False,,SKCM
TEST_0255,18,KIPAN,CESC,0.33333334,False,,KIPAN
TEST_0256,38,STES,HNSC,0.19354838,False,,STES
TEST_0257,21,OV,GBMLGG,0.33333334,False,,OV
TEST_0258,40,STES,LUSC,0.1923077,False,,STES
TEST_0259,52,STES,STES,0.22222222,False,,STES
TEST_0260,1,THCA,THCA,1.0,True,THCA,THCA
TEST_0261,33,KIPAN,CESC,0.21428572,False,,KIPAN
TEST_0262,19,TGCT,PCPG,0.33333334,False,,TGCT
TEST_0263,107,LUSC,HNSC,0.2,False,,LUSC
TEST_0264,15,GBMLGG,LGG,0.42857143,False,,GBMLGG
TEST_0265,9,BRCA,HNSC,0.4,False,,SARC
TEST_0266,46,SKCM,CESC,0.2,False,,SKCM
TEST_0267,16,KIPAN,KIRC,1.0,True,KIRC,KIPAN
TEST_0268,132,STES,STES,0.16483517,False,,DLBC
TEST_0269,15,KIRC,KIPAN,1.0,True,KIPAN,KIRC
TEST_0270,18,GBMLGG,GBMLGG,0.2857143,False,,GBMLGG
TEST_0271,14,KIPAN,KIRC,1.0,True,KIRC,KIPAN
TEST_0272,19,GBMLGG,UCEC,0.33333334,False,,GBMLGG
TEST_0273,18,GBMLGG,BRCA,0.375,False,,GBMLGG
TEST_0274,13,KIRC,PRAD,1.0,True,KIPAN,KIRC
TEST_0275,17,GBMLGG,UCEC,0.33333334,False,,GBMLGG
TEST_0276,68,COAD,COAD,0.13513513,False,,STES
TEST_0277,11,KIRC,KIPAN,1.0,True,KIPAN,KIRC
TEST_0278,31,COAD,COAD,0.26666668,False,,COAD
TEST_0279,31,COAD,OV,0.18181819,False,,COAD
TEST_0280,47,STES,OV,0.17391305,False,,LUSC
TEST_0281,53,SKCM,LUSC,0.20689656,False,,SKCM
TEST_0282,10,BRCA,BRCA,0.33333334,False,,BRCA
TEST_0283,28,HNSC,OV,0.33333334,False,,HNSC
TEST_0284,47,HNSC,BRCA,0.30769232,False,,BLCA
TEST_0285,23,GBMLGG,LIHC,0.25,False,,GBMLGG
TEST_0286,1938,UCEC,SKCM,0.82229966,False,,UCEC
TEST_0287,28,TGCT,PRAD,0.22222222,False,,TGCT
TEST_0288,24,BLCA,GBMLGG,0.375,False,,HNSC
TEST_0289,27,COAD,COAD,0.1764706,False,,COAD
TEST_0290,43,STES,LUAD,0.21052632,False,,STES
TEST_0291,9,GBMLGG,LGG,1.0,True,LGG,GBMLGG
TEST_0292,60,LUSC,COAD,0.20833333,False,,LUSC
TEST_0293,36,ACC,TGCT,0.3,False,,ACC
TEST_0294,0,THYM,KIPAN,0.0,False,,THYM
TEST_0295,185,STES,COAD,0.20512821,False,,STES
TEST_0296,14,SARC,LIHC,0.23076923,False,,SARC
TEST_0297,43,LUAD,COAD,0.17391305,False,,LUAD
TEST_0298,33,HNSC,STES,0.1923077,False,,HNSC
TEST_0299,54,UCEC,BRCA,0.30769232,False,,UCEC
TEST_0300,60,STES,STES,0.2,False,,STES
TEST_0301,4,THCA,THCA,1.0,False,,THCA
TEST_0302,61,STES,STES,0.17857143,False,,STES
TEST_0303,41,STES,STES,0.23809524,False,,STES
TEST_0304,63,BLCA,STES,0.2,False,,BLCA
TEST_0305,26,STES,PAAD,0.2857143,False,,STES
TEST_0306,26,STES,OV,0.30769232,False,,LUSC
TEST_0307,7,GBMLGG,KIRC,0.4,False,,SARC
TEST_0308,577,STES,PAAD,0.3754386,False,,STES
TEST_0309,47,HNSC,UCEC,0.2,False,,HNSC
TEST_0310,22,GBMLGG,LGG,1.0,True,LGG,GBMLGG
TEST_0311,14,BRCA,SARC,0.6666667,False,,SARC
TEST_0312,1191,COAD,PAAD,0.66206896,False,,COAD
TEST_0313,902,STES,UCEC,0.5652174,False,,STES
TEST_0314,82,STES,HNSC,0.18181819,False,,STES
TEST_0315,42,STES,TGCT,0.23076923,False,,STES
TEST_0316,6,BRCA,UCEC,0.6666667,False,,BRCA
TEST_0317,93,STES,LIHC,0.1724138,False,,STES
TEST_0318,6,THCA,KIPAN,0.0,False,,THCA
TEST_0319,18,UCEC,GBMLGG,0.375,False,,UCEC
TEST_0320,3,PRAD,PCPG,0.5,False,,PRAD
TEST_0321,39,BRCA,COAD,0.42857143,False,,BRCA
TEST_0322,9,LGG,GBMLGG,1.0,True,GBMLGG,LGG
TEST_0323,27,KIPAN,KIRC,0.21428572,False,,KIPAN
TEST_0324,313,SKCM,SKCM,0.32960895,False,,SKCM
TEST_0325,80,COAD,LUSC,0.21052632,False,,COAD
TEST_0326,9,OV,BLCA,0.6666667,False,,OV
TEST_0327,7,BRCA,SARC,0.5,False,,SARC
TEST_0328,18,KIPAN,KIRC,1.0,True,KIRC,KIPAN
TEST_0329,50,CESC,UCEC,0.1875,False,,CESC
TEST_0330,66,STES,COAD,0.19444445,False,,STES
TEST_0331,56,STES,LUSC,0.1875,False,,STES
TEST_0332,57,STES,KIPAN,0.18181819,False,,LUSC
TEST_0333,3,KIPAN,GBMLGG,1.0,True,KIRC,KIPAN
TEST_0334,22,LIHC,LIHC,0.27272728,False,,CESC
TEST_0335,102,LUAD,LUAD,0.19672132,False,,LUAD
TEST_0336,299,UCEC,COAD,0.28019324,False,,UCEC
TEST_0337,55,STES,COAD,0.2173913,False,,STES
TEST_0338,47,KIPAN,LIHC,0.23076923,False,,KIPAN
TEST_0339,9,BRCA,KIPAN,0.4,False,,BRCA
TEST_0340,65,STES,COAD,0.22727273,False,,STES
TEST_0341,26,KIRC,KIPAN,1.0,True,KIPAN,KIRC
TEST_0342,129,SKCM,SKCM,0.23728813,False,,SKCM
TEST_0343,7,BRCA,PAAD,0.6666667,False,,BRCA
TEST_0344,29,LUAD,SARC,0.27272728,False,,LUSC
TEST_0345,66,SKCM,HNSC,0.24390244,False,,SKCM
TEST_0346,43,COAD,OV,0.2,False,,COAD
TEST_0347,633,STES,PAAD,0.4236111,False,,STES
TEST_0348,947,ACC,SKCM,0.5362319,False,,ACC
TEST_0349,48,STES,LUSC,0.19444445,False,,STES
TEST_0350,55,STES,BLCA,0.2173913,False,,STES
TEST_0351,13,BRCA,UCEC,0.5,False,,BRCA
TEST_0352,1,PCPG,PCPG,1.0,False,,PCPG
TEST_0353,180,LIHC,UCEC,0.22321428,False,,LIHC
TEST_0354,42,COAD,LUSC,0.18518518,False,,COAD
TEST_0355,49,STES,LUAD,0.23333333,False,,LUAD
TEST_0356,33,STES,BRCA,0.27272728,False,,STES
TEST_0357,18,TGCT,LGG,1.0,False,,TGCT
TEST_0358,20,OV,COAD,0.33333334,False,,OV
TEST_0359,40,STES,COAD,0.1923077,False,,STES
TEST_0360,9,OV,PRAD,0.5,False,,OV
TEST_0361,57,LUAD,LUSC,0.2,False,,LUAD
TEST_0362,50,STES,SARC,0.17857143,False,,STES
TEST_0363,35,HNSC,STES,0.23529412,False,,OV
TEST_0364,49,STES,KIPAN,0.2,False,,STES
TEST_0365,10,COAD,SARC,0.4,False,,COAD
TEST_0366,1,KIRC,KIPAN,1.0,True,TIE,KIRC
TEST_0367,7,BRCA,TGCT,1.0,False,,BRCA
TEST_0368,57,STES,HNSC,0.21428572,False,,STES
TEST_0369,29,BRCA,KIPAN,0.25,False,,BRCA
TEST_0370,17,LIHC,OV,0.33333334,False,,BRCA
TEST_0371,8,BRCA,PCPG,0.5,False,,PRAD
TEST_0372,13,BRCA,OV,0.6666667,False,,BRCA
TEST_0373,12,BRCA,BRCA,0.5,False,,SARC
TEST_0374,0,THYM,KIPAN,0.0,False,,THYM
TEST_0375,25,OV,PAAD,0.5,False,,OV
TEST_0376,16,LIHC,LUAD,0.2857143,False,,SARC
TEST_0377,24,DLBC,KIRC,0.25,False,,DLBC
TEST_0378,9,OV,OV,0.5,False,,OV
TEST_0379,8,THCA,THCA,0.5,False,,THCA
TEST_0380,39,COAD,STES,0.2,False,,STES
TEST_0381,50,STES,DLBC,0.1923077,False,,STES
TEST_0382,12,PRAD,SARC,0.2857143,False,,SARC
TEST_0383,37,KIPAN,ACC,0.23529412,False,,KIPAN
TEST_0384,2,PRAD,KIPAN,0.0,False,,PRAD
TEST_0385,26,HNSC,BRCA,0.3,False,,HNSC
TEST_0386,17,UCEC,LIHC,0.36363637,False,,UCEC
TEST_0387,2,PRAD,PRAD,1.0,False,,PRAD
TEST_0388,4,THCA,KIPAN,1.0,False,,PCPG
TEST_0389,15,KIPAN,PRAD,0.4,False,,KIRC
TEST_0390,1,THCA,BRCA,1.0,False,,PRAD
TEST_0391,38,BRCA,OV,0.2,False,,BRCA
TEST_0392,18,KIPAN,KIRC,1.0,True,KIRC,KIPAN
TEST_0393,26,KIPAN,KIRC,1.0,True,KIRC,KIPAN
TEST_0394,30,LUAD,BRCA,0.2,False,,LUAD
TEST_0395,27,LUAD,LUAD,0.2857143,False,,LUAD
TEST_0396,33,STES,OV,0.21428572,False,,STES
TEST_0397,41,STES,SKCM,0.1875,False,,STES
TEST_0398,3,PRAD,PRAD,0.5,False,,PRAD
TEST_0399,11,COAD,COAD,0.2857143,False,,COAD
TEST_0400,113,LIHC,GBMLGG,0.16666667,False,,LIHC
TEST_0401,5,THCA,THYM,0.5,False,,PRAD
TEST_0402,38,COAD,COAD,0.2631579,False,,COAD
TEST_0403,605,COAD,SKCM,0.4440433,False,,COAD
TEST_0404,34,CESC,BRCA,0.2,False,,CESC
TEST_0405,33,COAD,COAD,0.2857143,False,,COAD
TEST_0406,123,LUAD,SKCM,0.15555556,False,,LUAD
TEST_0407,55,STES,BRCA,0.21428572,False,,STES
TEST_0408,30,LUAD,GBMLGG,0.26666668,False,,SARC
TEST_0409,2,THCA,THCA,1.0,False,,THCA
TEST_0410,396,STES,UCEC,0.30612245,False,,STES
TEST_0411,78,HNSC,BRCA,0.26086956,False,,BLCA
TEST_0412,40,KIPAN,ACC,0.36363637,False,,KIPAN
TEST_0413,24,BRCA,GBMLGG,0.3,False,,OV
TEST_0414,62,COAD,STES,0.1764706,False,,COAD
TEST_0415,10,SARC,PCPG,0.25,False,,SARC
TEST_0416,51,STES,HNSC,0.225,False,,LUSC
TEST_0417,12,GBMLGG,LGG,1.0,True,LGG,GBMLGG
TEST_0418,39,BRCA,OV,0.2,False,,BRCA
TEST_0419,46,COAD,BRCA,0.16,False,,COAD
TEST_0420,5,BRCA,BRCA,0.5,False,,BRCA
TEST_0421,27,KIPAN,SARC,0.1764706,False,,KIPAN
TEST_0422,128,LUAD,CESC,0.19387755,False,,LUAD
TEST_0423,39,STES,OV,0.21052632,False,,STES
TEST_0424,24,KIPAN,STES,0.33333334,False,,KIPAN
TEST_0425,59,COAD,KIPAN,0.2,False,,COAD
TEST_0426,41,STES,COAD,0.20833333,False,,STES
TEST_0427,23,BRCA,OV,0.33333334,False,,BRCA
TEST_0428,7,BRCA,LUAD,0.2857143,False,,PRAD
TEST_0429,64,LUSC,COAD,0.19444445,False,,LUSC
TEST_0430,62,LUSC,STES,0.17391305,False,,LUSC
TEST_0431,62,STES,SARC,0.17391305,False,,STES
TEST_0432,4,PCPG,THYM,1.0,False,,PRAD
TEST_0433,27,OV,BRCA,0.27272728,False,,OV
TEST_0434,64,LUSC,BRCA,0.1904762,False,,LUSC
TEST_0435,1,THCA,KIPAN,0.0,False,,PRAD
TEST_0436,65,STES,HNSC,0.17021276,False,,STES
TEST_0437,16,OV,BRCA,0.6666667,False,,OV
TEST_0438,31,SKCM,THCA,0.5,False,,SKCM
TEST_0439,6,PRAD,KIPAN,0.5,False,,PRAD
TEST_0440,28,BRCA,COAD,0.22727273,False,,BRCA
TEST_0441,8,BRCA,LGG,0.6666667,False,,SARC
TEST_0442,51,STES,HNSC,0.17142858,False,,STES
TEST_0443,38,STES,KIPAN,0.23529412,False,,STES
TEST_0444,75,DLBC,LUSC,0.2,False,,DLBC
TEST_0445,6,LGG,GBMLGG,1.0,True,GBMLGG,LGG
TEST_0446,0,THYM,KIPAN,0.0,False,,THYM
TEST_0447,47,STES,COAD,0.27272728,False,,STES
TEST_0448,4,BRCA,BRCA,1.0,False,,PRAD
TEST_0449,49,STES,SARC,0.27272728,False,,STES
TEST_0450,0,THYM,KIPAN,0.0,False,,THYM
TEST_0451,21,OV,BRCA,0.2857143,False,,OV
TEST_0452,50,STES,BRCA,0.20833333,False,,LUAD
TEST_0453,49,BRCA,BRCA,0.14754099,False,,BRCA
TEST_0454,5,BRCA,BRCA,0.5,False,,BRCA
TEST_0455,42,STES,COAD,0.22222222,False,,STES
TEST_0456,3,LAML,LAML,0.5,False,,LAML
TEST_0457,73,STES,HNSC,0.2,False,,LUSC
TEST_0458,34,STES,LUAD,0.33333334,False,,HNSC
TEST_0459,10,KIPAN,KIRC,1.0,True,KIRC,KIPAN
TEST_0460,42,LUSC,COAD,0.1923077,False,,LUSC
TEST_0461,11,KIPAN,BRCA,0.6666667,False,,SARC
TEST_0462,39,LUAD,BRCA,0.23076923,False,,LUAD
TEST_0463,66,STES,OV,0.23529412,False,,BLCA
TEST_0464,64,STES,COAD,0.21428572,False,,LUSC
TEST_0465,35,STES,UCEC,0.25,False,,STES
TEST_0466,45,HNSC,COAD,0.2173913,False,,HNSC
TEST_0467,421,STES,STES,0.32692307,False,,STES
TEST_0468,110,HNSC,LIHC,0.17948718,False,,BLCA
TEST_0469,9,BRCA,BRCA,0.5,False,,BRCA
TEST_0470,59,STES,COAD,0.2,False,,STES
TEST_0471,19,TGCT,CESC,0.5,False,,TGCT
TEST_0472,55,STES,COAD,0.18518518,False,,STES
TEST_0473,15,BRCA,THYM,0.25,False,,SARC
TEST_0474,22,UCEC,SARC,0.375,False,,UCEC
TEST_0475,29,KIPAN,LAML,0.33333334,False,,KIPAN
TEST_0476,16,LIHC,CESC,0.33333334,False,,SARC
TEST_0477,160,SKCM,SKCM,0.225,False,,SKCM
TEST_0478,7,GBMLGG,LGG,1.0,True,LGG,GBMLGG
TEST_0479,24,LIHC,BRCA,0.33333334,False,,LIHC
TEST_0480,8,BRCA,COAD,0.33333334,False,,KIRC
TEST_0481,4,BRCA,PRAD,1.0,False,,PRAD
TEST_0482,62,BLCA,LUSC,0.1764706,False,,LUSC
TEST_0483,10,KIRC,KIPAN,1.0,True,KIPAN,KIRC
TEST_0484,4,BRCA,UCEC,0.4,False,,BRCA
TEST_0485,28,KIRC,KIPAN,1.0,True,KIPAN,KIRC
TEST_0486,65,BLCA,STES,0.18181819,False,,BLCA
TEST_0487,16,BRCA,OV,0.44444445,False,,BRCA
TEST_0488,50,STES,OV,0.2,False,,STES
TEST_0489,16,OV,STES,0.4,False,,OV
TEST_0490,3,THCA,THCA,0.6666667,False,,THCA
TEST_0491,3,BRCA,KIPAN,0.0,False,,BRCA
TEST_0492,3,GBMLGG,GBMLGG,1.0,False,,PRAD
TEST_0493,85,COAD,COAD,0.15625,False,,LUAD
TEST_0494,18,BRCA,BRCA,0.33333334,False,,PAAD
TEST_0495,38,CESC,BRCA,0.27272728,False,,CESC
TEST_0496,11,BRCA,PAAD,0.5,False,,SARC
TEST_0497,4,THCA,THCA,1.0,False,,THCA
TEST_0498,8,BRCA,THCA,0.5,False,,PRAD
TEST_0499,69,STES,CESC,0.15384616,False,,STES
TEST_0500,14,KIPAN,HNSC,0.2,False,,KIPAN
TEST_0501,10,BRCA,PAAD,0.6666667,False,,BRCA
TEST_0502,11,BRCA,BRCA,0.4,False,,SARC
TEST_0503,36,STES,HNSC,0.21428572,False,,STES
TEST_0504,12,BRCA,STES,0.4,False,,BRCA
TEST_0505,35,STES,SARC,0.21428572,False,,STES
TEST_0506,16,CESC,KIPAN,0.5,False,,CESC
TEST_0507,47,LUAD,LUAD,0.27272728,False,,LUAD
TEST_0508,322,STES,SKCM,0.29126215,False,,UCEC
TEST_0509,52,LUAD,COAD,0.22727273,False,,LUAD
TEST_0510,55,COAD,KIPAN,0.18181819,False,,COAD
TEST_0511,18,TGCT,SARC,0.25,False,,TGCT
TEST_0512,22,KIRC,KIPAN,1.0,True,KIPAN,KIRC
TEST_0513,12,BRCA,UCEC,0.6666667,False,,BRCA
TEST_0514,967,ACC,PAAD,0.53496504,False,,ACC
TEST_0515,87,LUSC,UCEC,0.18421052,False,,LUSC
TEST_0516,46,STES,UCEC,0.33333334,False,,STES
TEST_0517,50,STES,COAD,0.18181819,False,,STES
TEST_0518,42,STES,HNSC,0.21052632,False,,STES
TEST_0519,6,THCA,THCA,0.6666667,False,,THCA
TEST_0520,45,KIPAN,SARC,0.2,False,,KIPAN
TEST_0521,28,KIPAN,COAD,0.23076923,False,,KIPAN
TEST_0522,17,KIPAN,LIHC,0.6666667,False,,KIPAN
TEST_0523,9,BRCA,KIPAN,0.0,False,,PRAD
TEST_0524,53,STES,STES,0.2173913,False,,LUSC
TEST_0525,56,STES,LUSC,0.22222222,False,,LUSC
TEST_0526,51,STES,COAD,0.22222222,False,,STES
TEST_0527,106,CESC,LUSC,0.16071428,False,,CESC
TEST_0528,25,BRCA,BRCA,0.33333334,False,,BRCA
TEST_0529,4,THCA,THCA,1.0,False,,THCA
TEST_0530,46,BRCA,STES,0.2173913,False,,HNSC
TEST_0531,34,BRCA,KIPAN,0.2,False,,BRCA
TEST_0532,52,LUAD,ACC,0.20833333,False,,LUSC
TEST_0533,47,STES,LUSC,0.26923078,False,,STES
TEST_0534,2,PRAD,KIPAN,0.0,False,,PRAD
TEST_0535,29,KIPAN,PRAD,0.33333334,False,,KIPAN
TEST_0536,16,OV,PAAD,0.75,False,,OV
TEST_0537,24,KIPAN,PCPG,0.33333334,False,,KIPAN
TEST_0538,5,BRCA,KIPAN,0.5,False,,BRCA
TEST_0539,14,KIPAN,BRCA,0.2857143,False,,KIRC
TEST_0540,74,SKCM,ACC,0.1764706,False,,SKCM
TEST_0541,54,STES,LIHC,0.20689656,False,,STES
TEST_0542,11,OV,BRCA,0.42857143,False,,SARC
TEST_0543,65,COAD,COAD,0.20689656,False,,HNSC
TEST_0544,6,KIPAN,PRAD,0.5,False,,KIRC
TEST_0545,0,THYM,KIPAN,0.0,False,,THYM
TEST_0546,32,GBMLGG,GBMLGG,0.16666667,False,,LUSC
TEST_0547,25,LIHC,STES,0.3,False,,LIHC
TEST_0548,18,KIRC,KIPAN,1.0,True,KIPAN,KIRC
TEST_0549,74,SKCM,SKCM,0.13725491,False,,SKCM
TEST_0550,22,BRCA,PAAD,0.33333334,False,,LIHC
TEST_0551,18,OV,OV,0.5,False,,OV
TEST_0552,35,STES,COAD,0.30769232,False,,OV
TEST_0553,24,BRCA,PAAD,0.25,False,,BRCA
TEST_0554,14,KIRC,TGCT,0.22222222,False,,KIRC
TEST_0555,65,COAD,LUSC,0.15625,False,,STES
TEST_0556,43,LIHC,SARC,0.2,False,,LIHC
TEST_0557,13,BRCA,BRCA,0.4,False,,OV
TEST_0558,4,LAML,LAML,1.0,False,,LAML
TEST_0559,48,LUSC,COAD,0.33333334,False,,LUSC
TEST_0560,9,THCA,THCA,0.5,False,,THCA
TEST_0561,9,BRCA,GBMLGG,1.0,False,,BRCA
TEST_0562,5,PRAD,KIPAN,0.0,False,,PRAD
TEST_0563,109,LIHC,CESC,0.2,False,,LUSC
TEST_0564,71,BLCA,LUSC,0.20454545,False,,BLCA
TEST_0565,2,THCA,THCA,1.0,False,,THCA
TEST_0566,108,SKCM,SKCM,0.23076923,False,,SKCM
TEST_0567,68,COAD,OV,0.20833333,False,,COAD
TEST_0568,18,KIPAN,COAD,0.27272728,False,,KIPAN
TEST_0569,902,ACC,UCEC,0.47810218,False,,ACC
TEST_0570,49,STES,BRCA,0.21052632,False,,STES
TEST_0571,8,KIPAN,KIRC,1.0,True,KIRC,KIPAN
TEST_0572,32,BRCA,PRAD,0.25,False,,CESC
TEST_0573,4,GBMLGG,LGG,1.0,True,LGG,GBMLGG
TEST_0574,56,STES,LUSC,0.18518518,False,,STES
TEST_0575,22,COAD,OV,0.27272728,False,,COAD
TEST_0576,15,UCEC,LIHC,0.42857143,False,,UCEC
TEST_0577,5,BRCA,LAML,0.5,False,,BRCA
TEST_0578,40,HNSC,BRCA,0.23076923,False,,HNSC
TEST_0579,24,SKCM,BRCA,0.33333334,False,,SKCM
TEST_0580,63,STES,LUSC,0.1764706,False,,STES
TEST_0581,41,STES,KIPAN,0.22727273,False,,STES
TEST_0582,41,STES,COAD,0.23809524,False,,LUSC
TEST_0583,1383,UCEC,COAD,0.7312253,False,,UCEC
TEST_0584,20,BRCA,HNSC,0.33333334,False,,LIHC
TEST_0585,7,KIRC,KIPAN,0.0,True,KIPAN,KIRC
TEST_0586,3,THCA,THCA,1.0,False,,THCA
TEST_0587,925,ACC,PAAD,0.53125,False,,ACC
TEST_0588,28,COAD,COAD,0.25,False,,COAD
TEST_0589,101,LUAD,LUSC,0.21052632,False,,LUSC
TEST_0590,36,LIHC,KIPAN,0.1904762,False,,LIHC
TEST_0591,51,LUAD,COAD,0.21428572,False,,LUAD
TEST_0592,137,LUSC,UCEC,0.15789473,False,,LUSC
TEST_0593,411,STES,UCEC,0.3254902,False,,STES
TEST_0594,15,BRCA,CESC,0.25,False,,BRCA
TEST_0595,4,PCPG,THCA,1.0,False,,PCPG
TEST_0596,368,COAD,STES,0.29655173,False,,COAD
TEST_0597,62,HNSC,LUSC,0.1875,False,,BLCA
TEST_0598,7,BRCA,BRCA,1.0,False,,BRCA
TEST_0599,48,STES,COAD,0.1923077,False,,STES
TEST_0600,20,KIPAN,BRCA,0.4,False,,LIHC
TEST_0601,56,STES,LUSC,0.21212122,False,,STES
TEST_0602,4,LAML,KIPAN,0.0,False,,LAML
TEST_0603,140,SKCM,SKCM,0.2112676,False,,SKCM
TEST_0604,40,STES,COAD,0.18181819,False,,STES
TEST_0605,10,LGG,GBMLGG,1.0,True,GBMLGG,LGG
TEST_0606,53,STES,COAD,0.2,False,,STES
TEST_0607,46,LUAD,STES,0.1904762,False,,STES
TEST_0608,42,LUSC,COAD,0.25,False,,LUSC
TEST_0609,6,BRCA,KIPAN,0.0,False,,SARC
TEST_0610,23,BRCA,BRCA,0.33333334,False,,OV
TEST_0611,12,KIPAN,KIRC,1.0,True,KIRC,KIPAN
TEST_0612,21,BRCA,GBMLGG,0.2857143,False,,GBMLGG
TEST_0613,25,KIPAN,BRCA,0.2857143,False,,KIPAN
TEST_0614,27,KIPAN,SARC,0.2857143,False,,KIPAN
TEST_0615,42,STES,COAD,0.3125,False,,HNSC
TEST_0616,11,UCEC,KIPAN,0.4,False,,UCEC
TEST_0617,14,COAD,OV,0.33333334,False,,OV
TEST_0618,53,COAD,OV,0.18181819,False,,LUSC
TEST_0619,1,THCA,KIPAN,0.0,False,,PRAD
TEST_0620,1386,STES,PAAD,0.7241379,False,,STES
TEST_0621,7,BRCA,PRAD,1.0,False,,BRCA
TEST_0622,28,KIPAN,KIRC,1.0,True,KIRC,KIPAN
TEST_0623,253,LUAD,LUSC,0.2857143,False,,LUAD
TEST_0624,1035,COAD,SKCM,0.62676054,False,,COAD
TEST_0625,39,LIHC,COAD,0.25,False,,LIHC
TEST_0626,51,STES,COAD,0.18181819,False,,STES
TEST_0627,51,STES,GBMLGG,0.20833333,False,,STES
TEST_0628,47,STES,BLCA,0.2413793,False,,STES
TEST_0629,916,ACC,PAAD,0.5051903,False,,DLBC
TEST_0630,77,BLCA,CESC,0.20689656,False,,LUSC
TEST_0631,45,STES,STES,0.15384616,False,,STES
TEST_0632,45,STES,CESC,0.16666667,False,,STES
TEST_0633,679,UCEC,UCEC,0.4494382,False,,UCEC
TEST_0634,84,STES,COAD,0.1891892,False,,LUSC
TEST_0635,9,BRCA,DLBC,0.5,False,,PRAD
TEST_0636,33,SKCM,THCA,0.25,False,,SKCM
TEST_0637,2,THYM,PCPG,1.0,False,,THYM
TEST_0638,49,STES,GBMLGG,0.22727273,False,,STES
TEST_0639,40,STES,COAD,0.15789473,False,,KIPAN
TEST_0640,61,STES,HNSC,0.17073171,False,,STES
TEST_0641,5,PRAD,KIPAN,0.0,False,,PRAD
TEST_0642,15,HNSC,GBMLGG,0.375,False,,HNSC
TEST_0643,7,THCA,THCA,0.5,False,,THCA
TEST_0644,14,BRCA,LAML,0.25,False,,SARC
TEST_0645,34,LIHC,KIPAN,0.1875,False,,LIHC
TEST_0646,84,STES,LUAD,0.17857143,False,,STES
TEST_0647,40,BRCA,BRCA,0.17391305,False,,KIPAN
TEST_0648,1255,UCEC,SKCM,0.6619718,False,,UCEC
TEST_0649,10,LGG,GBMLGG,1.0,True,GBMLGG,LGG
TEST_0650,51,LUSC,BRCA,0.26666668,False,,LUSC
TEST_0651,35,STES,BRCA,0.21428572,False,,STES
TEST_0652,87,LUSC,SKCM,0.20754717,False,,LUSC
TEST_0653,50,STES,COAD,0.18181819,False,,STES
TEST_0654,12,PRAD,THCA,0.33333334,False,,PRAD
TEST_0655,1,LAML,KIPAN,0.0,False,,PRAD
TEST_0656,3,THYM,KIPAN,0.0,False,,THYM
TEST_0657,10,UCEC,UCEC,0.6666667,False,,UCEC
TEST_0658,92,STES,STES,0.18181819,False,,STES
TEST_0659,43,COAD,LUSC,0.23809524,False,,COAD
TEST_0660,41,STES,OV,0.25,False,,STES
TEST_0661,47,STES,BRCA,0.23529412,False,,STES
TEST_0662,9,GBMLGG,LGG,1.0,True,LGG,GBMLGG
TEST_0663,47,STES,BRCA,0.16666667,False,,STES
TEST_0664,10,BRCA,PRAD,0.5,False,,PRAD
TEST_0665,53,STES,BLCA,0.2,False,,STES
TEST_0666,19,KIRC,PRAD,1.0,True,KIPAN,KIRC
TEST_0667,38,COAD,SKCM,0.16,False,,COAD
TEST_0668,92,STES,ACC,0.1724138,False,,LUSC
TEST_0669,3,PCPG,TGCT,0.5,False,,PCPG
TEST_0670,18,KIRC,PCPG,0.5,False,,KIRC
TEST_0671,52,STES,COAD,0.18518518,False,,STES
TEST_0672,1,PCPG,KIPAN,0.0,False,,PRAD
TEST_0673,15,KIPAN,THYM,0.33333334,False,,TGCT
TEST_0674,20,UCEC,THYM,0.25,False,,UCEC
TEST_0675,104,STES,BLCA,0.1590909,False,,STES
TEST_0676,0,THYM,KIPAN,0.0,False,,THYM
TEST_0677,8,OV,COAD,0.5,False,,OV
TEST_0678,60,STES,SKCM,0.18604651,False,,STES
TEST_0679,12,GBMLGG,STES,0.26666668,False,,CESC
TEST_0680,32,DLBC,SARC,0.25,False,,DLBC
TEST_0681,36,COAD,OV,0.2,False,,COAD
TEST_0682,65,COAD,HNSC,0.16666667,False,,COAD
TEST_0683,4,BRCA,KIPAN,0.5,False,,BRCA
TEST_0684,15,GBMLGG,UCEC,0.5,False,,GBMLGG
TEST_0685,17,KIPAN,HNSC,0.2,False,,KIPAN
TEST_0686,56,STES,CESC,0.1923077,False,,STES
TEST_0687,30,COAD,COAD,0.21428572,False,,COAD
TEST_0688,56,STES,OV,0.23809524,False,,STES
TEST_0689,39,LIHC,KIRC,0.23076923,False,,LIHC
TEST_0690,1073,COAD,UCEC,0.63503647,False,,COAD
TEST_0691,33,STES,KIRC,0.23076923,False,,STES
TEST_0692,58,STES,BRCA,0.22222222,False,,STES
TEST_0693,1,THCA,KIPAN,0.0,False,,THCA
TEST_0694,203,LUSC,STES,0.17948718,False,,LUSC
TEST_0695,9,KIRC,KIPAN,1.0,True,KIPAN,KIRC
TEST_0696,0,THYM,KIPAN,0.0,False,,THYM
TEST_0697,571,UCEC,UCEC,0.4456929,False,,UCEC
TEST_0698,155,ACC,LUSC,0.20588236,False,,ACC
TEST_0699,7,GBMLGG,GBMLGG,0.33333334,False,,GBMLGG
TEST_0700,19,PAAD,OV,0.33333334,False,,PAAD
TEST_0701,1,THCA,KIPAN,0.0,False,,THCA
TEST_0702,17,SKCM,PCPG,0.4,False,,THCA
TEST_0703,16,BRCA,BRCA,0.5,False,,SARC
TEST_0704,28,STES,BRCA,0.33333334,False,,GBMLGG
TEST_0705,11,UCEC,UCEC,0.6,False,,UCEC
TEST_0706,4,GBMLGG,LGG,1.0,False,,GBMLGG
TEST_0707,202,STES,STES,0.22680412,False,,STES
TEST_0708,16,KIRC,KIPAN,1.0,True,KIPAN,KIRC
TEST_0709,73,STES,STES,0.2195122,False,,STES
TEST_0710,8,BRCA,THYM,1.0,False,,PRAD
TEST_0711,26,KIPAN,CESC,0.33333334,False,,KIPAN
TEST_0712,58,STES,LUSC,0.19565217,False,,STES
TEST_0713,54,STES,COAD,0.22727273,False,,STES
TEST_0714,6,PCPG,PCPG,1.0,False,,PCPG
TEST_0715,8,BRCA,KIPAN,0.33333334,False,,SARC
TEST_0716,4,GBMLGG,LGG,1.0,True,LGG,GBMLGG
TEST_0717,80,SKCM,SKCM,0.28125,False,,SKCM
TEST_0718,20,SKCM,LIHC,0.25,False,,SKCM
TEST_0719,6,KIRC,LAML,1.0,True,KIPAN,KIRC
TEST_0720,11,BRCA,KIPAN,0.33333334,False,,PRAD
TEST_0721,69,LUAD,SKCM,0.24,False,,LUAD
TEST_0722,18,ACC,PCPG,0.33333334,False,,ACC
TEST_0723,9,BRCA,PCPG,0.4,False,,BRCA
TEST_0724,36,STES,SARC,0.22222222,False,,LUSC
TEST_0725,19,LIHC,LUAD,0.16666667,False,,LIHC
TEST_0726,36,STES,COAD,0.22222222,False,,LUSC
TEST_0727,24,DLBC,TGCT,0.4,False,,DLBC
TEST_0728,11,OV,LAML,0.5,False,,OV
TEST_0729,7,KIRC,KIPAN,1.0,True,KIPAN,KIRC
TEST_0730,219,STES,STES,0.21556886,False,,STES
TEST_0731,47,STES,GBMLGG,0.1904762,False,,STES
TEST_0732,44,STES,STES,0.2173913,False,,STES
TEST_0733,2,THCA,THCA,0.5,False,,THCA
TEST_0734,35,STES,COAD,0.22222222,False,,LUSC
TEST_0735,12,GBMLGG,LGG,1.0,True,LGG,GBMLGG
TEST_0736,3,PRAD,KIPAN,0.0,False,,PRAD
TEST_0737,23,KIPAN,THCA,0.25,False,,KIPAN
TEST_0738,13,OV,OV,0.42857143,False,,OV
TEST_0739,84,CESC,CESC,0.17307693,False,,CESC
TEST_0740,8,BRCA,THYM,0.33333334,False,,SARC
TEST_0741,7,THCA,THCA,0.6666667,False,,THCA
TEST_0742,40,STES,SKCM,0.21875,False,,STES
TEST_0743,19,LIHC,STES,0.33333334,False,,LIHC
TEST_0744,38,COAD,LUSC,0.22222222,False,,COAD
TEST_0745,9,BRCA,TGCT,0.25,False,,SARC
TEST_0746,21,BRCA,GBMLGG,0.4,False,,OV
TEST_0747,74,LUAD,LUSC,0.1891892,False,,LUAD
TEST_0748,13,BRCA,COAD,0.2857143,False,,BRCA
TEST_0749,63,STES,STES,0.17857143,False,,STES
TEST_0750,16,KIPAN,STES,0.2857143,False,,KIPAN
TEST_0751,53,BLCA,COAD,0.20833333,False,,BLCA
TEST_0752,7,BRCA,THYM,1.0,False,,PRAD
TEST_0753,60,LUSC,COAD,0.2857143,False,,LUSC
TEST_0754,18,HNSC,GBMLGG,0.22222222,False,,KIPAN
TEST_0755,402,STES,UCEC,0.344,False,,STES
TEST_0756,965,ACC,PAAD,0.5104895,False,,ACC
TEST_0757,2,PRAD,BRCA,0.6666667,False,,PRAD
TEST_0758,7,OV,SARC,0.6,False,,OV
TEST_0759,13,BRCA,STES,0.25,False,,SARC
TEST_0760,25,BRCA,COAD,0.3,False,,BRCA
TEST_0761,42,STES,COAD,0.22222222,False,,BLCA
TEST_0762,16,OV,UCEC,0.5,False,,OV
TEST_0763,50,STES,COAD,0.1923077,False,,STES
TEST_0764,41,STES,COAD,0.2173913,False,,STES
TEST_0765,32,CESC,COAD,0.25,False,,CESC
TEST_0766,1017,ACC,PAAD,0.550173,False,,ACC
TEST_0767,5,PRAD,PRAD,1.0,False,,PRAD
TEST_0768,46,COAD,COAD,0.23809524,False,,STES
TEST_0769,31,ACC,BRCA,0.25,False,,ACC
TEST_0770,26,KIPAN,LUAD,0.3125,False,,KIPAN
TEST_0771,12,BRCA,BRCA,0.5,False,,SARC
TEST_0772,2,BRCA,BRCA,0.5,False,,PRAD
TEST_0773,15,ACC,KIPAN,0.4,False,,ACC
TEST_0774,16,TGCT,KIPAN,0.23076923,False,,TGCT
TEST_0775,51,STES,OV,0.1923077,False,,STES
TEST_0776,17,KIPAN,KIRC,1.0,True,KIRC,KIPAN
TEST_0777,64,STES,COAD,0.2,False,,STES
TEST_0778,24,OV,TGCT,0.21428572,False,,OV
TEST_0779,35,STES,COAD,0.2857143,False,,KIRC
TEST_0780,2,THCA,THCA,0.5,False,,THCA
TEST_0781,58,STES,COAD,0.15384616,False,,STES
TEST_0782,9,OV,BRCA,0.33333334,False,,OV
TEST_0783,10,KIPAN,KIPAN,0.33333334,False,,SARC
TEST_0784,17,KIPAN,KIRC,1.0,True,KIRC,KIPAN
TEST_0785,7,PRAD,SARC,1.0,False,,PRAD
TEST_0786,19,LIHC,STES,0.33333334,False,,LIHC
TEST_0787,0,THYM,KIPAN,0.0,False,,THYM
TEST_0788,101,STES,SARC,0.1980198,False,,STES
TEST_0789,13,UCEC,UCEC,0.42857143,False,,UCEC
TEST_0790,7,OV,BRCA,0.75,False,,SARC
TEST_0791,12,BRCA,GBMLGG,0.5,False,,GBMLGG
TEST_0792,59,STES,LUSC,0.18181819,False,,LUSC
TEST_0793,30,KIPAN,KIPAN,0.25,False,,KIPAN
TEST_0794,19,KIPAN,KIRC,1.0,True,KIRC,KIPAN
TEST_0795,37,LUAD,OV,0.15384616,False,,PAAD
TEST_0796,2,LAML,KIPAN,0.0,False,,LAML
TEST_0797,46,STES,SKCM,0.19354838,False,,STES
TEST_0798,1,BRCA,KIPAN,0.0,False,,THYM
TEST_0799,35,STES,COAD,0.21052632,False,,STES
TEST_0800,15,KIPAN,KIRC,1.0,True,KIRC,KIPAN
TEST_0801,11,TGCT,KIPAN,0.33333334,False,,SARC
TEST_0802,19,TGCT,BRCA,0.2857143,False,,TGCT
TEST_0803,57,COAD,STES,0.22222222,False,,COAD
TEST_0804,26,UCEC,HNSC,0.3,False,,UCEC
TEST_0805,50,HNSC,SARC,0.26666668,False,,HNSC
TEST_0806,30,UCEC,UCEC,0.2857143,False,,UCEC
TEST_0807,126,STES,COAD,0.17142858,False,,LUSC
TEST_0808,43,LUAD,STES,0.22580644,False,,LUSC
TEST_0809,26,STES,CESC,0.25,False,,STES
TEST_0810,159,ACC,STES,0.1744186,False,,ACC
TEST_0811,22,HNSC,KIPAN,0.33333334,False,,HNSC
TEST_0812,3,BRCA,THCA,1.0,False,,PRAD
TEST_0813,982,COAD,UCEC,0.59489053,False,,UCEC
TEST_0814,34,KIPAN,DLBC,0.2857143,False,,KIPAN
TEST_0815,14,SARC,KIPAN,0.5,False,,SARC
TEST_0816,50,STES,LUAD,0.20833333,False,,STES
TEST_0817,49,STES,KIPAN,0.16666667,False,,LUAD
TEST_0818,42,COAD,BRCA,0.21052632,False,,COAD
TEST_0819,15,GBMLGG,GBMLGG,0.2857143,False,,GBMLGG
TEST_0820,31,STES,OV,0.3125,False,,KIPAN
TEST_0821,5,GBMLGG,LGG,1.0,True,LGG,GBMLGG
TEST_0822,15,COAD,UCEC,0.5,False,,COAD
TEST_0823,32,STES,BRCA,0.13333334,False,,KIPAN
TEST_0824,13,KIPAN,KIRC,1.0,True,KIRC,KIPAN
TEST_0825,20,KIPAN,GBMLGG,0.22222222,False,,KIPAN
TEST_0826,34,BRCA,BRCA,0.16666667,False,,BRCA
TEST_0827,15,KIPAN,KIRC,1.0,True,KIRC,KIPAN
TEST_0828,15,BRCA,BRCA,0.33333334,False,,BRCA
TEST_0829,64,STES,COAD,0.18181819,False,,STES
TEST_0830,10,BRCA,UCEC,0.6,False,,BRCA
TEST_0831,36,STES,COAD,0.29411766,False,,STES
TEST_0832,8,LGG,GBMLGG,1.0,True,GBMLGG,LGG
TEST_0833,8,BRCA,KIPAN,0.5,False,,SARC
TEST_0834,14,GBMLGG,LGG,1.0,True,LGG,GBMLGG
TEST_0835,67,COAD,LUAD,0.1724138,False,,LUAD
TEST_0836,11,KIPAN,KIRC,1.0,True,KIRC,KIPAN
TEST_0837,23,KIRC,KIPAN,1.0,True,KIPAN,KIRC
TEST_0838,37,CESC,STES,0.1904762,False,,CESC
TEST_0839,103,SKCM,ACC,0.14035088,False,,LUSC
TEST_0840,14,BRCA,UCEC,0.5,False,,BRCA
TEST_0841,55,STES,COAD,0.25,False,,STES
TEST_0842,8,THCA,THCA,0.5,False,,THCA
TEST_0843,12,OV,OV,0.6,False,,OV
TEST_0844,10,KIPAN,KIRC,1.0,True,KIRC,KIPAN
TEST_0845,17,PAAD,STES,0.33333334,False,,PAAD
TEST_0846,12,GBMLGG,LGG,1.0,True,LGG,GBMLGG
TEST_0847,113,LUAD,BLCA,0.15476191,False,,BLCA
TEST_0848,358,STES,UCEC,0.3022388,False,,STES
TEST_0849,115,LUSC,LUSC,0.23913044,False,,LUSC
TEST_0850,71,STES,LUAD,0.18181819,False,,STES
TEST_0851,39,SKCM,COAD,0.21052632,False,,SKCM
TEST_0852,3,BRCA,BRCA,1.0,False,,BRCA
TEST_0853,35,BRCA,TGCT,0.22222222,False,,CESC
TEST_0854,22,KIPAN,KIRC,1.0,True,KIRC,KIPAN
TEST_0855,0,THYM,KIPAN,0.0,False,,THYM
TEST_0856,3,BRCA,KIPAN,0.0,False,,PRAD
TEST_0857,9,BRCA,PRAD,0.5,False,,SARC
TEST_0858,98,DLBC,LUAD,0.2,False,,DLBC
TEST_0859,37,LUSC,HNSC,0.225,False,,LUSC
TEST_0860,15,KIRC,KIPAN,1.0,True,KIPAN,KIRC
TEST_0861,53,LUSC,LIHC,0.1923077,False,,LUSC
TEST_0862,35,STES,COAD,0.18181819,False,,STES
TEST_0863,58,STES,OV,0.17857143,False,,LUSC
TEST_0864,4,LAML,KIPAN,0.0,False,,LAML
TEST_0865,6,PRAD,PCPG,0.5,False,,PRAD
TEST_0866,44,STES,STES,0.25,False,,BLCA
TEST_0867,57,STES,PAAD,0.21428572,False,,STES
TEST_0868,47,STES,COAD,0.18518518,False,,STES
TEST_0869,2,THYM,KIPAN,1.0,False,,THYM
TEST_0870,51,STES,KIPAN,0.2173913,False,,LUSC
TEST_0871,41,STES,COAD,0.3181818,False,,STES
TEST_0872,14,SARC,SARC,0.33333334,False,,SARC
TEST_0873,8,BRCA,BRCA,0.5,False,,PRAD
TEST_0874,41,LIHC,KIRC,0.2,False,,LIHC
TEST_0875,8,PRAD,PRAD,0.2857143,False,,PRAD
TEST_0876,47,STES,TGCT,0.14285715,False,,LUSC
TEST_0877,21,KIPAN,BRCA,0.4,False,,CESC
TEST_0878,2,PCPG,KIPAN,0.0,False,,PRAD
TEST_0879,21,TGCT,THCA,0.33333334,False,,LUAD
TEST_0880,1,LAML,KIPAN,0.0,False,,THYM
TEST_0881,23,HNSC,OV,0.42857143,False,,HNSC
TEST_0882,31,COAD,OV,0.22222222,False,,BRCA
TEST_0883,134,SKCM,SKCM,0.22619048,False,,SKCM
TEST_0884,12,LGG,GBMLGG,1.0,True,GBMLGG,LGG
TEST_0885,10,PRAD,BRCA,0.33333334,False,,PRAD
TEST_0886,5,GBMLGG,LGG,1.0,True,LGG,GBMLGG
TEST_0887,6,BRCA,BRCA,1.0,False,,BRCA
TEST_0888,29,BRCA,OV,0.2857143,False,,BRCA
TEST_0889,36,STES,COAD,0.25,False,,COAD
TEST_0890,49,LUAD,COAD,0.21052632,False,,LUAD
TEST_0891,18,OV,BRCA,0.375,False,,OV
TEST_0892,36,BRCA,STES,0.26923078,False,,COAD
TEST_0893,16,TGCT,OV,0.4,False,,TGCT
TEST_0894,12,GBMLGG,PRAD,1.0,False,,GBMLGG
TEST_0895,148,SKCM,LUAD,0.25316456,False,,SKCM
TEST_0896,46,STES,STES,0.2857143,False,,STES
TEST_0897,3,PRAD,PCPG,1.0,False,,PRAD
TEST_0898,1,THYM,BRCA,1.0,False,,THYM
TEST_0899,2,THCA,KIPAN,0.0,False,,PRAD
TEST_0900,46,HNSC,STES,0.23333333,False,,LUSC
TEST_0901,30,STES,PAAD,0.42857143,False,,LUAD
TEST_0902,13,PRAD,STES,0.33333334,False,,SARC
TEST_0903,35,STES,LUSC,0.1904762,False,,LUSC
TEST_0904,14,TGCT,THCA,0.33333334,False,,TGCT
TEST_0905,68,STES,LUSC,0.1632653,False,,STES
TEST_0906,52,SKCM,SKCM,0.18867925,False,,SKCM
TEST_0907,1769,CESC,PAAD,0.80344826,False,,SARC
TEST_0908,570,STES,PAAD,0.40344828,False,,UCEC
TEST_0909,30,COAD,COAD,0.27272728,False,,COAD
TEST_0910,51,SKCM,BRCA,0.16666667,False,,LUSC
TEST_0911,2,BRCA,SARC,1.0,False,,THYM
TEST_0912,28,STES,HNSC,0.25,False,,STES
TEST_0913,336,STES,SKCM,0.3152174,False,,STES
TEST_0914,40,LUAD,KIPAN,0.2,False,,LUSC
TEST_0915,54,STES,COAD,0.17857143,False,,STES
TEST_0916,23,HNSC,BRCA,0.3,False,,HNSC
TEST_0917,30,LIHC,SKCM,0.23076923,False,,LIHC
TEST_0918,28,KIPAN,BRCA,0.23076923,False,,KIPAN
TEST_0919,22,KIPAN,PCPG,0.22222222,False,,KIPAN
TEST_0920,10,PRAD,GBMLGG,0.6666667,False,,SARC
TEST_0921,22,TGCT,TGCT,0.25,False,,TGCT
TEST_0922,69,ACC,LIHC,0.18518518,False,,ACC
TEST_0923,28,BRCA,COAD,0.1724138,False,,KIPAN
TEST_0924,9,BRCA,THCA,0.5,False,,SARC
TEST_0925,8,KIRC,KIPAN,1.0,True,KIPAN,KIRC
TEST_0926,55,STES,COAD,0.18518518,False,,STES
TEST_0927,13,BRCA,BRCA,0.6666667,False,,BRCA
TEST_0928,911,ACC,SKCM,0.49462366,False,,ACC
TEST_0929,21,KIPAN,CESC,0.18181819,False,,KIPAN
TEST_0930,44,LIHC,STES,0.21052632,False,,LUSC
TEST_0931,26,GBMLGG,KIPAN,1.0,False,,GBMLGG
TEST_0932,19,LIHC,STES,0.25,False,,KIPAN
TEST_0933,41,STES,HNSC,0.21875,False,,STES
TEST_0934,14,OV,BRCA,0.375,False,,OV
TEST_0935,3,THCA,THCA,1.0,False,,THCA
TEST_0936,51,STES,OV,0.23529412,False,,STES
TEST_0937,65,STES,BLCA,0.17948718,False,,LUSC
TEST_0938,6,LGG,LGG,1.0,True,GBMLGG,LGG
TEST_0939,46,STES,LUSC,0.24,False,,STES
TEST_0940,6,BRCA,TGCT,0.33333334,False,,SARC
TEST_0941,44,STES,GBMLGG,0.23529412,False,,COAD
TEST_0942,3,BRCA,KIPAN,0.0,False,,PRAD
TEST_0943,79,UCEC,HNSC,0.1724138,False,,UCEC
TEST_0944,26,KIPAN,BRCA,0.2857143,False,,KIPAN
TEST_0945,45,STES,HNSC,0.25,False,,STES
TEST_0946,22,KIPAN,BRCA,0.18181819,False,,KIPAN
TEST_0947,7,GBMLGG,LGG,0.6666667,False,,GBMLGG
TEST_0948,27,KIPAN,BRCA,0.2857143,False,,KIPAN
TEST_0949,35,STES,KIRC,0.1764706,False,,CESC
TEST_0950,14,KIPAN,CESC,1.0,False,,KIPAN
TEST_0951,4,GBMLGG,LGG,1.0,False,,GBMLGG
TEST_0952,36,STES,TGCT,0.16666667,False,,COAD
TEST_0953,44,LUAD,GBMLGG,0.2,False,,LUAD
TEST_0954,3,LAML,THCA,1.0,False,,LAML
TEST_0955,26,GBMLGG,BRCA,0.3,False,,GBMLGG
TEST_0956,1243,UCEC,UCEC,0.7080292,False,,UCEC
TEST_0957,54,SKCM,HNSC,0.23809524,False,,SKCM
TEST_0958,16,BRCA,STES,0.4,False,,BRCA
TEST_0959,55,STES,BRCA,0.21428572,False,,STES
TEST_0960,10,KIRC,KIPAN,1.0,True,KIPAN,KIRC
TEST_0961,28,BRCA,BRCA,0.33333334,False,,BRCA
TEST_0962,630,COAD,SKCM,0.45683452,False,,COAD
TEST_0963,96,STES,LUSC,0.20512821,False,,LUSC
TEST_0964,16,OV,KIPAN,0.33333334,False,,OV
TEST_0965,31,STES,BLCA,0.3,False,,KIPAN
TEST_0966,43,STES,BRCA,0.23076923,False,,STES
TEST_0967,209,UCEC,BRCA,0.2519084,False,,UCEC
TEST_0968,52,LUAD,STES,0.1904762,False,,LUSC
TEST_0969,49,STES,COAD,0.25,False,,STES
TEST_0970,53,STES,COAD,0.1923077,False,,STES
TEST_0971,10,TGCT,KIPAN,0.0,False,,TGCT
TEST_0972,44,HNSC,HNSC,0.21052632,False,,HNSC
TEST_0973,13,KIPAN,PCPG,0.25,False,,KIPAN
TEST_0974,13,GBMLGG,BRCA,0.4,False,,SARC
TEST_0975,4,LGG,GBMLGG,1.0,True,GBMLGG,LGG
TEST_0976,7,LGG,GBMLGG,0.8,False,,LGG
TEST_0977,41,STES,STES,0.1875,False,,LUSC
TEST_0978,3,BRCA,PRAD,0.6666667,False,,PRAD
TEST_0979,0,THYM,KIPAN,0.0,False,,THYM
TEST_0980,106,LUAD,SKCM,0.18421052,False,,LUSC
TEST_0981,15,BRCA,TGCT,0.2857143,False,,BRCA
TEST_0982,8,GBMLGG,THYM,1.0,False,,SARC
TEST_0983,26,LIHC,SARC,0.3,False,,LIHC
TEST_0984,12,KIPAN,BRCA,0.25,False,,KIPAN
TEST_0985,76,HNSC,HNSC,0.2,False,,LUSC
TEST_0986,12,UCEC,UCEC,0.5,False,,UCEC
TEST_0987,5,GBMLGG,LGG,1.0,True,LGG,GBMLGG
TEST_0988,4,LAML,KIPAN,1.0,False,,LAML
TEST_0989,107,LUAD,STES,0.18518518,False,,LUAD
TEST_0990,26,KIPAN,KIPAN,0.15384616,False,,KIPAN
TEST_0991,35,HNSC,BRCA,0.27272728,False,,HNSC
TEST_0992,16,GBMLGG,GBMLGG,0.2857143,False,,GBMLGG
TEST_0993,138,BRCA,UCEC,0.18367347,False,,CESC
TEST_0994,37,KIPAN,PAAD,0.1764706,False,,KIPAN
TEST_0995,50,LIHC,KIRC,0.23529412,False,,LUSC
TEST_0996,70,HNSC,COAD,0.22727273,False,,HNSC
TEST_0997,12,BRCA,UCEC,0.5,False,,BRCA
TEST_0998,13,KIPAN,TGCT,0.2857143,False,,KIPAN
TEST_0999,36,COAD,KIPAN,0.25,False,,COAD
TEST_1000,60,SKCM,CESC,0.175,False,,SKCM
TEST_1001,29,COAD,COAD,0.26666668,False,,COAD
TEST_1002,22,BRCA,BRCA,0.6,False,,BRCA
TEST_1003,50,HNSC,COAD,0.20833333,False,,HNSC
TEST_1004,14,KIRC,KIPAN,1.0,True,KIPAN,KIRC
TEST_1005,21,TGCT,LUAD,0.22222222,False,,TGCT
TEST_1006,36,STES,COAD,0.3,False,,STES
TEST_1007,67,STES,COAD,0.20689656,False,,STES
TEST_1008,20,BRCA,BRCA,0.33333334,False,,PAAD
TEST_1009,8,KIPAN,SKCM,0.6666667,False,,KIPAN
TEST_1010,469,LUAD,PAAD,0.41549295,False,,LUAD
TEST_1011,50,BRCA,BRCA,0.25,False,,LUSC
TEST_1012,6,PRAD,TGCT,0.5,False,,PRAD
TEST_1013,16,KIPAN,KIRC,1.0,True,KIRC,KIPAN
TEST_1014,38,STES,KIPAN,0.22222222,False,,STES
TEST_1015,11,KIPAN,KIPAN,0.33333334,False,,KIPAN
TEST_1016,3,PRAD,KIPAN,0.0,False,,PRAD
TEST_1017,63,SKCM,CESC,0.1923077,False,,SKCM
TEST_1018,7,BRCA,UCEC,0.6666667,False,,BRCA
TEST_1019,48,LIHC,COAD,0.1904762,False,,LIHC
TEST_1020,21,BRCA,HNSC,0.25,False,,CESC
TEST_1021,22,KIPAN,KIPAN,0.3,False,,KIPAN
TEST_1022,3,PCPG,KIPAN,0.0,False,,PCPG
TEST_1023,1,PRAD,GBMLGG,1.0,False,,PRAD
TEST_1024,278,STES,LUAD,0.23376623,False,,STES
TEST_1025,22,BRCA,STES,0.25,False,,BRCA
TEST_1026,5,BRCA,KIPAN,0.0,False,,THYM
TEST_1027,46,STES,STES,0.2777778,False,,STES
TEST_1028,11,BRCA,BRCA,0.6666667,False,,BRCA
TEST_1029,17,GBMLGG,GBMLGG,0.25,False,,SARC
TEST_1030,9,GBMLGG,LGG,1.0,True,LGG,GBMLGG
TEST_1031,73,STES,COAD,0.21428572,False,,STES
TEST_1032,5,PRAD,PCPG,0.5,False,,PRAD
TEST_1033,12,BRCA,STES,0.33333334,False,,SARC
TEST_1034,1,KIPAN,KIPAN,0.0,True,KIPAN,KIPAN
TEST_1035,21,BRCA,LGG,0.2857143,False,,CESC
TEST_1036,58,SKCM,SKCM,0.17142858,False,,SKCM
TEST_1037,10,GBMLGG,LGG,1.0,True,LGG,GBMLGG
TEST_1038,36,STES,LUAD,0.20588236,False,,STES
TEST_1039,63,LUSC,LUAD,0.2,False,,LUSC
TEST_1040,39,COAD,COAD,0.25,False,,HNSC
TEST_1041,37,STES,COAD,0.21052632,False,,STES
TEST_1042,2,PRAD,PRAD,1.0,False,,PRAD
TEST_1043,29,KIPAN,PCPG,0.25,False,,KIPAN
TEST_1044,81,LUSC,SKCM,0.16216215,False,,LUSC
TEST_1045,48,BLCA,DLBC,0.1875,False,,BLCA
TEST_1046,20,KIPAN,KIRC,1.0,True,KIRC,KIPAN
TEST_1047,14,OV,BRCA,0.4,False,,OV
TEST_1048,12,BRCA,BRCA,0.6666667,False,,BRCA
TEST_1049,56,LUAD,SKCM,0.23529412,False,,LUAD
TEST_1050,685,STES,PAAD,0.4912892,False,,STES
TEST_1051,95,STES,LUSC,0.1627907,False,,STES
TEST_1052,46,HNSC,PAAD,0.2173913,False,,HNSC
TEST_1053,31,KIPAN,BLCA,0.33333334,False,,KIPAN
TEST_1054,43,STES,KIPAN,0.18518518,False,,STES
TEST_1055,0,THYM,KIPAN,0.0,False,,THYM
TEST_1056,8,BRCA,KIRC,0.33333334,False,,SARC
TEST_1057,27,ACC,LGG,0.2,False,,ACC
TEST_1058,11,TGCT,KIPAN,0.0,False,,TGCT
TEST_1059,22,OV,OV,0.5,False,,OV
TEST_1060,39,STES,COAD,0.3,False,,STES
TEST_1061,7,BRCA,THYM,0.33333334,False,,BRCA
TEST_1062,65,STES,STES,0.23529412,False,,STES
TEST_1063,71,STES,LIHC,0.16,False,,STES
TEST_1064,356,STES,STES,0.24806201,False,,STES
TEST_1065,2,PRAD,PCPG,1.0,False,,PRAD
TEST_1066,22,TGCT,TGCT,0.23076923,False,,TGCT
TEST_1067,13,BRCA,BRCA,0.5,False,,BRCA
TEST_1068,14,BRCA,BRCA,0.25,False,,SARC
TEST_1069,52,STES,COAD,0.25,False,,STES
TEST_1070,43,ACC,PAAD,0.21428572,False,,ACC
TEST_1071,1,KIRC,KIPAN,1.0,True,TIE,KIRC
TEST_1072,10,KIRC,KIPAN,1.0,True,KIPAN,KIRC
TEST_1073,38,COAD,SARC,0.23529412,False,,COAD
TEST_1074,13,UCEC,UCEC,0.6,False,,UCEC
TEST_1075,65,SKCM,SKCM,0.19354838,False,,SKCM
TEST_1076,27,BRCA,THCA,0.25,False,,CESC
TEST_1077,59,LIHC,UCEC,0.1875,False,,LIHC
TEST_1078,1,BRCA,BRCA,1.0,False,,PRAD
TEST_1079,41,STES,BLCA,0.20588236,False,,STES
TEST_1080,537,STES,UCEC,0.36329588,False,,STES
TEST_1081,181,SKCM,SKCM,0.23188406,False,,SARC
TEST_1082,15,SARC,KIPAN,0.18181819,False,,SARC
TEST_1083,8,OV,OV,1.0,False,,OV
TEST_1084,26,GBMLGG,GBMLGG,0.36363637,False,,GBMLGG
TEST_1085,9,SARC,LIHC,0.2857143,False,,SARC
TEST_1086,62,LIHC,STES,0.18604651,False,,LUSC
TEST_1087,34,BRCA,BRCA,0.30769232,False,,BRCA
TEST_1088,1905,BRCA,PAAD,0.80546075,False,,LUSC
TEST_1089,3,PCPG,SARC,1.0,False,,PCPG
TEST_1090,7,LGG,LGG,0.6,False,,LGG
TEST_1091,42,STES,KIPAN,0.21428572,False,,BLCA
TEST_1092,16,TGCT,KIPAN,0.33333334,False,,SARC
TEST_1093,2,BRCA,KIPAN,0.0,False,,PRAD
TEST_1094,58,STES,UCEC,0.16666667,False,,STES
TEST_1095,20,KIPAN,BRCA,0.25,False,,KIPAN
TEST_1096,19,STES,BRCA,0.375,False,,STES
TEST_1097,72,STES,COAD,0.2,False,,STES
TEST_1098,9,BRCA,BRCA,0.33333334,False,,BRCA
TEST_1099,20,GBMLGG,LGG,0.375,False,,GBMLGG
TEST_1100,67,STES,BRCA,0.17142858,False,,STES
TEST_1101,18,ACC,LGG,0.4,False,,ACC
TEST_1102,3,PRAD,PRAD,0.5,False,,PRAD
TEST_1103,345,STES,STES,0.29,False,,STES
TEST_1104,12,BRCA,BRCA,0.33333334,False,,BRCA
TEST_1105,68,HNSC,COAD,0.18181819,False,,HNSC
TEST_1106,8,THCA,THCA,0.6666667,False,,THCA
TEST_1107,15,LGG,GBMLGG,1.0,True,GBMLGG,LGG
TEST_1108,918,ACC,SKCM,0.4746377,False,,DLBC
TEST_1109,28,BRCA,TGCT,0.21052632,False,,LUSC
TEST_1110,5,SARC,THCA,0.5,False,,SARC
TEST_1111,21,GBMLGG,BRCA,0.2857143,False,,BRCA
TEST_1112,6,LGG,GBMLGG,1.0,True,GBMLGG,LGG
TEST_1113,10,KIPAN,KIRC,1.0,True,KIRC,KIPAN
TEST_1114,8,SARC,KIPAN,0.33333334,False,,SARC
TEST_1115,8,BRCA,BRCA,0.5,False,,SARC
TEST_1116,6,LGG,LGG,1.0,True,GBMLGG,LGG
TEST_1117,13,OV,SARC,0.5,False,,PAAD
TEST_1118,1,PRAD,BRCA,0.5,False,,PRAD
TEST_1119,60,STES,LUSC,0.17142858,False,,STES
TEST_1120,31,COAD,OV,0.23809524,False,,COAD
TEST_1121,14,TGCT,BRCA,0.33333334,False,,TGCT
TEST_1122,21,KIPAN,CESC,0.33333334,False,,KIPAN
TEST_1123,343,STES,UCEC,0.31390134,False,,STES
TEST_1124,68,STES,BRCA,0.17857143,False,,STES
TEST_1125,53,STES,STES,0.1904762,False,,COAD
TEST_1126,17,UCEC,UCEC,0.27272728,False,,UCEC
TEST_1127,14,KIPAN,KIRC,1.0,True,KIRC,KIPAN
TEST_1128,55,LUAD,HNSC,0.14814815,False,,LUSC
TEST_1129,43,STES,HNSC,0.27272728,False,,STES
TEST_1130,23,GBMLGG,SARC,0.25,False,,GBMLGG
TEST_1131,245,STES,UCEC,0.20833333,False,,STES
TEST_1132,26,BRCA,STES,0.1764706,False,,BRCA
TEST_1133,45,COAD,COAD,0.22727273,False,,COAD
TEST_1134,25,HNSC,STES,0.33333334,False,,HNSC
TEST_1135,56,STES,BRCA,0.1904762,False,,STES
TEST_1136,13,LGG,GBMLGG,1.0,True,GBMLGG,LGG
TEST_1137,53,CESC,STES,0.1509434,False,,CESC
TEST_1138,59,BLCA,UCEC,0.16666667,False,,BLCA
TEST_1139,3,KIPAN,KIPAN,1.0,True,KIPAN,KIRC
TEST_1140,9,BRCA,BRCA,0.2,False,,PRAD
TEST_1141,1921,UCEC,PAAD,0.8556701,False,,UCEC
TEST_1142,57,STES,BLCA,0.1632653,False,,STES
TEST_1143,23,BRCA,OV,0.4,False,,BRCA
TEST_1144,37,COAD,COAD,0.2,False,,COAD
TEST_1145,55,SKCM,LIHC,0.2,False,,SKCM
TEST_1146,32,LIHC,HNSC,0.25,False,,LUSC
TEST_1147,56,STES,COAD,0.22222222,False,,LUAD
TEST_1148,68,LUSC,COAD,0.14285715,False,,LUSC
TEST_1149,64,STES,LUSC,0.18367347,False,,LUAD
TEST_1150,13,OV,OV,0.6,False,,OV
TEST_1151,39,STES,COAD,0.2777778,False,,STES
TEST_1152,77,STES,BLCA,0.23214285,False,,HNSC
TEST_1153,50,STES,STES,0.2,False,,LUSC
TEST_1154,33,KIPAN,KIRC,0.22222222,False,,KIPAN
TEST_1155,9,LGG,GBMLGG,1.0,True,GBMLGG,LGG
TEST_1156,28,STES,COAD,0.21052632,False,,STES
TEST_1157,35,LIHC,BRCA,0.22222222,False,,LIHC
TEST_1158,165,HNSC,SARC,0.1923077,False,,LUSC
TEST_1159,42,STES,STES,0.21052632,False,,HNSC
TEST_1160,15,GBMLGG,GBMLGG,0.5,False,,GBMLGG
TEST_1161,45,STES,HNSC,0.18421052,False,,STES
TEST_1162,2138,UCEC,PAAD,0.8737201,False,,UCEC
TEST_1163,93,SKCM,LUAD,0.25581396,False,,SKCM
TEST_1164,51,STES,COAD,0.2777778,False,,STES
TEST_1165,77,BLCA,LUSC,0.21428572,False,,BLCA
TEST_1166,52,STES,COAD,0.20833333,False,,STES
TEST_1167,7,BRCA,BRCA,0.4,False,,BRCA
TEST_1168,24,KIPAN,UCEC,0.33333334,False,,LIHC
TEST_1169,21,BLCA,BLCA,0.27272728,False,,BLCA
TEST_1170,11,KIRC,KIPAN,1.0,True,KIPAN,KIRC
TEST_1171,6,BRCA,BRCA,0.33333334,False,,BRCA
TEST_1172,55,STES,STES,0.22727273,False,,LUSC
TEST_1173,80,LUSC,STES,0.18181819,False,,LUSC
TEST_1174,4,BRCA,PRAD,1.0,False,,BRCA
TEST_1175,10,SARC,TGCT,0.5,False,,SARC
TEST_1176,11,PRAD,KIPAN,0.4,False,,PRAD
TEST_1177,9,GBMLGG,LGG,1.0,True,LGG,GBMLGG
TEST_1178,560,COAD,UCEC,0.40892193,False,,COAD
TEST_1179,157,SKCM,SKCM,0.22131148,False,,SKCM
TEST_1180,9,LGG,GBMLGG,1.0,True,GBMLGG,LGG
TEST_1181,11,BRCA,PRAD,0.5,False,,SARC
TEST_1182,17,GBMLGG,OV,0.375,False,,GBMLGG
TEST_1183,7,BRCA,HNSC,1.0,False,,PRAD
TEST_1184,13,KIPAN,KIRC,1.0,True,KIRC,KIPAN
TEST_1185,24,KIPAN,KIPAN,0.22222222,False,,KIPAN
TEST_1186,48,STES,BRCA,0.23529412,False,,STES
TEST_1187,36,STES,BRCA,0.22222222,False,,COAD
TEST_1188,40,STES,SKCM,0.23529412,False,,STES
TEST_1189,31,KIPAN,KIRC,0.25,False,,KIPAN
TEST_1190,33,STES,BRCA,0.25,False,,STES
TEST_1191,8,THCA,THCA,0.6666667,False,,THCA
TEST_1192,20,TGCT,OV,0.33333334,False,,TGCT
TEST_1193,35,STES,COAD,0.3125,False,,STES
TEST_1194,44,STES,UCEC,0.22222222,False,,STES
TEST_1195,82,STES,HNSC,0.1875,False,,STES
TEST_1196,19,GBMLGG,OV,0.5,False,,GBMLGG
TEST_1197,3,THCA,THCA,1.0,False,,THCA
TEST_1198,948,ACC,PAAD,0.543554,False,,ACC
TEST_1199,18,STES,GBMLGG,0.22222222,False,,SARC
TEST_1200,8,OV,SARC,0.5,False,,OV
TEST_1201,11,BRCA,ACC,0.4,False,,BRCA
TEST_1202,1,KIRC,KIPAN,1.0,True,KIPAN,KIRC
TEST_1203,45,BRCA,BRCA,0.21052632,False,,BRCA
TEST_1204,15,KIPAN,DLBC,0.4,False,,KIPAN
TEST_1205,10,LGG,GBMLGG,1.0,True,GBMLGG,LGG
TEST_1206,78,COAD,UCEC,0.16666667,False,,STES
TEST_1207,20,GBMLGG,GBMLGG,0.27272728,False,,GBMLGG
TEST_1208,155,BLCA,UCEC,0.22058824,False,,BLCA
TEST_1209,882,STES,PAAD,0.5368421,False,,STES
TEST_1210,17,OV,LGG,0.3,False,,PAAD
TEST_1211,38,SKCM,THCA,0.22222222,False,,SKCM
TEST_1212,25,BRCA,TGCT,0.15789473,False,,BRCA
TEST_1213,5,BRCA,BRCA,0.6666667,False,,BRCA
TEST_1214,59,STES,LUSC,0.18181819,False,,STES
TEST_1215,15,GBMLGG,GBMLGG,0.5,False,,GBMLGG
TEST_1216,200,LUAD,LUSC,0.27450982,False,,LUAD
TEST_1217,473,COAD,SKCM,0.37362638,False,,COAD
TEST_1218,63,COAD,SARC,0.22222222,False,,COAD
TEST_1219,22,BRCA,LIHC,0.5,False,,BRCA
TEST_1220,137,LUAD,LUAD,0.22580644,False,,LUAD
TEST_1221,68,LUAD,LUAD,0.16216215,False,,LUAD
TEST_1222,2784,UCEC,PAAD,0.90909094,False,,UCEC
TEST_1223,51,STES,COAD,0.2,False,,STES
TEST_1224,78,STES,BLCA,0.19512194,False,,STES
TEST_1225,22,TGCT,KIPAN,0.2857143,False,,TGCT
TEST_1226,6,PRAD,PRAD,0.5,False,,PRAD
TEST_1227,17,TGCT,KIPAN,0.18181819,False,,TGCT
TEST_1228,6,BRCA,BRCA,1.0,False,,BRCA
TEST_1229,19,OV,KIPAN,0.33333334,False,,OV
TEST_1230,8,GBMLGG,PRAD,0.6666667,False,,GBMLGG
TEST_1231,59,STES,LUAD,0.20588236,False,,LUSC
TEST_1232,14,KIPAN,KIRC,1.0,True,KIRC,KIPAN
TEST_1233,49,BLCA,BLCA,0.20833333,False,,BLCA
TEST_1234,17,TGCT,OV,0.2857143,False,,TGCT
TEST_1235,7,LGG,LGG,1.0,False,,LGG
TEST_1236,32,LUAD,HNSC,0.25,False,,LUAD
TEST_1237,3,PCPG,KIPAN,0.0,False,,PCPG
TEST_1238,21,KIRC,KIPAN,1.0,True,KIPAN,KIRC
TEST_1239,4,BRCA,UCEC,0.5,False,,SARC
TEST_1240,86,COAD,STES,0.17777778,False,,COAD
TEST_1241,4,BRCA,BRCA,0.5,False,,PCPG
TEST_1242,5,BRCA,KIRC,0.5,False,,PRAD
TEST_1243,9,BRCA,BRCA,0.2,False,,PRAD
TEST_1244,17,TGCT,BRCA,0.18181819,False,,KIPAN
TEST_1245,70,COAD,BRCA,0.19354838,False,,LUAD
TEST_1246,6,PCPG,THYM,0.5,False,,PCPG
TEST_1247,72,LUAD,LUAD,0.2037037,False,,LUAD
TEST_1248,10,BRCA,PRAD,0.4,False,,SARC
TEST_1249,0,THYM,KIPAN,0.0,False,,THYM
TEST_1250,35,COAD,COAD,0.26666668,False,,COAD
TEST_1251,72,STES,BLCA,0.15189873,False,,STES
TEST_1252,12,KIPAN,KIRC,1.0,True,KIRC,KIPAN
TEST_1253,51,STES,STES,0.22857143,False,,STES
TEST_1254,60,STES,STES,0.21212122,False,,LUSC
TEST_1255,51,STES,LUSC,0.2,False,,STES
TEST_1256,20,KIPAN,CESC,0.25,False,,KIPAN
TEST_1257,7,KIRC,KIPAN,1.0,True,KIPAN,KIRC
TEST_1258,27,BRCA,STES,0.25,False,,BRCA
TEST_1259,43,KIPAN,HNSC,0.1875,False,,KIPAN
TEST_1260,42,HNSC,LUAD,0.25,False,,HNSC
TEST_1261,7,LGG,LGG,1.0,False,,LGG
TEST_1262,38,HNSC,OV,0.3,False,,HNSC
TEST_1263,1,THCA,THCA,1.0,True,THCA,THCA
TEST_1264,12,BRCA,BRCA,0.375,False,,BRCA
TEST_1265,21,UCEC,BRCA,0.2857143,False,,UCEC
TEST_1266,19,BRCA,BRCA,0.5,False,,OV
TEST_1267,2,LAML,KIPAN,0.0,False,,THYM
TEST_1268,24,HNSC,OV,0.25,False,,PAAD
TEST_1269,5,BRCA,BRCA,0.5,False,,BRCA
TEST_1270,41,STES,COAD,0.2,False,,STES
TEST_1271,38,COAD,STES,0.22222222,False,,COAD
TEST_1272,174,LUSC,SKCM,0.1919192,False,,LUSC
TEST_1273,5,BRCA,KIPAN,0.4,False,,SARC
TEST_1274,59,LUAD,STES,0.20689656,False,,LUSC
TEST_1275,36,STES,PAAD,0.25,False,,STES
TEST_1276,32,KIPAN,OV,0.33333334,False,,KIPAN
TEST_1277,80,COAD,LUAD,0.21052632,False,,LUSC
TEST_1278,11,KIPAN,KIRC,1.0,True,KIRC,KIPAN
TEST_1279,6,PRAD,PRAD,0.5,False,,PRAD
TEST_1280,40,LUSC,BRCA,0.20833333,False,,LUSC
TEST_1281,8,PCPG,PCPG,1.0,False,,PCPG
TEST_1282,14,GBMLGG,GBMLGG,0.42857143,False,,GBMLGG
TEST_1283,28,LUAD,KIPAN,0.2857143,False,,GBMLGG
TEST_1284,44,STES,COAD,0.21428572,False,,STES
TEST_1285,9,BRCA,KIPAN,0.0,False,,BRCA
TEST_1286,9,LGG,GBMLGG,1.0,True,GBMLGG,LGG
TEST_1287,1,THCA,THCA,1.0,False,,THCA
TEST_1288,62,LUSC,COAD,0.1875,False,,LUSC
TEST_1289,70,HNSC,STES,0.2,False,,HNSC
TEST_1290,8,BRCA,GBMLGG,0.25,False,,BRCA
TEST_1291,478,STES,UCEC,0.40298507,False,,UCEC
TEST_1292,346,STES,UCEC,0.32217574,False,,STES
TEST_1293,20,LGG,GBMLGG,1.0,True,GBMLGG,LGG
TEST_1294,3,BRCA,GBMLGG,1.0,False,,PRAD
TEST_1295,3,PRAD,THCA,1.0,False,,PRAD
TEST_1296,18,KIPAN,PRAD,0.25,False,,KIPAN
TEST_1297,53,STES,BRCA,0.1923077,False,,LUSC
TEST_1298,52,COAD,HNSC,0.2,False,,COAD
TEST_1299,51,STES,HNSC,0.23529412,False,,LUSC
TEST_1300,35,COAD,LUSC,0.2173913,False,,COAD
TEST_1301,11,KIPAN,KIRC,1.0,True,KIRC,KIPAN
TEST_1302,43,STES,SKCM,0.2,False,,LUSC
TEST_1303,41,LUSC,THCA,0.2,False,,LUSC
TEST_1304,60,STES,SKCM,0.2195122,False,,LUSC
TEST_1305,9,GBMLGG,LGG,1.0,True,LGG,GBMLGG
TEST_1306,1095,COAD,UCEC,0.6277372,False,,COAD
TEST_1307,50,STES,BRCA,0.1875,False,,STES
TEST_1308,49,LUSC,BRCA,0.23809524,False,,LUSC
TEST_1309,21,CESC,KIPAN,0.4,False,,CESC
TEST_1310,44,BRCA,SKCM,0.20454545,False,,BRCA
TEST_1311,9,BRCA,BRCA,1.0,False,,PRAD
TEST_1312,4,BRCA,BRCA,1.0,False,,BRCA
TEST_1313,47,STES,COAD,0.2631579,False,,STES
TEST_1314,22,LUAD,HNSC,0.22222222,False,,LUAD
TEST_1315,80,STES,LUSC,0.19607843,False,,STES
TEST_1316,54,STES,COAD,0.22580644,False,,STES
TEST_1317,42,STES,HNSC,0.16216215,False,,KIPAN
TEST_1318,12,BRCA,BRCA,0.5,False,,SARC
TEST_1319,39,LIHC,OV,0.22222222,False,,LIHC
TEST_1320,3,BRCA,BRCA,1.0,False,,BRCA
TEST_1321,16,CESC,LGG,0.2857143,False,,CESC
TEST_1322,23,OV,BRCA,0.33333334,False,,OV
TEST_1323,16,BRCA,BRCA,0.4,False,,BRCA
TEST_1324,66,STES,LUSC,0.1875,False,,STES
TEST_1325,213,STES,STES,0.25301206,False,,STES
TEST_1326,16,KIPAN,THCA,0.5,False,,SARC
TEST_1327,11,SARC,KIRC,0.2857143,False,,SARC
TEST_1328,130,SKCM,SKCM,0.21666667,False,,SKCM
TEST_1329,4,GBMLGG,LGG,1.0,True,LGG,GBMLGG
TEST_1330,4,BRCA,BRCA,1.0,False,,BRCA
TEST_1331,3,PRAD,KIPAN,0.0,False,,PRAD
TEST_1332,11,SARC,LIHC,0.5,False,,SARC
TEST_1333,40,LUSC,SARC,0.3,False,,LUSC
TEST_1334,9,OV,GBMLGG,0.5,False,,SARC
TEST_1335,14,OV,BLCA,0.4,False,,OV
TEST_1336,34,COAD,COAD,0.30769232,False,,COAD
TEST_1337,295,STES,UCEC,0.25570777,False,,STES
TEST_1338,5,BRCA,PRAD,0.4,False,,PRAD
TEST_1339,42,STES,OV,0.23809524,False,,STES
TEST_1340,7,GBMLGG,BRCA,0.5,False,,SARC
TEST_1341,414,COAD,UCEC,0.30660376,False,,COAD
TEST_1342,458,STES,PAAD,0.3754386,False,,STES
TEST_1343,66,HNSC,COAD,0.175,False,,HNSC
TEST_1344,21,KIPAN,KIRC,1.0,True,KIRC,KIPAN
TEST_1345,56,LIHC,COAD,0.18518518,False,,HNSC
TEST_1346,24,KIPAN,GBMLGG,0.33333334,False,,KIPAN
TEST_1347,4,PRAD,THCA,1.0,False,,PRAD
TEST_1348,3,LAML,KIPAN,0.0,False,,LAML
TEST_1349,13,KIPAN,PCPG,0.25,False,,KIPAN
TEST_1350,48,STES,KIPAN,0.2,False,,STES
TEST_1351,276,STES,CESC,0.24647887,False,,STES
TEST_1352,126,STES,BRCA,0.1891892,False,,STES
TEST_1353,43,LUSC,LIHC,0.2631579,False,,LUSC
TEST_1354,26,KIRC,KIPAN,1.0,True,KIPAN,KIRC
TEST_1355,33,LIHC,LIHC,0.18181819,False,,LUSC
TEST_1356,43,COAD,BLCA,0.21875,False,,COAD
TEST_1357,48,STES,BLCA,0.18518518,False,,STES
TEST_1358,4,BRCA,BRCA,0.5,False,,SARC
TEST_1359,29,KIPAN,HNSC,0.22222222,False,,KIPAN
TEST_1360,14,KIPAN,CESC,0.2857143,False,,KIRC
TEST_1361,12,BRCA,BRCA,1.0,False,,BRCA
TEST_1362,9,BRCA,PCPG,1.0,False,,BRCA
TEST_1363,258,STES,SKCM,0.2173913,False,,STES
TEST_1364,13,PRAD,GBMLGG,0.33333334,False,,PRAD
TEST_1365,5,GBMLGG,LGG,1.0,True,LGG,GBMLGG
TEST_1366,261,SKCM,SKCM,0.31176472,False,,SKCM
TEST_1367,24,BLCA,GBMLGG,0.26666668,False,,STES
TEST_1368,16,KIPAN,PCPG,0.25,False,,KIPAN
TEST_1369,18,KIRC,KIPAN,1.0,True,KIPAN,KIRC
TEST_1370,51,STES,STES,0.23076923,False,,STES
TEST_1371,8,GBMLGG,LGG,1.0,True,LGG,GBMLGG
TEST_1372,44,COAD,LUSC,0.18518518,False,,LUAD
TEST_1373,57,STES,STES,0.23076923,False,,STES
TEST_1374,521,COAD,PAAD,0.4160839,False,,COAD
TEST_1375,65,LUAD,LUSC,0.2,False,,LUAD
TEST_1376,30,BRCA,BRCA,0.3,False,,CESC
TEST_1377,6,BRCA,KIPAN,0.33333334,False,,PRAD
TEST_1378,12,TGCT,LAML,0.5,False,,TGCT
TEST_1379,61,STES,COAD,0.22222222,False,,BLCA
TEST_1380,15,KIPAN,KIRC,1.0,True,KIRC,KIPAN
TEST_1381,70,BRCA,LUSC,0.17857143,False,,LUAD
TEST_1382,65,BLCA,STES,0.15384616,False,,BLCA
TEST_1383,4,LGG,LGG,1.0,True,GBMLGG,LGG
TEST_1384,4,THCA,THCA,0.5,False,,THCA
TEST_1385,48,STES,STES,0.22222222,False,,STES
TEST_1386,34,LUAD,LUSC,0.22580644,False,,LUAD
TEST_1387,25,LUAD,PRAD,0.33333334,False,,CESC
TEST_1388,2,THCA,THCA,1.0,False,,THCA
TEST_1389,67,STES,LUSC,0.19444445,False,,LUSC
TEST_1390,2,LAML,KIPAN,0.0,False,,LAML
TEST_1391,4,THCA,THCA,1.0,False,,THCA
TEST_1392,109,SKCM,SKCM,0.19607843,False,,SKCM
TEST_1393,21,TGCT,TGCT,0.15789473,False,,KIPAN
TEST_1394,12,GBMLGG,LGG,1.0,True,LGG,GBMLGG
TEST_1395,9,GBMLGG,LGG,1.0,True,LGG,GBMLGG
TEST_1396,173,COAD,COAD,0.18644068,False,,COAD
TEST_1397,6,LGG,GBMLGG,1.0,True,GBMLGG,LGG
TEST_1398,91,LUSC,BLCA,0.17948718,False,,LUSC
TEST_1399,11,GBMLGG,LGG,0.6,False,,LGG
TEST_1400,17,KIPAN,KIPAN,0.2857143,False,,SARC
TEST_1401,55,UCEC,SKCM,0.17741935,False,,UCEC
TEST_1402,27,ACC,LIHC,0.25,False,,ACC
TEST_1403,33,STES,OV,0.3,False,,STES
TEST_1404,42,SKCM,SKCM,0.42857143,False,,SKCM
TEST_1405,198,LUAD,STES,0.22413793,False,,LUAD
TEST_1406,52,STES,OV,0.22727273,False,,STES
TEST_1407,24,BRCA,LIHC,0.2,False,,LIHC
TEST_1408,1,KIPAN,KIPAN,1.0,False,,KIRC
TEST_1409,980,STES,UCEC,0.64102566,False,,STES
TEST_1410,10,SARC,LUAD,0.4,False,,SARC
TEST_1411,7,LGG,GBMLGG,1.0,True,GBMLGG,LGG
TEST_1412,21,TGCT,HNSC,0.22222222,False,,TGCT
TEST_1413,13,KIRC,KIPAN,1.0,True,KIPAN,KIRC
TEST_1414,49,STES,HNSC,0.2,False,,STES
TEST_1415,58,STES,HNSC,0.18421052,False,,STES
TEST_1416,36,DLBC,GBMLGG,0.42857143,False,,DLBC
TEST_1417,50,STES,KIRC,0.16666667,False,,STES
TEST_1418,10,SARC,SARC,0.6666667,False,,SARC
TEST_1419,25,LIHC,LIHC,0.375,False,,LIHC
TEST_1420,44,STES,COAD,0.23076923,False,,STES
TEST_1421,7,LGG,LGG,0.6,False,,LGG
TEST_1422,76,STES,SKCM,0.16666667,False,,STES
TEST_1423,30,LUAD,STES,0.27272728,False,,LUAD
TEST_1424,23,GBMLGG,GBMLGG,0.25,False,,GBMLGG
TEST_1425,40,STES,LUAD,0.25,False,,STES
TEST_1426,1,KIPAN,KIPAN,1.0,False,,KIRC
TEST_1427,51,LIHC,DLBC,0.2173913,False,,LIHC
TEST_1428,11,KIRC,KIPAN,1.0,True,KIPAN,KIRC
TEST_1429,48,LUSC,COAD,0.18518518,False,,LUSC
TEST_1430,44,BLCA,PCPG,0.22222222,False,,BLCA
TEST_1431,69,STES,LUSC,0.2,False,,STES
TEST_1432,1256,UCEC,PAAD,0.6494845,False,,UCEC
TEST_1433,5,OV,OV,0.6666667,False,,OV
TEST_1434,59,LUAD,LUAD,0.21052632,False,,BLCA
TEST_1435,6,BRCA,KIPAN,0.33333334,False,,SARC
TEST_1436,3,BRCA,BRCA,1.0,False,,BRCA
TEST_1437,1,LAML,KIPAN,0.0,False,,LAML
TEST_1438,88,SKCM,STES,0.1724138,False,,SKCM
TEST_1439,45,STES,SKCM,0.23076923,False,,STES
TEST_1440,45,LUAD,STES,0.33333334,False,,LUAD
TEST_1441,1482,UCEC,PAAD,0.7113402,False,,UCEC
TEST_1442,25,STES,KIPAN,1.0,False,,STES
TEST_1443,15,BRCA,UCEC,0.4,False,,BRCA
TEST_1444,20,GBMLGG,CESC,0.27272728,False,,KIPAN
TEST_1445,43,STES,COAD,0.25,False,,STES
TEST_1446,70,BLCA,LUSC,0.14705883,False,,BLCA
TEST_1447,5,THCA,THCA,1.0,False,,THCA
TEST_1448,58,STES,HNSC,0.2,False,,STES
TEST_1449,48,STES,STES,0.26086956,False,,STES
TEST_1450,43,LUSC,TGCT,0.2,False,,LUSC
TEST_1451,48,STES,BRCA,0.1923077,False,,STES
TEST_1452,60,STES,BLCA,0.16666667,False,,STES
TEST_1453,54,COAD,COAD,0.20689656,False,,STES
TEST_1454,14,BRCA,UCEC,0.6666667,False,,BRCA
TEST_1455,38,KIPAN,KIRC,0.16666667,False,,KIPAN
TEST_1456,45,LIHC,COAD,0.2,False,,LIHC
TEST_1457,15,BRCA,BRCA,0.5,False,,BRCA
TEST_1458,57,STES,HNSC,0.22222222,False,,STES
TEST_1459,64,STES,LUSC,0.21212122,False,,STES
TEST_1460,10,GBMLGG,LGG,1.0,True,LGG,GBMLGG
TEST_1461,29,LUAD,PRAD,0.18181819,False,,LUAD
TEST_1462,143,SKCM,UCEC,0.19,False,,SKCM
TEST_1463,58,LUSC,COAD,0.16129032,False,,LUSC
TEST_1464,16,BRCA,BRCA,0.4,False,,OV
TEST_1465,3,PCPG,THCA,1.0,False,,PCPG
TEST_1466,12,BRCA,BRCA,0.33333334,False,,BRCA
TEST_1467,8,LGG,GBMLGG,1.0,True,GBMLGG,LGG
TEST_1468,17,KIPAN,BRCA,0.4,False,,KIRC
TEST_1469,14,UCEC,UCEC,0.375,False,,UCEC
TEST_1470,50,STES,BLCA,0.1875,False,,STES
TEST_1471,53,STES,COAD,0.18181819,False,,LUAD
TEST_1472,35,LIHC,PAAD,0.25,False,,LIHC
TEST_1473,60,STES,BRCA,0.18181819,False,,LUSC
TEST_1474,46,STES,SKCM,0.2631579,False,,STES
TEST_1475,3,THCA,THCA,1.0,False,,THCA
TEST_1476,9,BRCA,BRCA,0.5,False,,SARC
TEST_1477,51,LIHC,PAAD,0.22222222,False,,LUSC
TEST_1478,58,STES,STES,0.25925925,False,,HNSC
TEST_1479,3,GBMLGG,THCA,1.0,False,,GBMLGG
TEST_1480,34,SKCM,SKCM,0.21212122,False,,SKCM
TEST_1481,53,HNSC,LUSC,0.16216215,False,,BLCA
TEST_1482,55,STES,LUSC,0.17948718,False,,STES
TEST_1483,57,STES,KIPAN,0.2631579,False,,BLCA
TEST_1484,28,KIPAN,CESC,0.21428572,False,,CESC
TEST_1485,9,BRCA,BRCA,1.0,False,,BRCA
TEST_1486,15,OV,LIHC,0.5,False,,OV
TEST_1487,4,THCA,THCA,0.5,False,,THCA
TEST_1488,383,UCEC,UCEC,0.30039525,False,,UCEC
TEST_1489,53,STES,HNSC,0.18181819,False,,STES
TEST_1490,6,LGG,THCA,1.0,True,GBMLGG,LGG
TEST_1491,28,STES,DLBC,0.21428572,False,,STES
TEST_1492,11,PRAD,THCA,1.0,False,,PRAD
TEST_1493,44,STES,BRCA,0.17857143,False,,STES
TEST_1494,34,STES,STES,0.22222222,False,,LUAD
TEST_1495,53,LUAD,LUAD,0.19354838,False,,STES
TEST_1496,6,LAML,BRCA,0.5,False,,LAML
TEST_1497,24,STES,HNSC,0.33333334,False,,STES
TEST_1498,80,STES,COAD,0.1875,False,,STES
TEST_1499,10,LGG,GBMLGG,1.0,True,GBMLGG,LGG
TEST_1500,6,BRCA,PRAD,1.0,False,,PRAD
TEST_1501,93,BLCA,BRCA,0.22727273,False,,BLCA
TEST_1502,15,BRCA,THCA,0.25,False,,SARC
TEST_1503,24,LIHC,LAML,0.16666667,False,,LIHC
TEST_1504,4,GBMLGG,GBMLGG,1.0,True,LGG,GBMLGG
TEST_1505,57,STES,COAD,0.20833333,False,,LUSC
TEST_1506,29,COAD,SARC,0.375,False,,PAAD
TEST_1507,8,PCPG,KIRC,0.4,False,,PCPG
TEST_1508,64,STES,COAD,0.16129032,False,,STES
TEST_1509,12,LGG,GBMLGG,1.0,True,GBMLGG,LGG
TEST_1510,45,STES,BRCA,0.26086956,False,,STES
TEST_1511,46,STES,BLCA,0.16,False,,STES
TEST_1512,18,GBMLGG,BRCA,0.6666667,False,,GBMLGG
TEST_1513,42,STES,HNSC,0.22222222,False,,STES
TEST_1514,48,STES,HNSC,0.20833333,False,,LUSC
TEST_1515,38,KIPAN,PAAD,0.25,False,,KIPAN
TEST_1516,45,LUSC,GBMLGG,0.21428572,False,,LUSC
TEST_1517,6,BRCA,GBMLGG,1.0,False,,PRAD
TEST_1518,17,KIPAN,PRAD,0.22222222,False,,KIPAN
TEST_1519,731,STES,UCEC,0.4522059,False,,STES
TEST_1520,2,PRAD,KIPAN,0.0,False,,PRAD
TEST_1521,16,KIPAN,PRAD,0.5,False,,CESC
TEST_1522,41,STES,BRCA,0.26666668,False,,STES
TEST_1523,9,BRCA,BRCA,0.75,False,,BRCA
TEST_1524,25,BRCA,HNSC,0.42857143,False,,OV
TEST_1525,781,STES,SKCM,0.52517986,False,,STES
TEST_1526,19,KIPAN,STES,0.6666667,False,,KIPAN
TEST_1527,3,THCA,THCA,1.0,False,,THCA
TEST_1528,21,GBMLGG,GBMLGG,0.5,False,,GBMLGG
TEST_1529,73,LUSC,COAD,0.22580644,False,,LUSC
TEST_1530,17,KIPAN,KIPAN,0.25,False,,KIPAN
TEST_1531,31,BRCA,HNSC,0.2,False,,LUAD
TEST_1532,2,BRCA,KIPAN,0.0,False,,PRAD
TEST_1533,53,STES,BRCA,0.25,False,,STES
TEST_1534,20,BRCA,BRCA,0.4,False,,BRCA
TEST_1535,409,STES,UCEC,0.32958803,False,,STES
TEST_1536,4,THCA,LAML,0.5,False,,PRAD
TEST_1537,54,COAD,COAD,0.23809524,False,,COAD
TEST_1538,30,DLBC,LUAD,0.22222222,False,,DLBC
TEST_1539,18,KIRC,PCPG,0.5,False,,KIRC
TEST_1540,47,STES,STES,0.18181819,False,,STES
TEST_1541,215,STES,COAD,0.25925925,False,,STES
TEST_1542,0,THYM,KIPAN,0.0,False,,THYM
TEST_1543,502,UCEC,UCEC,0.4159292,False,,UCEC
TEST_1544,80,LUSC,SKCM,0.1744186,False,,LUSC
TEST_1545,20,KIPAN,KIRC,1.0,True,KIRC,KIPAN
TEST_1546,40,LIHC,BRCA,0.16666667,False,,LIHC
TEST_1547,39,STES,KIPAN,0.23529412,False,,STES
TEST_1548,67,STES,HNSC,0.15789473,False,,STES
TEST_1549,12,KIPAN,KIRC,1.0,True,KIRC,KIPAN
TEST_1550,52,CESC,LIHC,0.2,False,,CESC
TEST_1551,40,COAD,OV,0.20833333,False,,COAD
TEST_1552,21,GBMLGG,BRCA,0.22222222,False,,GBMLGG
TEST_1553,48,STES,COAD,0.22727273,False,,STES
TEST_1554,10,BRCA,CESC,0.5,False,,SARC
TEST_1555,2,BRCA,THYM,1.0,False,,THYM
TEST_1556,1744,UCEC,PAAD,0.80136985,False,,UCEC
TEST_1557,28,KIRC,KIPAN,1.0,True,KIPAN,KIRC
TEST_1558,5,THCA,THCA,1.0,False,,THCA
TEST_1559,484,UCEC,UCEC,0.34444445,False,,UCEC
TEST_1560,1,BRCA,BRCA,1.0,False,,PRAD
TEST_1561,5,PRAD,BRCA,0.5,False,,PRAD
TEST_1562,16,TGCT,COAD,0.2,False,,TGCT
TEST_1563,83,STES,LIHC,0.18421052,False,,STES
TEST_1564,68,LUAD,GBMLGG,0.1904762,False,,LUAD
TEST_1565,9,KIPAN,KIRC,1.0,True,KIRC,KIPAN
TEST_1566,5,THCA,THCA,1.0,False,,THCA
TEST_1567,2,PCPG,KIPAN,0.0,True,LGG,PCPG
TEST_1568,13,TGCT,BRCA,0.33333334,False,,TGCT
TEST_1569,50,SKCM,STES,0.22222222,False,,BLCA
TEST_1570,30,STES,BRCA,0.33333334,False,,STES
TEST_1571,2,LAML,KIPAN,0.0,False,,LAML
TEST_1572,6,LGG,GBMLGG,1.0,True,GBMLGG,LGG
TEST_1573,73,STES,KIPAN,0.17857143,False,,STES
TEST_1574,9,PRAD,KIPAN,0.0,False,,PRAD
TEST_1575,11,KIPAN,KIRC,1.0,True,KIRC,KIPAN
TEST_1576,952,ACC,PAAD,0.5451389,False,,ACC
TEST_1577,32,BRCA,CESC,0.2,False,,BRCA
TEST_1578,20,KIRC,KIPAN,1.0,True,KIPAN,KIRC
TEST_1579,8,PRAD,KIPAN,0.0,False,,PRAD
TEST_1580,12,KIPAN,KIRC,1.0,True,KIRC,KIPAN
TEST_1581,14,KIPAN,PRAD,0.33333334,False,,KIPAN
TEST_1582,39,KIPAN,KIPAN,0.1875,False,,KIPAN
TEST_1583,60,STES,COAD,0.17857143,False,,LUSC
TEST_1584,4,BRCA,BRCA,0.5,False,,BRCA
TEST_1585,3,PCPG,PCPG,0.5,False,,PRAD
TEST_1586,27,OV,SARC,0.27272728,False,,PAAD
TEST_1587,17,BRCA,UCEC,0.6666667,False,,BRCA
TEST_1588,10,KIPAN,OV,0.4,False,,SARC
TEST_1589,52,LIHC,BRCA,0.2857143,False,,LIHC
TEST_1590,128,LUAD,LUAD,0.26027396,False,,LUAD
TEST_1591,61,BRCA,BRCA,0.17391305,False,,STES
TEST_1592,7,LAML,KIPAN,0.0,False,,LAML
TEST_1593,47,COAD,BLCA,0.1875,False,,COAD
TEST_1594,20,ACC,KIPAN,0.22222222,False,,ACC
TEST_1595,8,BRCA,GBMLGG,0.5,False,,SARC
TEST_1596,39,STES,COAD,0.2631579,False,,STES
TEST_1597,94,BRCA,LUAD,0.19298245,False,,BRCA
TEST_1598,384,SKCM,SKCM,0.39338234,False,,SKCM
TEST_1599,12,UCEC,BRCA,0.36363637,False,,UCEC
TEST_1600,5,OV,BRCA,0.5,False,,OV
TEST_1601,43,COAD,COAD,0.21052632,False,,HNSC
TEST_1602,39,BRCA,HNSC,0.21428572,False,,BRCA
TEST_1603,38,STES,GBMLGG,0.16666667,False,,STES
TEST_1604,36,KIPAN,OV,0.1764706,False,,KIPAN
TEST_1605,38,STES,PAAD,0.21052632,False,,STES
TEST_1606,60,HNSC,COAD,0.21428572,False,,HNSC
TEST_1607,58,HNSC,LUSC,0.2,False,,HNSC
TEST_1608,27,STES,KIRC,0.26666668,False,,KIPAN
TEST_1609,8,PRAD,KIPAN,0.0,False,,PRAD
TEST_1610,19,KIPAN,STES,0.3,False,,KIPAN
TEST_1611,52,LUAD,STES,0.23809524,False,,LUAD
TEST_1612,58,STES,BLCA,0.175,False,,STES
TEST_1613,9,LGG,GBMLGG,1.0,True,GBMLGG,LGG
TEST_1614,5,BRCA,BRCA,0.6666667,False,,BRCA
TEST_1615,40,STES,STES,0.22222222,False,,LUSC
TEST_1616,13,SARC,PCPG,0.5,False,,SARC
TEST_1617,30,LUAD,SKCM,0.25,False,,LUAD
TEST_1618,14,UCEC,UCEC,0.42857143,False,,UCEC
TEST_1619,503,STES,UCEC,0.35826772,False,,STES
TEST_1620,48,HNSC,STES,0.18518518,False,,HNSC
TEST_1621,32,STES,COAD,0.23809524,False,,STES
TEST_1622,2,PCPG,KIPAN,0.0,False,,PRAD
TEST_1623,43,STES,HNSC,0.2631579,False,,LUSC
TEST_1624,1595,DLBC,PAAD,0.73103446,False,,DLBC
TEST_1625,9,KIPAN,KIRC,1.0,True,KIRC,KIPAN
TEST_1626,6,PCPG,ACC,0.33333334,False,,PCPG
TEST_1627,70,STES,LUSC,0.2,False,,STES
TEST_1628,5,OV,BRCA,1.0,False,,PRAD
TEST_1629,65,STES,STES,0.2,False,,LUSC
TEST_1630,3,KIRC,KIPAN,1.0,True,KIPAN,KIRC
TEST_1631,16,UCEC,UCEC,0.4,False,,UCEC
TEST_1632,19,GBMLGG,PRAD,0.33333334,False,,GBMLGG
TEST_1633,46,STES,GBMLGG,0.25,False,,LUSC
TEST_1634,2,BRCA,KIPAN,0.0,False,,PRAD
TEST_1635,11,OV,BRCA,1.0,False,,OV
TEST_1636,1015,ACC,SKCM,0.5595668,False,,ACC
TEST_1637,17,KIPAN,KIPAN,0.25,False,,KIPAN
TEST_1638,20,BRCA,OV,0.6666667,False,,OV
TEST_1639,2,THYM,KIPAN,0.5,False,,PRAD
TEST_1640,8,GBMLGG,LGG,1.0,True,LGG,GBMLGG
TEST_1641,12,BRCA,GBMLGG,0.42857143,False,,OV
TEST_1642,38,STES,COAD,0.27272728,False,,STES
TEST_1643,968,ACC,SKCM,0.5483871,False,,ACC
TEST_1644,53,HNSC,LUSC,0.22222222,False,,HNSC
TEST_1645,39,STES,OV,0.21428572,False,,STES
TEST_1646,8,KIRC,KIPAN,1.0,True,KIPAN,KIRC
TEST_1647,51,STES,COAD,0.20833333,False,,STES
TEST_1648,6,OV,HNSC,0.6666667,False,,PAAD
TEST_1649,143,DLBC,STES,0.17391305,False,,DLBC
TEST_1650,56,STES,COAD,0.22727273,False,,STES
TEST_1651,224,LUAD,STES,0.273743,False,,LUAD
TEST_1652,65,LUSC,COAD,0.21621622,False,,LUSC
TEST_1653,20,KIRC,KIPAN,1.0,True,KIPAN,KIRC
TEST_1654,74,STES,BRCA,0.1875,False,,STES
TEST_1655,42,LIHC,COAD,0.1764706,False,,KIPAN
TEST_1656,3,BRCA,KIPAN,0.0,False,,PRAD
TEST_1657,9,LGG,GBMLGG,1.0,True,GBMLGG,LGG
TEST_1658,7,TGCT,STES,0.33333334,False,,SARC
TEST_1659,31,COAD,OV,0.25,False,,COAD
TEST_1660,883,UCEC,UCEC,0.5622318,False,,UCEC
TEST_1661,31,BRCA,PAAD,0.33333334,False,,BRCA
TEST_1662,10,BRCA,SARC,0.5,False,,SARC
TEST_1663,14,GBMLGG,LIHC,0.4,False,,GBMLGG
TEST_1664,290,SKCM,SKCM,0.30827066,False,,SKCM
TEST_1665,17,KIRC,KIPAN,1.0,True,KIPAN,KIRC
TEST_1666,14,BRCA,UCEC,0.33333334,False,,BRCA
TEST_1667,30,LUAD,SARC,0.21428572,False,,LUAD
TEST_1668,69,CESC,HNSC,0.175,False,,BLCA
TEST_1669,555,COAD,PAAD,0.4125874,False,,COAD
TEST_1670,33,COAD,COAD,0.1904762,False,,COAD
TEST_1671,17,BRCA,KIPAN,0.0,False,,BRCA
TEST_1672,62,COAD,LUSC,0.2,False,,COAD
TEST_1673,58,STES,SARC,0.2857143,False,,STES
TEST_1674,46,STES,COAD,0.23529412,False,,LUSC
TEST_1675,9,LGG,GBMLGG,1.0,True,GBMLGG,LGG
TEST_1676,92,STES,STES,0.18292683,False,,STES
TEST_1677,11,BRCA,PRAD,1.0,False,,PRAD
TEST_1678,67,LUAD,LUAD,0.14893617,False,,LUAD
TEST_1679,23,KIPAN,KIPAN,0.0,False,,KIPAN
TEST_1680,28,BRCA,KIRC,0.1875,False,,BRCA
TEST_1681,13,KIRC,KIPAN,1.0,True,KIPAN,KIRC
TEST_1682,61,LIHC,UCEC,0.18181819,False,,LUSC
TEST_1683,37,STES,OV,0.22222222,False,,STES
TEST_1684,11,LGG,GBMLGG,1.0,True,GBMLGG,LGG
TEST_1685,30,CESC,BRCA,0.33333334,False,,CESC
TEST_1686,10,SARC,LGG,0.33333334,False,,SARC
TEST_1687,47,LUSC,HNSC,0.2,False,,LUSC
TEST_1688,60,COAD,BLCA,0.15384616,False,,UCEC
TEST_1689,64,STES,BLCA,0.1891892,False,,STES
TEST_1690,1,LAML,KIPAN,0.0,False,,THYM
TEST_1691,58,LIHC,COAD,0.18518518,False,,LUSC
TEST_1692,12,THCA,THCA,1.0,False,,THCA
TEST_1693,6,LGG,GBMLGG,1.0,True,GBMLGG,LGG
TEST_1694,30,KIPAN,COAD,0.23076923,False,,KIPAN
TEST_1695,10,BRCA,BRCA,0.42857143,False,,BRCA
TEST_1696,5,BRCA,TGCT,0.5,False,,PCPG
TEST_1697,9,PRAD,STES,1.0,False,,PRAD
TEST_1698,17,BRCA,STES,0.375,False,,OV
TEST_1699,17,BRCA,PRAD,0.22222222,False,,KIPAN
TEST_1700,10,LGG,GBMLGG,1.0,True,GBMLGG,LGG
TEST_1701,3,THCA,PRAD,1.0,False,,PRAD
TEST_1702,10,GBMLGG,LGG,1.0,True,LGG,GBMLGG
TEST_1703,78,STES,STES,0.20833333,False,,STES
TEST_1704,16,KIPAN,KIRC,1.0,True,KIRC,KIPAN
TEST_1705,74,STES,HNSC,0.20588236,False,,STES
TEST_1706,19,BRCA,PRAD,0.25,False,,BRCA
TEST_1707,25,STES,LIHC,0.2857143,False,,CESC
TEST_1708,12,PRAD,THCA,0.33333334,False,,PRAD
TEST_1709,4,BRCA,STES,0.5,False,,BRCA
TEST_1710,44,KIPAN,GBMLGG,0.21428572,False,,KIPAN
TEST_1711,27,HNSC,HNSC,0.36363637,False,,LUSC
TEST_1712,13,OV,KIPAN,0.4,False,,OV
TEST_1713,32,ACC,LUAD,0.27272728,False,,ACC
TEST_1714,53,STES,STES,0.16216215,False,,STES
TEST_1715,7,KIPAN,KIRC,1.0,True,KIRC,KIPAN
TEST_1716,44,STES,HNSC,0.2173913,False,,HNSC
TEST_1717,29,STES,STES,0.22222222,False,,STES
TEST_1718,42,STES,STES,0.22580644,False,,STES
TEST_1719,35,KIPAN,ACC,0.1764706,False,,KIPAN
TEST_1720,29,COAD,LUSC,0.2,False,,STES
TEST_1721,108,LUAD,STES,0.19444445,False,,LUAD
TEST_1722,30,ACC,KIPAN,0.21428572,False,,ACC
TEST_1723,31,STES,BLCA,0.25,False,,STES
TEST_1724,37,STES,ACC,0.21428572,False,,HNSC
TEST_1725,61,STES,OV,0.2777778,False,,STES
TEST_1726,30,BRCA,BRCA,0.23076923,False,,LUAD
TEST_1727,35,KIPAN,KIPAN,0.2,False,,KIPAN
TEST_1728,3,THCA,THCA,0.5,False,,THCA
TEST_1729,6,GBMLGG,LGG,1.0,True,LGG,GBMLGG
TEST_1730,69,LUSC,LUAD,0.21428572,False,,LUSC
TEST_1731,18,KIPAN,TGCT,0.33333334,False,,SARC
TEST_1732,18,OV,PAAD,0.3,False,,OV
TEST_1733,4,BRCA,BRCA,0.6666667,False,,BRCA
TEST_1734,28,UCEC,OV,0.27272728,False,,UCEC
TEST_1735,18,OV,OV,0.33333334,False,,OV
TEST_1736,4,PRAD,CESC,0.5,False,,PRAD
TEST_1737,43,STES,LUSC,0.22580644,False,,STES
TEST_1738,40,CESC,LUSC,0.23529412,False,,CESC
TEST_1739,42,COAD,COAD,0.21052632,False,,COAD
TEST_1740,11,BRCA,BRCA,0.5,False,,BRCA
TEST_1741,6,LAML,LAML,1.0,False,,LAML
TEST_1742,77,STES,LUSC,0.1724138,False,,STES
TEST_1743,168,STES,UCEC,0.19626169,False,,STES
TEST_1744,16,BRCA,BRCA,0.5,False,,OV
TEST_1745,9,BRCA,BRCA,0.4,False,,PRAD
TEST_1746,28,COAD,DLBC,0.22222222,False,,COAD
TEST_1747,8,GBMLGG,LGG,0.42857143,False,,SARC
TEST_1748,10,THCA,SKCM,0.4,False,,THCA
TEST_1749,23,LUAD,LUAD,0.23076923,False,,LUAD
TEST_1750,17,TGCT,GBMLGG,0.4,False,,TGCT
TEST_1751,546,COAD,SKCM,0.44604316,False,,COAD
TEST_1752,43,STES,COAD,0.1764706,False,,STES
TEST_1753,10,GBMLGG,LGG,1.0,True,LGG,GBMLGG
TEST_1754,8,LGG,GBMLGG,1.0,True,GBMLGG,LGG
TEST_1755,4,PRAD,BRCA,0.5,False,,PRAD
TEST_1756,2,PRAD,LAML,1.0,False,,PRAD
TEST_1757,18,GBMLGG,PAAD,0.3,False,,GBMLGG
TEST_1758,7,THCA,SKCM,0.6666667,False,,THCA
TEST_1759,17,TGCT,KIPAN,0.25,False,,KIPAN
TEST_1760,6,OV,OV,0.6666667,False,,OV
TEST_1761,1,KIPAN,KIPAN,1.0,True,TIE,KIPAN
TEST_1762,47,STES,BRCA,0.1724138,False,,LUSC
TEST_1763,8,OV,OV,0.6666667,False,,SARC
TEST_1764,51,LUAD,KIPAN,0.16129032,False,,LUAD
TEST_1765,16,UCEC,PRAD,0.33333334,False,,UCEC
TEST_1766,54,LUAD,KIPAN,0.1904762,False,,LUAD
TEST_1767,11,UCEC,PRAD,0.6666667,False,,UCEC
TEST_1768,12,BRCA,UCEC,0.5,False,,BRCA
TEST_1769,14,BRCA,UCEC,0.5,False,,SARC
TEST_1770,0,THYM,KIPAN,0.0,False,,THYM
TEST_1771,888,ACC,SKCM,0.49458483,False,,ACC
TEST_1772,32,STES,LUAD,0.23529412,False,,STES
TEST_1773,371,STES,UCEC,0.31178707,False,,STES
TEST_1774,23,COAD,GBMLGG,0.2,False,,LUAD
TEST_1775,12,OV,BRCA,0.6666667,False,,OV
TEST_1776,45,STES,LIHC,0.1875,False,,STES
TEST_1777,15,BRCA,KIPAN,0.2857143,False,,PAAD
TEST_1778,10,OV,LGG,0.33333334,False,,OV
TEST_1779,2,THCA,KIPAN,0.0,False,,PRAD
TEST_1780,18,TGCT,SARC,0.3,False,,SARC
TEST_1781,27,HNSC,HNSC,0.33333334,False,,HNSC
TEST_1782,66,LUAD,LUSC,0.21621622,False,,LUSC
TEST_1783,18,LIHC,UCEC,0.5,False,,LIHC
TEST_1784,4,THYM,KIPAN,0.0,False,,PRAD
TEST_1785,0,THYM,KIPAN,0.0,False,,THYM
TEST_1786,465,COAD,STES,0.33870968,False,,COAD
TEST_1787,74,LUSC,LUSC,0.1875,False,,LUSC
TEST_1788,20,ACC,BRCA,0.4,False,,ACC
TEST_1789,206,STES,UCEC,0.20325203,False,,COAD
TEST_1790,38,STES,SARC,0.33333334,False,,STES
TEST_1791,4,PRAD,PRAD,0.5,False,,PRAD
TEST_1792,74,LIHC,BLCA,0.19354838,False,,HNSC
TEST_1793,22,KIPAN,BRCA,0.33333334,False,,KIPAN
TEST_1794,77,SKCM,PAAD,0.23076923,False,,LUSC
TEST_1795,207,SKCM,SKCM,0.24539877,False,,SKCM
TEST_1796,32,KIPAN,LUAD,0.25,False,,KIPAN
TEST_1797,78,LUAD,GBMLGG,0.21052632,False,,LUAD
TEST_1798,124,BLCA,LUSC,0.2037037,False,,BLCA
TEST_1799,46,LUAD,KIPAN,0.1923077,False,,LUSC
TEST_1800,42,LIHC,KIRC,0.2,False,,LIHC
TEST_1801,6,BRCA,BRCA,1.0,False,,BRCA
TEST_1802,4,OV,OV,0.6666667,False,,OV
TEST_1803,42,DLBC,COAD,0.22222222,False,,DLBC
TEST_1804,1,LAML,KIPAN,0.0,False,,LAML
TEST_1805,5,BRCA,BRCA,0.6666667,False,,BRCA
TEST_1806,18,KIRC,KIPAN,1.0,True,KIPAN,KIRC
TEST_1807,5,THCA,KIPAN,0.0,False,,THCA
TEST_1808,2,PRAD,SKCM,1.0,False,,PRAD
TEST_1809,40,STES,COAD,0.23809524,False,,STES
TEST_1810,5,PRAD,BRCA,1.0,False,,PRAD
TEST_1811,68,LUAD,LUSC,0.2,False,,LUSC
TEST_1812,26,KIRC,KIPAN,1.0,True,KIPAN,KIRC
TEST_1813,7,BRCA,BRCA,1.0,False,,BRCA
TEST_1814,84,STES,COAD,0.1891892,False,,STES
TEST_1815,63,STES,BRCA,0.18181819,False,,STES
TEST_1816,20,KIPAN,BRCA,0.25,False,,KIPAN
TEST_1817,238,LUAD,COAD,0.297561,False,,LUAD
TEST_1818,41,STES,THYM,0.23529412,False,,LUSC
TEST_1819,50,LUAD,STES,0.1923077,False,,LUAD
TEST_1820,76,LUSC,STES,0.16666667,False,,LUSC
TEST_1821,8,LGG,GBMLGG,1.0,True,GBMLGG,LGG
TEST_1822,16,LUAD,HNSC,0.3,False,,LUAD
TEST_1823,621,STES,PAAD,0.4599303,False,,STES
TEST_1824,34,BRCA,COAD,0.375,False,,OV
TEST_1825,55,STES,KIRC,0.2173913,False,,STES
TEST_1826,37,STES,OV,0.27272728,False,,LUAD
TEST_1827,3,BRCA,KIPAN,0.0,False,,PRAD
TEST_1828,11,TGCT,GBMLGG,0.2857143,False,,SARC
TEST_1829,34,STES,STES,0.23076923,False,,STES
TEST_1830,1,THCA,KIPAN,0.0,False,,PRAD
TEST_1831,27,STES,UCEC,0.375,False,,GBMLGG
TEST_1832,0,THYM,KIPAN,0.0,False,,THYM
TEST_1833,1,KIPAN,KIPAN,1.0,True,TIE,KIPAN
TEST_1834,11,GBMLGG,BRCA,0.4,False,,GBMLGG
TEST_1835,56,KIPAN,COAD,0.2,False,,LUSC
TEST_1836,20,GBMLGG,BRCA,0.2857143,False,,GBMLGG
TEST_1837,941,ACC,PAAD,0.5416667,False,,ACC
TEST_1838,90,LUAD,HNSC,0.18421052,False,,LUAD
TEST_1839,39,STES,STES,0.22727273,False,,STES
TEST_1840,4,PCPG,THYM,0.33333334,False,,PCPG
TEST_1841,19,BRCA,OV,0.5,False,,OV
TEST_1842,47,STES,BRCA,0.23809524,False,,STES
TEST_1843,20,LIHC,UCEC,0.4,False,,LIHC
TEST_1844,46,CESC,STES,0.16666667,False,,CESC
TEST_1845,23,KIPAN,GBMLGG,0.21428572,False,,CESC
TEST_1846,18,KIPAN,PRAD,0.4,False,,CESC
TEST_1847,8,GBMLGG,PRAD,0.6666667,False,,GBMLGG
TEST_1848,25,KIPAN,KIPAN,0.33333334,False,,KIPAN
TEST_1849,18,GBMLGG,LGG,1.0,True,LGG,GBMLGG
TEST_1850,62,LUSC,LUAD,0.18421052,False,,LUSC
TEST_1851,1,LAML,KIPAN,0.0,True,LAML,LAML
TEST_1852,400,STES,UCEC,0.34836066,False,,STES
TEST_1853,6,THCA,THCA,1.0,False,,THCA
TEST_1854,47,STES,ACC,0.23809524,False,,STES
TEST_1855,37,LUAD,COAD,0.16666667,False,,LUAD
TEST_1856,4,THCA,THCA,0.5,False,,THCA
TEST_1857,44,LIHC,GBMLGG,0.22222222,False,,LIHC
TEST_1858,4,PRAD,BRCA,0.5,False,,PRAD
TEST_1859,21,KIPAN,OV,0.2857143,False,,KIPAN
TEST_1860,70,STES,STES,0.20833333,False,,STES
TEST_1861,52,STES,SKCM,0.2,False,,LIHC
TEST_1862,271,STES,COAD,0.2706767,False,,STES
TEST_1863,616,SKCM,COAD,0.4661017,False,,SKCM
TEST_1864,134,STES,BRCA,0.17857143,False,,BLCA
TEST_1865,3,PRAD,BRCA,0.5,False,,PRAD
TEST_1866,0,THYM,KIPAN,0.0,False,,THYM
TEST_1867,28,KIPAN,COAD,0.1875,False,,KIPAN
TEST_1868,14,OV,OV,0.4,False,,SARC
TEST_1869,1358,CESC,PAAD,0.70731705,False,,CESC
TEST_1870,50,STES,OV,0.2,False,,STES
TEST_1871,20,KIPAN,THCA,0.25,False,,KIPAN
TEST_1872,38,STES,STES,0.27272728,False,,STES
TEST_1873,175,LUAD,LUAD,0.2125,False,,LUAD
TEST_1874,21,KIPAN,SARC,0.22222222,False,,KIPAN
TEST_1875,6,GBMLGG,LGG,1.0,True,LGG,GBMLGG
TEST_1876,338,STES,STES,0.26881722,False,,STES
TEST_1877,14,OV,CESC,0.4,False,,OV
TEST_1878,35,STES,COAD,0.2631579,False,,STES
TEST_1879,1,KIPAN,KIPAN,1.0,True,KIPAN,KIRC
TEST_1880,16,OV,SARC,0.6666667,False,,OV
TEST_1881,13,PRAD,OV,0.33333334,False,,PRAD
TEST_1882,21,KIPAN,KIRC,1.0,True,KIRC,KIPAN
TEST_1883,11,PRAD,PRAD,1.0,False,,PRAD
TEST_1884,1,KIPAN,HNSC,1.0,True,KIRC,KIRC
TEST_1885,2,PRAD,PRAD,1.0,False,,PRAD
TEST_1886,36,LIHC,KIPAN,0.22222222,False,,STES
TEST_1887,326,STES,STES,0.29441625,False,,STES
TEST_1888,96,COAD,HNSC,0.16,False,,COAD
TEST_1889,61,LUSC,COAD,0.1923077,False,,LUSC
TEST_1890,48,STES,KIPAN,0.22727273,False,,STES
TEST_1891,11,KIPAN,GBMLGG,0.33333334,False,,SARC
TEST_1892,13,GBMLGG,LGG,1.0,True,LGG,GBMLGG
TEST_1893,72,CESC,UCEC,0.23529412,False,,CESC
TEST_1894,11,KIPAN,PRAD,0.33333334,False,,SARC
TEST_1895,9,BRCA,SKCM,0.4,False,,PRAD
TEST_1896,10,KIPAN,KIPAN,1.0,True,KIRC,KIPAN
TEST_1897,54,STES,STES,0.1923077,False,,HNSC
TEST_1898,23,OV,LUAD,0.3,False,,OV
TEST_1899,7,BRCA,OV,0.6666667,False,,SARC
TEST_1900,29,BLCA,SARC,0.33333334,False,,BLCA
TEST_1901,70,STES,STES,0.16666667,False,,STES
TEST_1902,7,OV,OV,0.6666667,False,,SARC
TEST_1903,558,COAD,SKCM,0.3691756,False,,COAD
TEST_1904,18,KIRC,KIPAN,1.0,True,KIPAN,KIRC
TEST_1905,5,PRAD,GBMLGG,1.0,False,,PRAD
TEST_1906,1590,UCEC,SKCM,0.7859649,False,,COAD
TEST_1907,15,KIPAN,KIRC,0.25,False,,KIPAN
TEST_1908,44,STES,BRCA,0.2857143,False,,LUSC
TEST_1909,7,GBMLGG,LGG,1.0,True,LGG,GBMLGG
TEST_1910,9,LGG,GBMLGG,1.0,True,GBMLGG,LGG
TEST_1911,7,BRCA,BRCA,0.6666667,False,,PRAD
TEST_1912,21,UCEC,UCEC,0.30769232,False,,UCEC
TEST_1913,14,GBMLGG,UCEC,0.5,False,,GBMLGG
TEST_1914,946,ACC,UCEC,0.5265151,False,,DLBC
TEST_1915,50,STES,STES,0.20833333,False,,STES
TEST_1916,80,LUAD,STES,0.16666667,False,,LUAD
TEST_1917,16,KIPAN,KIPAN,0.21428572,False,,KIPAN
TEST_1918,20,KIRC,KIPAN,1.0,True,KIPAN,KIRC
TEST_1919,5,KIPAN,KIRC,1.0,True,KIRC,KIPAN
TEST_1920,43,LUAD,OV,0.16666667,False,,LUSC
TEST_1921,41,LIHC,ACC,0.21052632,False,,LIHC
TEST_1922,1428,UCEC,PAAD,0.76124567,False,,UCEC
TEST_1923,100,LUAD,STES,0.17391305,False,,LUAD
TEST_1924,153,LUAD,HNSC,0.21052632,False,,LUAD
TEST_1925,103,UCEC,GBMLGG,0.15789473,False,,UCEC
TEST_1926,2,THCA,KIPAN,0.0,False,,PRAD
TEST_1927,37,HNSC,STES,0.23529412,False,,HNSC
TEST_1928,46,STES,COAD,0.1904762,False,,STES
TEST_1929,4,GBMLGG,LGG,1.0,True,LGG,GBMLGG
TEST_1930,13,TGCT,THCA,0.5,False,,TGCT
TEST_1931,11,GBMLGG,LGG,1.0,True,LGG,GBMLGG
TEST_1932,24,GBMLGG,SARC,0.25,False,,GBMLGG
TEST_1933,6,BRCA,THCA,0.5,False,,BRCA
TEST_1934,33,STES,DLBC,0.2631579,False,,LUSC
TEST_1935,50,LUAD,HNSC,0.2,False,,LUAD
TEST_1936,4,GBMLGG,LGG,1.0,True,LGG,GBMLGG
TEST_1937,33,KIPAN,TGCT,0.23076923,False,,KIPAN
TEST_1938,45,STES,BLCA,0.21428572,False,,STES
TEST_1939,34,STES,OV,0.18181819,False,,STES
TEST_1940,21,TGCT,PCPG,0.4,False,,TGCT
TEST_1941,12,BRCA,BRCA,0.5,False,,BRCA
TEST_1942,49,HNSC,COAD,0.20588236,False,,HNSC
TEST_1943,6,PRAD,STES,1.0,False,,PRAD
TEST_1944,17,LIHC,LUAD,0.1875,False,,LIHC
TEST_1945,73,STES,BLCA,0.15384616,False,,LUSC
TEST_1946,3,BRCA,BRCA,1.0,False,,BRCA
TEST_1947,47,SKCM,SKCM,0.20833333,False,,SKCM
TEST_1948,3,THCA,KIPAN,0.0,False,,THCA
TEST_1949,13,GBMLGG,KIRC,0.25,False,,GBMLGG
TEST_1950,33,BRCA,OV,0.25,False,,BRCA
TEST_1951,34,HNSC,KIPAN,0.2,False,,HNSC
TEST_1952,15,BRCA,STES,0.33333334,False,,SARC
TEST_1953,79,SKCM,LUSC,0.2195122,False,,SKCM
TEST_1954,51,STES,LUSC,0.20833333,False,,STES
TEST_1955,3,PRAD,KIPAN,0.5,False,,PRAD
TEST_1956,26,KIPAN,BRCA,0.18181819,False,,KIPAN
TEST_1957,68,STES,STES,0.1764706,False,,LUSC
TEST_1958,52,STES,COAD,0.23076923,False,,STES
TEST_1959,18,HNSC,LUSC,0.24,False,,HNSC
TEST_1960,14,KIPAN,PRAD,0.33333334,False,,KIPAN
TEST_1961,18,KIPAN,KIPAN,0.2,False,,KIPAN
TEST_1962,25,OV,BRCA,0.25,False,,OV
TEST_1963,38,KIPAN,LUSC,0.2857143,False,,KIPAN
TEST_1964,37,STES,OV,0.23529412,False,,STES
TEST_1965,0,THYM,KIPAN,0.0,False,,THYM
TEST_1966,143,UCEC,LUSC,0.1923077,False,,UCEC
TEST_1967,60,STES,UCEC,0.17073171,False,,LUAD
TEST_1968,88,BLCA,STES,0.16216215,False,,BLCA
TEST_1969,19,STES,HNSC,0.36363637,False,,LIHC
TEST_1970,9,SARC,PAAD,0.2857143,False,,SARC
TEST_1971,29,HNSC,BRCA,0.21428572,False,,HNSC
TEST_1972,29,STES,BRCA,0.21428572,False,,STES
TEST_1973,14,KIPAN,KIPAN,0.33333334,False,,KIPAN
TEST_1974,18,TGCT,CESC,0.2857143,False,,TGCT
TEST_1975,5,BRCA,BRCA,1.0,False,,BRCA
TEST_1976,4,PCPG,KIPAN,0.0,False,,PCPG
TEST_1977,7,BRCA,KIPAN,0.0,False,,PRAD
TEST_1978,5,LAML,BRCA,1.0,False,,LAML
TEST_1979,1,LAML,KIPAN,0.0,True,LAML,LAML
TEST_1980,41,HNSC,THYM,0.16666667,False,,CESC
TEST_1981,46,LUSC,STES,0.25,False,,LUSC
TEST_1982,31,SKCM,PRAD,0.22222222,False,,LUAD
TEST_1983,17,KIRC,KIPAN,1.0,True,KIPAN,KIRC
TEST_1984,35,HNSC,STES,0.22222222,False,,HNSC
TEST_1985,6,BRCA,BRCA,1.0,False,,BRCA
TEST_1986,24,BRCA,PRAD,0.2857143,False,,KIPAN
TEST_1987,667,UCEC,SKCM,0.5,False,,UCEC
TEST_1988,37,STES,COAD,0.21052632,False,,STES
TEST_1989,22,KIPAN,PRAD,0.22222222,False,,KIPAN
TEST_1990,7,PCPG,THYM,0.33333334,False,,PCPG
TEST_1991,45,STES,COAD,0.2,False,,LUAD
TEST_1992,11,KIPAN,KIPAN,0.33333334,False,,KIPAN
TEST_1993,4,BRCA,BRCA,0.5,False,,BRCA
TEST_1994,47,LUSC,BRCA,0.29411766,False,,LUSC
TEST_1995,55,STES,COAD,0.24,False,,LUSC
TEST_1996,38,STES,LUSC,0.2173913,False,,STES
TEST_1997,9,SKCM,THCA,0.6666667,False,,THCA
TEST_1998,32,LUAD,GBMLGG,0.25,False,,LUSC
TEST_1999,632,STES,SKCM,0.40647483,False,,STES
TEST_2000,51,STES,COAD,0.1923077,False,,STES
TEST_2001,30,LIHC,STES,0.30769232,False,,LIHC
TEST_2002,12,BRCA,LUAD,0.5,False,,SARC
TEST_2003,5,OV,OV,0.6666667,False,,SARC
TEST_2004,60,BRCA,LUSC,0.1627907,False,,BRCA
TEST_2005,6,BRCA,BRCA,0.5,False,,BRCA
TEST_2006,35,STES,COAD,0.22727273,False,,STES
TEST_2007,8,BRCA,PRAD,1.0,False,,SARC
TEST_2008,8,BRCA,UCEC,0.5,False,,BRCA
TEST_2009,8,BRCA,BRCA,0.6666667,False,,BRCA
TEST_2010,7,PRAD,PRAD,0.5,False,,PRAD
TEST_2011,50,STES,STES,0.18518518,False,,STES
TEST_2012,13,KIPAN,KIRC,1.0,True,KIRC,KIPAN
TEST_2013,29,ACC,LAML,0.33333334,False,,ACC
TEST_2014,19,KIRC,KIPAN,1.0,True,KIPAN,KIRC
TEST_2015,4,PRAD,KIPAN,0.5,False,,PRAD
TEST_2016,56,STES,UCEC,0.22222222,False,,UCEC
TEST_2017,3,PRAD,KIPAN,0.0,False,,PRAD
TEST_2018,54,STES,LUAD,0.22222222,False,,STES
TEST_2019,49,STES,COAD,0.2173913,False,,LUAD
TEST_2020,48,LUAD,LUSC,0.18604651,False,,LUAD
TEST_2021,22,BRCA,COAD,0.4,False,,HNSC
TEST_2022,10,KIPAN,KIRC,1.0,True,KIRC,KIPAN
TEST_2023,64,UCEC,SKCM,0.17391305,False,,UCEC
TEST_2024,8,KIPAN,HNSC,1.0,True,KIRC,KIPAN
TEST_2025,55,STES,HNSC,0.17142858,False,,LUSC
TEST_2026,103,BLCA,HNSC,0.14285715,False,,BLCA
TEST_2027,4,GBMLGG,LGG,1.0,True,LGG,GBMLGG
TEST_2028,47,SKCM,BRCA,0.22222222,False,,COAD
TEST_2029,11,KIRC,KIPAN,1.0,True,KIPAN,KIRC
TEST_2030,11,KIPAN,KIPAN,1.0,False,,KIPAN
TEST_2031,81,LUSC,PAAD,0.18181819,False,,LUSC
TEST_2032,11,BRCA,COAD,0.22222222,False,,SARC
TEST_2033,43,STES,KIPAN,0.2,False,,STES
TEST_2034,64,STES,STES,0.21428572,False,,STES
TEST_2035,7,BRCA,THYM,1.0,False,,PRAD
TEST_2036,54,LUAD,OV,0.20833333,False,,STES
TEST_2037,49,STES,STES,0.2,False,,STES
TEST_2038,72,STES,STES,0.16071428,False,,LUSC
TEST_2039,16,KIPAN,KIRC,1.0,True,KIRC,KIPAN
TEST_2040,545,COAD,UCEC,0.38602942,False,,STES
TEST_2041,15,KIPAN,THCA,0.25,False,,KIPAN
TEST_2042,39,CESC,KIPAN,0.2,False,,CESC
TEST_2043,39,LUSC,LIHC,0.21428572,False,,LUSC
TEST_2044,32,LUAD,ACC,0.25,False,,LUAD
TEST_2045,49,STES,BRCA,0.21052632,False,,STES
TEST_2046,0,THYM,KIPAN,0.0,False,,THYM
TEST_2047,10,OV,SARC,0.5,False,,PAAD
TEST_2048,233,SKCM,SKCM,0.27659574,False,,SKCM
TEST_2049,7,THCA,THCA,1.0,False,,THCA
TEST_2050,16,OV,BRCA,0.33333334,False,,OV
TEST_2051,35,STES,STES,0.21052632,False,,STES
TEST_2052,66,STES,GBMLGG,0.21052632,False,,STES
TEST_2053,52,STES,LUSC,0.20689656,False,,STES
TEST_2054,257,COAD,UCEC,0.24537037,False,,COAD
TEST_2055,7,THCA,THCA,1.0,False,,THCA
TEST_2056,1,KIPAN,KIPAN,1.0,True,KIPAN,KIRC
TEST_2057,41,LUAD,GBMLGG,0.17391305,False,,LUAD
TEST_2058,50,STES,LUSC,0.2,False,,LUSC
TEST_2059,0,THYM,KIPAN,0.0,False,,THYM
TEST_2060,55,HNSC,HNSC,0.21875,False,,HNSC
TEST_2061,54,STES,COAD,0.1875,False,,BLCA
TEST_2062,55,STES,KIPAN,0.1923077,False,,STES
TEST_2063,661,COAD,SKCM,0.44285715,False,,STES
TEST_2064,15,BRCA,STES,0.5,False,,KIRC
TEST_2065,19,KIPAN,PRAD,1.0,False,,KIPAN
TEST_2066,8,BRCA,THCA,1.0,False,,PRAD
TEST_2067,80,LUSC,LUSC,0.1904762,False,,LUSC
TEST_2068,42,STES,COAD,0.2173913,False,,STES
TEST_2069,4,LAML,LAML,1.0,False,,LAML
TEST_2070,36,COAD,LUSC,0.1764706,False,,COAD
TEST_2071,16,BRCA,TGCT,0.4,False,,SARC
TEST_2072,12,TGCT,ACC,0.25,False,,TGCT
TEST_2073,296,SKCM,STES,0.31753555,False,,SKCM
TEST_2074,4,THCA,THCA,0.6666667,False,,THCA
TEST_2075,78,STES,STES,0.17948718,False,,LUSC
TEST_2076,46,BLCA,SARC,0.2,False,,LUSC
TEST_2077,240,STES,STES,0.26373628,False,,STES
TEST_2078,377,STES,STES,0.32019705,False,,STES
TEST_2079,18,OV,BRCA,0.2857143,False,,OV
TEST_2080,7,BRCA,BRCA,0.4,False,,BRCA
TEST_2081,15,KIRC,KIPAN,1.0,True,KIPAN,KIRC
TEST_2082,2,PCPG,KIPAN,0.0,False,,PCPG
TEST_2083,5,PRAD,THYM,0.33333334,False,,SARC
TEST_2084,43,STES,STES,0.1764706,False,,STES
TEST_2085,48,LUAD,PAAD,0.1904762,False,,LUAD
TEST_2086,1,KIPAN,KIPAN,1.0,True,KIRC,KIPAN
TEST_2087,53,STES,PAAD,0.2,False,,STES
TEST_2088,44,STES,LUAD,0.2857143,False,,STES
TEST_2089,10,BRCA,GBMLGG,0.2857143,False,,SARC
TEST_2090,45,STES,KIPAN,0.2173913,False,,LUSC
TEST_2091,2,PRAD,KIPAN,0.0,False,,PRAD
TEST_2092,29,LIHC,LIHC,0.1764706,False,,LIHC
TEST_2093,31,KIPAN,KIRC,0.25,False,,KIPAN
TEST_2094,19,TGCT,PCPG,0.18181819,False,,KIPAN
TEST_2095,2,PRAD,KIPAN,0.0,False,,PRAD
TEST_2096,5,GBMLGG,LGG,1.0,True,LGG,GBMLGG
TEST_2097,93,STES,STES,0.1875,False,,STES
TEST_2098,19,BRCA,KIPAN,0.25,False,,BRCA
TEST_2099,25,KIPAN,THCA,0.33333334,False,,KIPAN
TEST_2100,82,LUAD,STES,0.16666667,False,,BLCA
TEST_2101,76,SKCM,STES,0.18421052,False,,LUAD
TEST_2102,54,STES,BRCA,0.26666668,False,,STES
TEST_2103,72,STES,LUSC,0.21276596,False,,STES
TEST_2104,58,LUAD,PAAD,0.22222222,False,,LUAD
TEST_2105,86,LUAD,SKCM,0.15957446,False,,LUAD
TEST_2106,20,GBMLGG,GBMLGG,0.3,False,,GBMLGG
TEST_2107,12,KIRC,KIPAN,1.0,True,KIPAN,KIRC
TEST_2108,25,COAD,COAD,0.26666668,False,,COAD
TEST_2109,53,BRCA,LUSC,0.21875,False,,BRCA
TEST_2110,78,STES,BRCA,0.16666667,False,,LUSC
TEST_2111,29,LIHC,KIPAN,0.2857143,False,,CESC
TEST_2112,6,BRCA,BRCA,0.5,False,,BRCA
TEST_2113,14,BRCA,PRAD,0.5,False,,SARC
TEST_2114,1,PRAD,KIPAN,1.0,False,,PRAD
TEST_2115,5,BRCA,STES,1.0,False,,PRAD
TEST_2116,14,BRCA,BRCA,1.0,False,,BRCA
TEST_2117,5,BRCA,BRCA,0.5,False,,SARC
TEST_2118,0,THYM,KIPAN,0.0,False,,THYM
TEST_2119,40,STES,LUSC,0.1923077,False,,STES
TEST_2120,12,KIRC,KIPAN,1.0,True,KIPAN,KIRC
TEST_2121,36,COAD,COAD,0.25,False,,COAD
TEST_2122,32,OV,HNSC,0.27272728,False,,OV
TEST_2123,35,COAD,OV,0.26666668,False,,COAD
TEST_2124,53,BLCA,STES,0.23529412,False,,BLCA
TEST_2125,95,BRCA,STES,0.16981132,False,,COAD
TEST_2126,8,BRCA,BRCA,0.6666667,False,,BRCA
TEST_2127,46,BRCA,UCEC,0.1627907,False,,BRCA
TEST_2128,37,OV,SARC,0.33333334,False,,OV
TEST_2129,7,PRAD,BRCA,1.0,False,,PRAD
TEST_2130,53,LUAD,COAD,0.23529412,False,,LUAD
TEST_2131,29,LUSC,LUSC,0.2173913,False,,LUSC
TEST_2132,0,THYM,KIPAN,0.0,False,,THYM
TEST_2133,49,COAD,COAD,0.1904762,False,,COAD
TEST_2134,10,KIRC,KIPAN,1.0,True,KIPAN,KIRC
TEST_2135,47,STES,KIPAN,0.22727273,False,,STES
TEST_2136,52,LUAD,LUAD,0.1875,False,,LUAD
TEST_2137,77,SKCM,OV,0.21428572,False,,SKCM
TEST_2138,921,ACC,SKCM,0.5071942,False,,ACC
TEST_2139,45,STES,UCEC,0.36363637,False,,LUSC
TEST_2140,664,COAD,SKCM,0.47311828,False,,COAD
TEST_2141,58,STES,STES,0.2,False,,BLCA
TEST_2142,74,BLCA,LUSC,0.21212122,False,,BLCA
TEST_2143,47,LIHC,LIHC,0.21052632,False,,LIHC
TEST_2144,16,HNSC,HNSC,0.375,False,,HNSC
TEST_2145,32,KIPAN,COAD,0.23076923,False,,COAD
TEST_2146,23,KIPAN,KIRC,1.0,True,KIRC,KIPAN
TEST_2147,17,GBMLGG,SARC,0.3,False,,GBMLGG
TEST_2148,62,BLCA,BLCA,0.22727273,False,,BLCA
TEST_2149,47,STES,OV,0.1904762,False,,STES
TEST_2150,1,LAML,KIPAN,0.0,True,LAML,LAML
TEST_2151,11,BRCA,PRAD,0.5,False,,SARC
TEST_2152,35,COAD,COAD,0.22222222,False,,COAD
TEST_2153,0,THYM,KIPAN,0.0,False,,THYM
TEST_2154,26,BRCA,BRCA,0.3,False,,BRCA
TEST_2155,38,ACC,TGCT,0.27272728,False,,ACC
TEST_2156,10,OV,UCEC,0.33333334,False,,OV
TEST_2157,13,OV,STES,0.2857143,False,,OV
TEST_2158,16,ACC,THYM,0.5,False,,ACC
TEST_2159,15,UCEC,UCEC,0.2857143,False,,UCEC
TEST_2160,53,STES,GBMLGG,0.2631579,False,,STES
TEST_2161,34,STES,HNSC,0.23529412,False,,STES
TEST_2162,49,STES,TGCT,0.2,False,,STES
TEST_2163,2,LGG,LGG,1.0,True,LGG,LGG
TEST_2164,8,BRCA,BRCA,1.0,False,,SARC
TEST_2165,3,GBMLGG,LGG,1.0,True,LGG,GBMLGG
TEST_2166,195,SKCM,SKCM,0.272,False,,SKCM
TEST_2167,8,GBMLGG,LGG,1.0,True,LGG,GBMLGG
TEST_2168,50,STES,BLCA,0.16666667,False,,STES
TEST_2169,42,STES,HNSC,0.21428572,False,,STES
TEST_2170,37,STES,LUSC,0.27272728,False,,STES
TEST_2171,10,SARC,BRCA,0.5,False,,SARC
TEST_2172,24,BRCA,COAD,0.23529412,False,,BRCA
TEST_2173,72,SKCM,SKCM,0.21875,False,,SKCM
TEST_2174,29,KIPAN,STES,0.1875,False,,KIPAN
TEST_2175,12,GBMLGG,UCEC,0.33333334,False,,GBMLGG
TEST_2176,13,LGG,GBMLGG,1.0,True,GBMLGG,LGG
TEST_2177,374,STES,STES,0.27826086,False,,STES
TEST_2178,16,GBMLGG,GBMLGG,0.375,False,,GBMLGG
TEST_2179,5,BRCA,BRCA,1.0,False,,PRAD
TEST_2180,37,LIHC,COAD,0.23809524,False,,LUAD
TEST_2181,39,LUAD,SKCM,0.23809524,False,,LUAD
TEST_2182,14,KIRC,KIPAN,1.0,True,KIPAN,KIRC
TEST_2183,10,BRCA,BRCA,1.0,False,,BRCA
TEST_2184,6,BRCA,KIPAN,0.5,False,,BRCA
TEST_2185,16,OV,BRCA,0.5,False,,SARC
TEST_2186,32,STES,STES,0.2,False,,STES
TEST_2187,37,STES,KIPAN,0.25,False,,STES
TEST_2188,15,KIRC,KIPAN,1.0,True,KIPAN,KIRC
TEST_2189,594,BRCA,UCEC,0.42066422,False,,BRCA
TEST_2190,10,SKCM,THCA,0.4,False,,SKCM
TEST_2191,30,STES,PCPG,0.22222222,False,,STES
TEST_2192,46,PRAD,KIPAN,0.18181819,False,,PRAD
TEST_2193,32,OV,OV,0.3,False,,OV
TEST_2194,41,STES,COAD,0.23529412,False,,STES
TEST_2195,509,STES,SKCM,0.4050179,False,,STES
TEST_2196,131,STES,LUAD,0.16666667,False,,STES
TEST_2197,36,HNSC,BRCA,0.26666668,False,,HNSC
TEST_2198,32,STES,SARC,0.3,False,,STES
TEST_2199,132,LUSC,SKCM,0.20338982,False,,LUSC
TEST_2200,50,LUSC,GBMLGG,0.2173913,False,,LUSC
TEST_2201,8,BRCA,THYM,0.5,False,,SARC
TEST_2202,434,STES,UCEC,0.3618677,False,,COAD
TEST_2203,54,STES,COAD,0.2,False,,STES
TEST_2204,15,OV,LUAD,0.375,False,,OV
TEST_2205,3,LAML,BRCA,1.0,False,,THYM
TEST_2206,34,LUAD,STES,0.21428572,False,,LUAD
TEST_2207,22,LUAD,BRCA,0.22222222,False,,LUAD
TEST_2208,51,STES,COAD,0.2173913,False,,STES
TEST_2209,35,STES,OV,0.25,False,,STES
TEST_2210,14,TGCT,THYM,1.0,False,,KIPAN
TEST_2211,20,OV,PAAD,0.3,False,,OV
TEST_2212,16,SARC,THYM,0.33333334,False,,SARC
TEST_2213,8,PCPG,THYM,0.33333334,False,,SARC
TEST_2214,107,UCEC,STES,0.21052632,False,,UCEC
TEST_2215,44,LUSC,SKCM,0.20689656,False,,LUSC
TEST_2216,35,STES,OV,0.27272728,False,,STES
TEST_2217,40,STES,OV,0.26666668,False,,COAD
TEST_2218,1,THYM,BRCA,1.0,False,,THYM
TEST_2219,66,LUAD,COAD,0.18518518,False,,LUAD
TEST_2220,21,BRCA,KIPAN,0.33333334,False,,BRCA
TEST_2221,4,LGG,LGG,1.0,True,GBMLGG,LGG
TEST_2222,15,BRCA,LAML,1.0,False,,SARC
TEST_2223,26,HNSC,UCEC,0.25,False,,HNSC
TEST_2224,20,TGCT,BRCA,0.2857143,False,,CESC
TEST_2225,18,GBMLGG,GBMLGG,0.36363637,False,,GBMLGG
TEST_2226,42,STES,PAAD,0.25,False,,STES
TEST_2227,361,STES,UCEC,0.354717,False,,STES
TEST_2228,39,BRCA,LGG,0.1904762,False,,HNSC
TEST_2229,519,UCEC,UCEC,0.3671875,False,,UCEC
TEST_2230,3,BRCA,BRCA,1.0,False,,BRCA
TEST_2231,51,STES,COAD,0.2,False,,STES
TEST_2232,53,STES,LUSC,0.1923077,False,,STES
TEST_2233,4,THCA,THCA,0.6666667,False,,THCA
TEST_2234,61,HNSC,HNSC,0.17391305,False,,HNSC
TEST_2235,77,LUSC,STES,0.23333333,False,,LUSC
TEST_2236,45,CESC,SKCM,0.23076923,False,,CESC
TEST_2237,63,COAD,LUAD,0.16,False,,COAD
TEST_2238,13,GBMLGG,BRCA,0.2857143,False,,GBMLGG
TEST_2239,7,OV,BRCA,0.5,False,,OV
TEST_2240,13,BRCA,OV,0.4,False,,BRCA
TEST_2241,21,GBMLGG,BRCA,0.22222222,False,,GBMLGG
TEST_2242,66,COAD,COAD,0.1923077,False,,COAD
TEST_2243,18,GBMLGG,PRAD,0.33333334,False,,GBMLGG
TEST_2244,70,STES,LUSC,0.1904762,False,,LUSC
TEST_2245,15,KIPAN,PRAD,0.4,False,,KIRC
TEST_2246,22,LIHC,LIHC,0.3,False,,LIHC
TEST_2247,28,KIPAN,SARC,0.22222222,False,,KIPAN
TEST_2248,11,BRCA,BRCA,0.5,False,,BRCA
TEST_2249,31,BRCA,PAAD,0.3,False,,BRCA
TEST_2250,51,STES,COAD,0.2,False,,STES
TEST_2251,7,PRAD,KIPAN,0.5,False,,PRAD
TEST_2252,46,STES,COAD,0.17073171,False,,STES
TEST_2253,50,COAD,COAD,0.2857143,False,,LUAD
TEST_2254,19,BRCA,BRCA,0.33333334,False,,KIPAN
TEST_2255,34,BRCA,LIHC,0.21428572,False,,CESC
TEST_2256,12,OV,PAAD,0.6666667,False,,OV
TEST_2257,24,HNSC,BRCA,0.3,False,,LUAD
TEST_2258,7,BRCA,OV,1.0,False,,SARC
TEST_2259,53,COAD,COAD,0.23809524,False,,COAD
TEST_2260,33,STES,KIPAN,0.25,False,,STES
TEST_2261,39,SKCM,KIPAN,0.4,False,,SKCM
TEST_2262,7,LGG,GBMLGG,1.0,True,GBMLGG,LGG
TEST_2263,9,THCA,THCA,0.5,False,,THCA
TEST_2264,72,HNSC,STES,0.1632653,False,,LUSC
TEST_2265,54,STES,LUAD,0.30769232,False,,STES
TEST_2266,407,STES,UCEC,0.31954888,False,,STES
TEST_2267,26,KIPAN,KIPAN,0.23076923,False,,KIPAN
TEST_2268,3,THCA,THCA,1.0,False,,THCA
TEST_2269,41,STES,COAD,0.21052632,False,,STES
TEST_2270,84,BRCA,BLCA,0.21212122,False,,BRCA
TEST_2271,7,BRCA,BRCA,0.6666667,False,,BRCA
TEST_2272,58,STES,UCEC,0.1884058,False,,BLCA
TEST_2273,19,UCEC,HNSC,0.33333334,False,,UCEC
TEST_2274,2,PRAD,THYM,1.0,False,,PRAD
TEST_2275,35,ACC,ACC,0.21428572,False,,ACC
TEST_2276,8,LGG,LGG,1.0,True,GBMLGG,LGG
TEST_2277,40,STES,COAD,0.2857143,False,,HNSC
TEST_2278,21,BRCA,STES,0.33333334,False,,KIPAN
TEST_2279,6,PRAD,KIPAN,0.5,False,,PRAD
TEST_2280,51,LIHC,LUSC,0.17142858,False,,LIHC
TEST_2281,2,THCA,KIPAN,0.0,False,,PRAD
TEST_2282,42,STES,UCEC,0.2,False,,HNSC
TEST_2283,50,COAD,COAD,0.1764706,False,,COAD
TEST_2284,17,KIPAN,KIPAN,0.5,False,,KIRC
TEST_2285,49,STES,STES,0.21052632,False,,STES
TEST_2286,41,HNSC,OV,0.2857143,False,,HNSC
TEST_2287,19,OV,SARC,0.6666667,False,,OV
TEST_2288,8,BRCA,SKCM,0.5,False,,BRCA
TEST_2289,942,ACC,SKCM,0.50889677,False,,ACC
TEST_2290,68,BLCA,COAD,0.2,False,,BLCA
TEST_2291,165,DLBC,CESC,0.18518518,False,,DLBC
TEST_2292,5,PRAD,KIPAN,0.5,False,,PRAD
TEST_2293,10,BRCA,BRCA,1.0,False,,SARC
TEST_2294,27,KIPAN,CESC,0.25,False,,KIPAN
TEST_2295,13,BRCA,OV,1.0,False,,OV
TEST_2296,22,COAD,COAD,0.3,False,,COAD
TEST_2297,47,DLBC,GBMLGG,0.1875,False,,DLBC
TEST_2298,75,BLCA,BLCA,0.2037037,False,,LUSC
TEST_2299,141,BLCA,UCEC,0.19298245,False,,BLCA
TEST_2300,128,LUAD,CESC,0.16666667,False,,LUAD
TEST_2301,80,STES,LUSC,0.20588236,False,,STES
TEST_2302,64,STES,CESC,0.17204301,False,,LUSC
TEST_2303,18,KIPAN,KIPAN,0.22222222,False,,KIPAN
TEST_2304,51,STES,KIPAN,0.18518518,False,,LUSC
TEST_2305,60,LUAD,LUSC,0.2413793,False,,LUAD
TEST_2306,119,UCEC,DLBC,0.14925373,False,,UCEC
TEST_2307,7,GBMLGG,LGG,1.0,True,LGG,GBMLGG
TEST_2308,18,GBMLGG,LGG,0.6,False,,GBMLGG
TEST_2309,55,STES,STES,0.23076923,False,,STES
TEST_2310,61,STES,CESC,0.21052632,False,,STES
TEST_2311,32,COAD,LUSC,0.23529412,False,,COAD
TEST_2312,37,SKCM,SKCM,0.20689656,False,,SKCM
TEST_2313,13,KIPAN,PCPG,0.33333334,False,,KIPAN
TEST_2314,14,KIPAN,KIRC,1.0,True,KIRC,KIPAN
TEST_2315,138,LUSC,LUSC,0.19148937,False,,LUSC
TEST_2316,60,STES,STES,0.17910448,False,,LUSC
TEST_2317,14,TGCT,OV,0.5,False,,PAAD
TEST_2318,27,STES,HNSC,0.23076923,False,,STES
TEST_2319,5,THCA,THCA,1.0,False,,THCA
TEST_2320,24,LIHC,LGG,0.33333334,False,,KIPAN
TEST_2321,43,STES,BRCA,0.2857143,False,,STES
TEST_2322,3,PCPG,KIPAN,0.0,False,,PCPG
TEST_2323,18,KIPAN,BLCA,0.26086956,False,,KIPAN
TEST_2324,12,KIRC,KIPAN,1.0,True,KIPAN,KIRC
TEST_2325,8,BRCA,PRAD,1.0,False,,BRCA
TEST_2326,14,GBMLGG,SARC,0.18181819,False,,CESC
TEST_2327,57,STES,HNSC,0.1875,False,,STES
TEST_2328,14,BRCA,THCA,1.0,False,,KIRC
TEST_2329,652,COAD,PAAD,0.5034722,False,,COAD
TEST_2330,490,STES,PAAD,0.4020979,False,,STES
TEST_2331,85,STES,STES,0.15789473,False,,STES
TEST_2332,62,STES,SKCM,0.20512821,False,,LUSC
TEST_2333,21,BRCA,BRCA,0.4,False,,BRCA
TEST_2334,5,PRAD,KIPAN,0.0,False,,PRAD
TEST_2335,7,BRCA,BRCA,0.5,False,,BRCA
TEST_2336,12,COAD,COAD,0.5,False,,COAD
TEST_2337,17,KIRC,KIPAN,1.0,True,KIPAN,KIRC
TEST_2338,36,LUSC,COAD,0.21052632,False,,LUSC
TEST_2339,65,STES,LUSC,0.19444445,False,,STES
TEST_2340,0,THYM,KIPAN,0.0,False,,THYM
TEST_2341,6,BRCA,BRCA,0.5,False,,BRCA
TEST_2342,39,STES,OV,0.26666668,False,,HNSC
TEST_2343,73,HNSC,KIPAN,0.20833333,False,,HNSC
TEST_2344,17,KIPAN,KIRC,1.0,True,KIRC,KIPAN
TEST_2345,40,LUSC,BRCA,0.21052632,False,,LUSC
TEST_2346,12,TGCT,BRCA,0.33333334,False,,SARC
TEST_2347,349,COAD,UCEC,0.3114754,False,,COAD
TEST_2348,59,SKCM,LUSC,0.24390244,False,,SKCM
TEST_2349,14,TGCT,TGCT,0.25,False,,TGCT
TEST_2350,64,STES,LUAD,0.1764706,False,,STES
TEST_2351,13,GBMLGG,LGG,1.0,True,LGG,GBMLGG
TEST_2352,41,STES,STES,0.22222222,False,,STES
TEST_2353,24,OV,OV,0.4,False,,OV
TEST_2354,62,LUSC,LUSC,0.2,False,,LUSC
TEST_2355,27,KIPAN,TGCT,0.21428572,False,,KIPAN
TEST_2356,7,KIPAN,KIRC,1.0,True,KIRC,KIPAN
TEST_2357,587,UCEC,PAAD,0.4275862,False,,UCEC
TEST_2358,15,GBMLGG,LUAD,0.25,False,,GBMLGG
TEST_2359,6,KIPAN,PRAD,0.5,False,,KIRC
TEST_2360,54,BLCA,PAAD,0.17391305,False,,BLCA
TEST_2361,766,STES,UCEC,0.54545456,False,,STES
TEST_2362,45,HNSC,HNSC,0.23529412,False,,LUSC
TEST_2363,4,PRAD,KIPAN,0.0,False,,PRAD
TEST_2364,55,LIHC,SKCM,0.1875,False,,LUSC
TEST_2365,45,COAD,STES,0.20833333,False,,COAD
TEST_2366,76,BLCA,BLCA,0.16129032,False,,BLCA
TEST_2367,34,BRCA,PCPG,0.21428572,False,,CESC
TEST_2368,34,STES,COAD,0.2,False,,HNSC
TEST_2369,37,LIHC,BRCA,0.30769232,False,,LIHC
TEST_2370,56,LUAD,PAAD,0.2,False,,LUAD
TEST_2371,62,COAD,COAD,0.18518518,False,,LUSC
TEST_2372,12,BRCA,SARC,0.33333334,False,,BRCA
TEST_2373,15,KIRC,KIPAN,1.0,True,KIPAN,KIRC
TEST_2374,8,OV,GBMLGG,0.4,False,,OV
TEST_2375,3,BRCA,BRCA,1.0,False,,BRCA
TEST_2376,57,COAD,COAD,0.17391305,False,,COAD
TEST_2377,31,STES,LUSC,0.1923077,False,,STES
TEST_2378,5,BRCA,THCA,0.5,False,,PRAD
TEST_2379,13,BRCA,BRCA,0.4,False,,BRCA
TEST_2380,44,LUSC,SARC,0.25,False,,LUSC
TEST_2381,10,BRCA,PCPG,0.5,False,,BRCA
TEST_2382,23,BRCA,THCA,0.4,False,,OV
TEST_2383,1,LAML,KIPAN,0.0,True,LAML,LAML
TEST_2384,47,STES,DLBC,0.13793103,False,,STES
TEST_2385,8,BRCA,BRCA,0.5,False,,SARC
TEST_2386,36,STES,STES,0.22222222,False,,STES
TEST_2387,36,STES,LUSC,0.2777778,False,,STES
TEST_2388,57,STES,COAD,0.20689656,False,,STES
TEST_2389,34,KIPAN,HNSC,0.2,False,,BLCA
TEST_2390,14,BRCA,STES,0.5,False,,SARC
TEST_2391,29,HNSC,UCEC,0.33333334,False,,HNSC
TEST_2392,21,BRCA,PRAD,0.33333334,False,,BRCA
TEST_2393,7,PRAD,PRAD,0.25,False,,PRAD
TEST_2394,3,PRAD,COAD,0.6666667,False,,PRAD
TEST_2395,6,BRCA,PCPG,0.5,False,,BRCA
TEST_2396,136,SKCM,STES,0.23076923,False,,SKCM
TEST_2397,328,STES,BRCA,0.25945947,False,,STES
TEST_2398,85,COAD,COAD,0.15686275,False,,COAD
TEST_2399,11,BRCA,THCA,0.4,False,,SARC
TEST_2400,43,STES,OV,0.25,False,,STES
TEST_2401,67,STES,STES,0.1627907,False,,LUAD
TEST_2402,5,BRCA,BRCA,0.6666667,False,,BRCA
TEST_2403,46,LUAD,GBMLGG,0.2,False,,LUAD
TEST_2404,7,LGG,GBMLGG,1.0,True,GBMLGG,LGG
TEST_2405,14,BRCA,GBMLGG,0.33333334,False,,SARC
TEST_2406,5,THCA,THCA,1.0,False,,THCA
TEST_2407,35,COAD,LUSC,0.2631579,False,,COAD
TEST_2408,57,STES,HNSC,0.22580644,False,,STES
TEST_2409,51,COAD,LUSC,0.20833333,False,,COAD
TEST_2410,8,PRAD,KIPAN,0.0,False,,PRAD
TEST_2411,16,KIPAN,KIRC,1.0,True,KIRC,KIPAN
TEST_2412,0,THYM,KIPAN,0.0,False,,THYM
TEST_2413,57,STES,BLCA,0.18518518,False,,LUAD
TEST_2414,13,BRCA,BRCA,0.5,False,,BRCA
TEST_2415,32,COAD,COAD,0.2,False,,COAD
TEST_2416,384,STES,STES,0.3257143,False,,STES
TEST_2417,59,STES,UCEC,0.19565217,False,,STES
TEST_2418,10,KIPAN,TGCT,0.33333334,False,,KIPAN
TEST_2419,48,STES,OV,0.23809524,False,,STES
TEST_2420,33,STES,COAD,0.26666668,False,,COAD
TEST_2421,52,STES,STES,0.2,False,,STES
TEST_2422,7,LGG,GBMLGG,1.0,True,GBMLGG,LGG
TEST_2423,14,OV,BRCA,0.5,False,,OV
TEST_2424,10,KIPAN,BRCA,0.5,False,,KIPAN
TEST_2425,42,COAD,OV,0.26666668,False,,COAD
TEST_2426,85,LUAD,STES,0.24,False,,LUAD
TEST_2427,254,ACC,DLBC,0.2037037,False,,ACC
TEST_2428,61,COAD,STES,0.19444445,False,,COAD
TEST_2429,17,OV,GBMLGG,0.33333334,False,,OV
TEST_2430,49,COAD,COAD,0.15789473,False,,STES
TEST_2431,6,KIPAN,KIPAN,0.0,True,KIRC,KIPAN
TEST_2432,31,LIHC,LUSC,0.20833333,False,,LUSC
TEST_2433,55,COAD,HNSC,0.17142858,False,,LUAD
TEST_2434,8,PCPG,LAML,1.0,False,,PCPG
TEST_2435,47,STES,HNSC,0.17948718,False,,STES
TEST_2436,44,LIHC,KIPAN,0.15789473,False,,LIHC
TEST_2437,41,LUSC,COAD,0.26666668,False,,LUSC
TEST_2438,35,LUAD,GBMLGG,0.25,False,,LUAD
TEST_2439,56,STES,BLCA,0.22222222,False,,STES
TEST_2440,57,LUSC,STES,0.1904762,False,,LUSC
TEST_2441,36,HNSC,BRCA,0.2857143,False,,HNSC
TEST_2442,4,THCA,THCA,1.0,False,,THCA
TEST_2443,8,LGG,GBMLGG,1.0,True,GBMLGG,LGG
TEST_2444,40,PAAD,THCA,0.2,False,,KIPAN
TEST_2445,54,STES,BRCA,0.17391305,False,,STES
TEST_2446,577,SKCM,SKCM,0.47685185,False,,SKCM
TEST_2447,1,STES,KIPAN,0.0,False,,LAML
TEST_2448,35,LUAD,KIPAN,0.1904762,False,,LUAD
TEST_2449,42,STES,BRCA,0.23076923,False,,STES
TEST_2450,35,ACC,ACC,0.2,False,,ACC
TEST_2451,39,LIHC,STES,0.21052632,False,,LUSC
TEST_2452,6,PRAD,BRCA,0.5,False,,PRAD
TEST_2453,23,BRCA,GBMLGG,0.5,False,,BRCA
TEST_2454,42,LIHC,HNSC,0.19354838,False,,LIHC
TEST_2455,28,HNSC,OV,0.36363637,False,,OV
TEST_2456,45,STES,SKCM,0.2631579,False,,STES
TEST_2457,6,BRCA,GBMLGG,0.33333334,False,,BRCA
TEST_2458,7,TGCT,COAD,1.0,False,,KIPAN
TEST_2459,10,KIPAN,KIRC,1.0,True,KIRC,KIPAN
TEST_2460,489,UCEC,STES,0.373057,False,,UCEC
TEST_2461,143,STES,CESC,0.18055555,False,,COAD
TEST_2462,39,LUSC,COAD,0.26666668,False,,LUSC
TEST_2463,14,TGCT,THYM,0.33333334,False,,TGCT
TEST_2464,8,PRAD,BRCA,0.33333334,False,,PRAD
TEST_2465,22,LIHC,PRAD,0.5,False,,LIHC
TEST_2466,959,COAD,UCEC,0.5424354,False,,UCEC
TEST_2467,75,LUSC,BRCA,0.23809524,False,,LUSC
TEST_2468,1913,UCEC,PAAD,0.81569964,False,,UCEC
TEST_2469,23,BRCA,KIPAN,0.4,False,,BRCA
TEST_2470,51,COAD,HNSC,0.1875,False,,COAD
TEST_2471,213,UCEC,STES,0.2195122,False,,UCEC
TEST_2472,11,BRCA,LGG,0.33333334,False,,BRCA
TEST_2473,66,STES,STES,0.1923077,False,,STES
TEST_2474,185,LUSC,STES,0.20792079,False,,LUSC
TEST_2475,73,STES,STES,0.14655173,False,,STES
TEST_2476,67,STES,OV,0.16666667,False,,STES
TEST_2477,27,STES,GBMLGG,0.25,False,,STES
TEST_2478,17,TGCT,KIPAN,0.22222222,False,,TGCT
TEST_2479,8,BRCA,BRCA,0.4,False,,KIRC
TEST_2480,64,STES,STES,0.21052632,False,,LUAD
TEST_2481,0,THYM,KIPAN,0.0,False,,THYM
TEST_2482,19,KIPAN,BRCA,0.25,False,,KIPAN
TEST_2483,3,THCA,THCA,1.0,False,,THCA
TEST_2484,43,LUAD,BRCA,0.21428572,False,,LUAD
TEST_2485,70,STES,STES,0.21212122,False,,STES
TEST_2486,40,STES,COAD,0.23809524,False,,LUSC
TEST_2487,9,SARC,PCPG,0.5,False,,SARC
TEST_2488,33,CESC,KIRC,0.22222222,False,,CESC
TEST_2489,32,OV,PAAD,0.23076923,False,,OV
TEST_2490,51,STES,LUAD,0.15789473,False,,CESC
TEST_2491,45,STES,KIPAN,0.1904762,False,,STES
TEST_2492,2,PRAD,BRCA,1.0,False,,PRAD
TEST_2493,63,LIHC,COAD,0.21052632,False,,LIHC
TEST_2494,8,BRCA,BRCA,0.5,False,,BRCA
TEST_2495,5,PRAD,HNSC,1.0,False,,PRAD
TEST_2496,33,LUAD,BRCA,0.25,False,,LUAD
TEST_2497,19,HNSC,OV,0.4,False,,HNSC
TEST_2498,10,BRCA,BRCA,0.5,False,,BRCA
TEST_2499,49,LUAD,HNSC,0.21052632,False,,HNSC
TEST_2500,73,STES,UCEC,0.2037037,False,,HNSC
TEST_2501,14,KIPAN,KIRC,1.0,True,KIRC,KIPAN
TEST_2502,19,KIPAN,GBMLGG,0.2857143,False,,KIPAN
TEST_2503,35,HNSC,BLCA,0.22727273,False,,HNSC
TEST_2504,7,PRAD,PRAD,1.0,False,,PRAD
TEST_2505,24,TGCT,CESC,0.13636364,False,,TGCT
TEST_2506,21,BRCA,UCEC,0.6666667,False,,BRCA
TEST_2507,9,LGG,GBMLGG,1.0,True,GBMLGG,LGG
TEST_2508,31,KIPAN,KIRC,1.0,True,KIRC,KIPAN
TEST_2509,13,OV,PAAD,0.4,False,,OV
TEST_2510,36,STES,HNSC,0.33333334,False,,LIHC
TEST_2511,15,GBMLGG,LGG,1.0,True,LGG,GBMLGG
TEST_2512,1,KIRC,KIPAN,0.0,True,KIPAN,KIRC
TEST_2513,5,THCA,THCA,0.33333334,False,,THCA
TEST_2514,31,HNSC,SKCM,0.23333333,False,,HNSC
TEST_2515,9,LGG,GBMLGG,1.0,True,GBMLGG,LGG
TEST_2516,33,STES,BLCA,0.25,False,,STES
TEST_2517,22,LIHC,TGCT,0.25,False,,LIHC
TEST_2518,9,OV,OV,0.5,False,,OV
TEST_2519,42,STES,COAD,0.18181819,False,,STES
TEST_2520,41,COAD,COAD,0.24242425,False,,COAD
TEST_2521,9,LGG,GBMLGG,1.0,True,GBMLGG,LGG
TEST_2522,97,BLCA,STES,0.17575757,False,,BLCA
TEST_2523,43,COAD,LUSC,0.19444445,False,,COAD
TEST_2524,45,STES,STES,0.22222222,False,,STES
TEST_2525,41,STES,OV,0.2173913,False,,STES
TEST_2526,82,STES,BLCA,0.1954023,False,,STES
TEST_2527,54,STES,COAD,0.22727273,False,,LUSC
TEST_2528,39,STES,OV,0.23809524,False,,STES
TEST_2529,92,BLCA,SKCM,0.17721519,False,,LUSC
TEST_2530,18,KIPAN,KIPAN,0.25,False,,KIPAN
TEST_2531,65,STES,HNSC,0.2,False,,STES
TEST_2532,9,PCPG,THYM,0.5,False,,PCPG
TEST_2533,2,PRAD,PRAD,1.0,False,,PRAD
TEST_2534,1310,BRCA,PAAD,0.67697597,False,,SARC
TEST_2535,15,OV,PCPG,0.33333334,False,,OV
TEST_2536,46,STES,COAD,0.2,False,,COAD
TEST_2537,156,STES,STES,0.18947369,False,,STES
TEST_2538,60,COAD,HNSC,0.20454545,False,,HNSC
TEST_2539,15,KIPAN,KIRC,1.0,True,KIRC,KIPAN
TEST_2540,32,STES,GBMLGG,0.21428572,False,,DLBC
TEST_2541,50,STES,OV,0.21428572,False,,STES
TEST_2542,16,HNSC,SARC,0.6,False,,HNSC
TEST_2543,1595,COAD,PAAD,0.7679181,False,,COAD
TEST_2544,5,LAML,GBMLGG,1.0,False,,LAML
TEST_2545,3,LGG,GBMLGG,1.0,True,GBMLGG,LGG
